brands,code,product_name
sidi ali,6.11104E+12,sidi ali
jaouda,6.11124E+12,perly
sidi ali,6.11104E+12,sidi ali
les eaux minerales doulmessidi ali,6.11104E+12,eau minerale naturelle
aquafina,6.11125E+12,kwfyn
jaouda,6.11127E+12,lait
cristaline,3.27408E+12,eau de source
milky food professional,6.11125E+12,fromage blanc nature
jaouda,6.11124E+12,uht jaouda 1l
jaouda,6.11124E+12,jben
danone,6.11113E+12,ain saiss
ain atlas,6.11104E+12,eau mineral naturelle
sidi ali,6.11104E+12,6.11104E+12
marmiteunilever,50184453,marmite yeast extract
centrale danone,6.11103E+12,lait frais
cocacola,5.449E+12,original taste
pepsi,6.11125E+12,kwfyn
lu,7.62221E+12,prince gout chocolat
lindtsprungli,3.04692E+12,lindt excellence 90
lindt excellence,3.04692E+12,intense dark
ferrero,3.01762E+12,nutella
coca cola,5.449E+12,orange juice
bimo,6.11103E+12,tonik
danone,6.11113E+12,ain saiss eau minerale naturelle
gerble,3.17568E+12,sesame
delicia,6.11116E+12,confiture de fraise
jaouda,6.11124E+12,yaourt nature
gullon,8.41038E+12,zero sin azucares fibra
lindt,3.04692E+12,excellence 85 cacao rich dark
star,6.11118E+12,mayonnaise recette originale
jasons,5.02513E+12,sourdough white ciabattin bread
alpro,5.41119E+12,gerostete mandel ohne zucker
jd gross,20995553,chocolat noir  85 cacao
cristaline,3.26884E+12,cristaline eau de source 05l
ferrero,3.01762E+12,nutella
jasons,5.02513E+12,the great white sourdough
jasons,5.02513E+12,sourdough grains  seeds
la hollandaise,6.1112E+12,cheddar
alestolidl,20724696,mandeln
star,6.11118E+12,star branded iodized salt
star,6.11118E+12,ketchup star 310 g
alesto,20267605,cashewkerne
henrys,3.3626E+12,henrys
danone,6.11103E+12,assil
salim,6.11103E+12,salim
cocacola,5.449E+12,cocacola
jaouda,6.11124E+12,cremy
the cocacola company,5.449E+12,ciel
danone,6.11113E+12,ain saiss 50cl
original,6.11125E+12,cream cheese
lurpak,5.7409E+12,spreadable slightly salted
green  blacks,7.62221E+12,organic 70 dark chocolate bar
jibal,6.11125E+12,jibal jben
excelo,6.11126E+12,king cookies
nestle,6.11102E+12,nescafe classic
danone,6.11103E+12,jamila ryby
ain lfrane,6.11125E+12,eau
aquafina,6.11125E+12,aquafina 50cl
solis,8.44529E+12,sauce tomate cuisinee
cocacola,5.449E+12,coke zero
henrys,3.3626E+12,sable coco henry s 42g
heinz,5.00016E+12,beanz in a rich tomato sauce
ain atlas,6.11104E+12,ain atlas 50cl
alpro,5.41119E+12,hafer milch
oatly,7.39438E+12,oat drink barista edition
dost,6.11125E+12,lait uht entier
la prairie,6.1112E+12,margarine la prairie 225g
wasa,7.3004E+12,tartine croustillante authentique
lindt,3.04692E+12,excellence noir intense 70 cacao
star,6.11118E+12,star vinaigre de table blanc
rigoni di asiago,8.05258E+12,nocciolata
bonne maman,3.60858E+12,pate a tartiner noisettes et cacao
tyrrells,5.06004E+12,lightly sea salted crisps
weetabix,5.01003E+12,weetabix
green and black,7.62221E+12,dark chocolate
volvic,3.05764E+12,eau minerale naturelle
joly,6.11116E+12,filets de maquereau
lindt,3.04692E+12,excellence noir puissant 85 cacao
primevere,3.15525E+12,tartine doux
sos,6.11125E+12,6.11252E+11
bjorg,3.22982E+12,fourres chocolat noir
el baraka,6.11118E+12,confiture de fraises 430 g
fin carre,20022464,noir intense 74 cacao
jardin bio lea nature,3.76002E+12,pur beurre de cacahuete
hawaicoca cola,5.449E+12,hawai tropical
jaouda,6.11124E+12,lait entier uht
kikkoman,8.71504E+12,sojasauce
yoplait,3.32977E+12,skyr nature 0
kallo,5.01367E+12,organic lightly salted wholegrain low fat rice cakes
star,6.11118E+12,mayonnaise
la boulangere,3.76005E+12,pain de mie grandes tranches seigle  graines 500g
rigoni di asiago,8.05258E+12,nocciolata bio
jasons,5.02513E+12,jasons sourdough 07 superb sprouted grains
wasa,7.3004E+12,fibres
krisprolls,7.31107E+12,krisprolls complets sans sucres ajoutes
jacquet,3.02933E+12,14 maxi tranches complet sans sucres ajoutes
henrys,3.3626E+12,henrys
delicia,6.11116E+12,confiture dabricot
barilla,8.07681E+12,pesto alla genovese
alpro,5.41119E+12,mandelmilch mit zucker
quaker,3.16893E+12,cruesly melange de noix
excelo,6.11126E+12,momo black
poulain,16256163,poulain
heinz,50457236,tomato ketchup
lu mondelez tuc mondelez,5.41004E+12,original
ferrero nutella,3.01762E+12,nutella
bimomondelez,6.11103E+12,merendino
nutellaferrero,8.0005E+12,biscuits croquants au coeur onctueux de nutellar
danone,6.11103E+12,danone assil banane
lilia,6.1111E+12,mrgryn lmyd
poulain,16256866,1848 chocolat en poudre
centrale danone jebli,6.11121E+12,jebli
el baraka,6.11118E+12,el baraka confiture dabricots 430 g
nestlenestle waterssan pellegrino,8.00227E+12,s pellegrino water
ferreronutella,59032823,nutella
nescafe,6.11102E+12,nescafe
primevere,3.15525E+12,primevere bio doux tartine  cuisson
excelo,6.11126E+12,eyoo cover
jaouda,6.11124E+12,raibi jaoda
danonela salvetat,3.06832E+12,la salvetat
tendre jouda,6.11124E+12,tendre nature
milbona lidl,4.05649E+12,natural yogurt
jaouda,6.11124E+12,yaourt grec muesli
ekibiole pain des fleurs,6175700,tartines craquantes au sarrasin imp
ryvita,5.01027E+12,dark rye crispbread
danone,6.11103E+12,danino
cocacola,5.449E+12,cocacola zero
andros,3.60858E+12,be nuts   pate a tartiner cacahuete
gerble,3.17568E+12,pomme   noisette
cocacola,54491472,coca cola 05
elle  vire savencia,3.45179E+12,le beurre tendre doux
weetabix,5.01003E+12,family pack
jaouda,6.11124E+12,lben carton pasteuriser
crownfield,20003166,aveia em flocos finos lidl
kallo,5.01367E+12,organic vegetable stock cubes
albane,6.11125E+12,le bon lait
alpro,5.41119E+12,oat
aperitivos company,6.11125E+12,trios
jaouda,6.11124E+12,le lait demi ecreme
jd grosslidl,20095291,dark chocolate 70
bjorg,3.22982E+12,flocons davoine
the tofoo co,5.03447E+12,tofoo naked
chergui,6.11113E+12,lait frais 15 jours
bahia,6.11104E+12,bahia eau de table
elle  vire,3.48034E+12,carre frais
margafrique,6.1112E+12,la prairie classique
nature valley,8.41008E+12,crunchy oats  honey
ferrero,4.0084E+12,nutella
kinderkinder bueno,80052760,2 bars milk and hazelnuts
jaouda,6.11124E+12,ghilal yaourt zr3
gerble,3.25149E+12,figue  son
gerble,3.17568E+12,levure de biere
bjorg,3.22982E+12,croustillant chocolat
cocacola,5.449E+12,zero sugar
la boulangerela boulangere bio,3.76005E+12,pain de mie bio
lidl rowan hill bakery lidl rowan hill bakery lidl tastino,20006105,wholegrain rye bread
lindtsprungli,3.04692E+12,bitter extra kraftig
hovis,5.01E+12,seed sensations
parmentier,3.01908E+12,sardines huile dolive vierge extra
cocacola,5.449E+12,cocacola
lesieur,6.11102E+12,huile de table equilibree riche en vitamines aed3
nestle,7.61304E+12,nestle dessert
be,6.11126E+12,petit beurre
mont roucous,3.25797E+12,eau minerale naturelle
pasquier,3.25654E+12,pains au lait x10
ferreronutella,8.0005E+12,nutella
milka,3.04514E+12,chocolat au lait
heinz,50457250,tomato ketchup
star,6.11118E+12,moutarde 1050 g
new york bakery co,5.02036E+12,bakery co 5 the original bagels
cocacola,42105220,coca cola
yeo valley organic,5.03659E+12,yeo valley organic kefir natural fermented yogurt
nestle ricore,3.03371E+12,ricore original
la boulangere,3.28423E+12,brioche tranchee bio 400g
jaouda,6.11124E+12,croissance reduit en sucre
mondelez international,7.6222E+12,philadelphia
jaouda,6.11124E+12,beurre frais pasteurise
les eaux minerales doulmes,6.11104E+12,eau minerale naturelle gazeuse
orangina schweppes francepulcoschweppes international limited,3.22535E+12,pulco citron
heinz,87157215,tomato ketchup
fairglobe,40896243,bio chocolat noir cacao 70
heinz,50457243,tomato ketchup
hellmanns,8.7227E+12,real mayonnaise
excelo,6.11126E+12,king cookies choco
bertolli,8.7192E+12,vegetable fat spread with 10 olive oil
barilla,8.07681E+12,pesto rosso
sunny via,3.08854E+12,sirop dagave
ellevire,3.48034E+12,carre frais  nature
hellmanns,8.71811E+12,mayonnaise
peripella,6.11125E+12,peripella
alpro,5.41119E+12,vanille au soja
ethiquable,3.76009E+12,beurre bio cacahuete
weetabix,5.01003E+12,weetabix produit a base de ble complet 100
vemondo,4.05649E+12,bio lait damande
fage,5.20105E+12,5 greek yogurt
harvest morn,4.0886E+12,36 wheat bisks
tesco,5.05797E+12,rye  mixed seed sourdough bread
cocacola company,90382383,cappy pulpy
la fournee doree,3.58722E+12,la gache tranchee
lindt,3.04692E+12,excellence noir subtil doux 70 cacao
bolbol,6.11125E+12,bol bol ketchup
ideal,6.11126E+12,tranches au gout cheddar
st hubert,3.36632E+12,st hubert bio  vegetal
pringles,5.05399E+12,sour cream  onion
star,6.11118E+12,assaisonnement aromatise au citron
bjorg,3.22982E+12,muesli raisin figue abricot
nestle,7.61304E+12,nesquik
nestle maggi,3.03371E+12,arome maggi
menguys,3.32727E+12,menguys peanut 100
maple joe,3.08854E+12,sirop derable ambre gout riche
la boulangere,3.76005E+12,tartines campagne 450g
ferrero,4.0084E+12,nutella
jaouda,6.11124E+12,muscly la force pour grandir
dark excellente,8.41051E+12,chocolat noir 92 cacao
maitre jean pierre lidl,4.05649E+12,pain de mie grandes tranches special sandwich complet
specially selected,4.0886E+12,seeded sourdough bread
lu mondelez international,7.62221E+12,granola loriginal
lotus,5.41013E+12,biscoff creamy
jaouda,6.11124E+12,pressup orange 1l
aicha,6.11102E+12,concentre de tomates aicha
olla,6.11125E+12,olla
lu lu,3.04109E+12,cracotte cereales completes
alestolidl,20815394,fruit  nut mix
jordans,5.01048E+12,special muesli 30 fruits  noix
rowse,5.01127E+12,runny honey imp
tesco finest,5.0597E+12,ecuador dark chocolate
arla,4.01624E+12,skyr  natural fat free  0 fat
kettle,5.01776E+12,chips
artesto,8.1987E+12,pate darachide
pringles,5.05399E+12,pringles sare
flora,8.7192E+12,flora buttery
barillawasa,7.3004E+12,wasa
nestle,7.61304E+12,ricore original
milbona pilos,20047559,greek style yogurt
henrys,3.3626E+12,henrys sable coco biscuit 85g
lu,3.04109E+12,cracotte
gerble,3.17568E+12,biscuit raisins
heinz,5.00016E+12,seriously good times mayonnaise
nestle,7.61329E+12,nesquik cocoa
bjorg,3.22982E+12,nutri avoine chocolat
pringles,5.05399E+12,pringles original
bn,3.06199E+12,biscuits gout chocolat
jasons,5.02513E+12,everyday white rolls
kallo,5.01367E+12,organic chicken stock cubes 8 pack
bonne maman,3.04532E+12,strawberry jam
mcvities,5.00017E+12,digestives
harrys,3.22886E+12,harrys brioche tressee nature au sucre perle sans additifs 500g
quaker,5.00011E+12,quaker rolled oats
maille,8.72018E+12,maille moutarde fine de dijon loriginale bocal 360g
jardin bio,6153153,tartines craquantes quinoa  pois chiche
nature valley,8.41008E+12,protein cacahuetes  chocolat
whole earth,5.01367E+12,crunchy peanut butter
jibal,6.11125E+12,jibal
alesto lidl lidl alesto,20202392,brazil nuts
le fromage fouette madame loik paysan breton,3.41229E+12,paysan breton  le fromage fouette madame loik  nature au sel de guerande
delicia,6.11116E+12,delicia double concentre de tomates
vip,6.11125E+12,vip crema gold
kallo,5.01367E+12,lightly salted low fat corn cakes
menguys,3.32727E+12,menguys beurre de cacahuetes creamy
sidi ali,6.11104E+12,eau minerale
harrys,3.22886E+12,100 mie complet 500g
lumondelez,7.6222E+12,figolu
warburtons,5.01004E+12,crumpets
cuetara krit,8.43417E+12,krit krititas galletas saladas
star,6.11118E+12,star mayonnaise
bjorg,3.22982E+12,bjorg amande almond sans sugres no sugar
gullon,8.41038E+12,digestive avena choco
gullon,8.41038E+12,chip choco zero sin azucares
delicia,6.11116E+12,delicia  confiture dabricot
primevere,3.15525E+12,tartine doux
proactiv,8.7192E+12,proactiv margarine tartine
alpro,5.41119E+12,delicieuse  tropical coco
jaouda,6.11124E+12,flan caram jao dan
st hubert st hubert omega 3,3.36632E+12,omega 3r doux
nature valleygeneral mills,8.41008E+12,crunchy avoine et miel
cocacola,90338243,cocacola original taste
biotiful gut health,5.06034E+12,kefir drink original
danone,6.11103E+12,yaourt nature
jasons,5.02513E+12,no 6 sourdough majestic malted
gerblegerble vitalitenutrition  sante,3.17568E+12,biscuit lait chocolat
alpro,5.41119E+12,natur mit kokosnuss
bjorg,3.22982E+12,muesli superfruits raisins cassiscranberry myrtille
storck,4.0144E+12,toffifee
the coconut collab,6.8057E+11,fermented coconut yoghurt alternative
kiri,6.11103E+12,kiri carre 8p
general millsnature valley,8.41008E+12,crunchy avoine  chocolat noir x 5 x 2 barres de 21 g
specially selected,4.0886E+12,dark rye sourdough
azura,3.50418E+12,tomates cerises allongees
gerble,3.17568E+12,cookie cacao pepites sans sucre
amora,8.72018E+12,amora moutarde forte bocal 430g
yeo valley,5.03659E+12,organic natural yoghurt
fage,5.20105E+12,fage total 0 yogurt
ramonas,5.06023E+12,ramonas heavenly houmous
perly,6.11127E+12,perly fromage
kelloggs,3.15947E+12,corn flakes
lotus,5.41013E+12,biscoff
tesco,5.0597E+12,dark milk chocolate
heudebert,3.39246E+12,biscottes 6 cereales
gerble,3.17568E+12,biscuit soja orange
mcvitiesunited biscuits,5.00017E+12,sables anglais loriginal
belvita,16811207,petit dejeuner miel et pepites de chocolat
sainsburys taste the difference,1318180,multiseed wholemeal farmhouse loaf
bjorg,3.22982E+12,ptit nature complet
evian,3.06832E+12,eau minerale naturelle
oatly,7.39438E+12,haferdrink barista
lindt,3.04692E+12,excellence a la pointe de fleur de sel noir
ferrero,3.01762E+12,pate a tartiner nutella noisettes et cacao  750g
barilla,8.0768E+12,spaghetti ndeg 5
lindt,3.04692E+12,excellence noir corse 78 cacao
oasisorangina schweppes france,3.12448E+12,pet 2l oasis tropical
pringles,5.05399E+12,kartofelnye chipsy so vkusom pariki
harrys,3.22886E+12,brioche moins de sucre
danette,6.11103E+12,danette chklat
poulain,3.66435E+12,pate a tartiner
tesco finest,5.05797E+12,white sourdough
danone,6.11103E+12,double zero cerise
heinz,8.7157E+12,tomato ketchup bio
lidlprimadona,4.05649E+12,huile dolive vierge extra
sprite,5.449E+12,sprite
efor,6.11125E+12,vinaigre de table blanc
fleury michon,3.30274E+12,les tranches vege  lentilles corail
la boulangere,3.76005E+12,pain de mie bio grandes tranches cereales  graines 500g
isabel,8.41011E+12,atun
quaker,3.16893E+12,flocons davoine complete
lu pelletier,3.01776E+12,pain grille au ble complet
st moret,3.27277E+12,st moret
alvalle,3.16893E+12,alvalle gazpacho loriginal
ideal,6.11118E+12,cacao
milbona,4.05649E+12,high protein chocolate flavour pudding
kelloggs pringles,5.05399E+12,pringles original
crosta  mollica,5.0602E+12,organic piadina 4 wholeblend flatbreads with extra virgin olive oil
kallo,5.01367E+12,lentil  pea veggie cakes  beetroot  balsamic
star moutarde de dijon,6.11118E+12,star moutarde
macao,6.11103E+12,chocolat monogram
bjorg,3.22982E+12,fourres chocolat au lait
pringles pringles original,5.05399E+12,pringles
jordans,5.01048E+12,country crisp 4 noix
bruggen,4.00871E+12,copos de avena
aicha,6.11102E+12,double concentre de tomates
maizena unilever,8.7121E+12,maizena fleur de mais sans gluten 400g
maitre jean pierre,4.05649E+12,petit pains grilles ble complet
aiguebelle,6.11102E+12,caobel
nestle nesquik,7.61304E+12,nesquik moins de sucres
cassegrain,3.08368E+12,ratatouille cuisinee a la provencale cassegrain 380g
brooklea,4.0886E+12,authentic greek yogurt
danone,6.11103E+12,dan up
delicia,6.11116E+12,delicia
meridian meridian foods,5.01421E+12,crunchy peanut butter
kerrygold,5.00017E+12,pure irish butter
stokes,5.06009E+12,real mayonnaise
tesco,5.0514E+12,chickpeas in water
dark excelente,8.41051E+12,chocolate negro
leroux,3.06714E+12,chicoree soluble nature
star,6.11118E+12,star moutarde 200 g
ice,6.11124E+12,ice
materne pompotes sans sucres ajoutes,3.02177E+12,pompotes compotes gourdes pomme nature 1x90g
nestle ricore,7.61303E+12,chicoree  cafe ricorer loriginal boite de 260g
lindt,3.04692E+12,lindt excellence 100 cocoa
joly,6.11116E+12,joly thon entier
cote dor mondelez,7.62221E+12,180g c or noir noisette
dorset cereals,5.01836E+12,simply nutty muesli
aicha,6.11102E+12,aicha tomato paste
hacendado,8.402E+12,muesli crunchy
nestle le chocolat,3.03371E+12,le choco
hp foods,5.00011E+12,hp sauce original imp
crosta  mollica,5.0602E+12,classic torinesi breadsticks
harrys,3.22886E+12,harrys pain de mie 100 mie nature sans croute 500g
la boulangere,3.76005E+12,pain de mie grandes tranches toastiligne complet
danone,6.11103E+12,danone zero sucre ajoute zero matiere grasse
danone,6.11103E+12,activia cereales
st hubert,3.36632E+12,omega 3 doux tartine  cuisson
warburtons,5.01004E+12,wholemeal medium sliced
merchant gourmet,5.0181E+12,puy lentils  french green lentils
nestle,7.61329E+12,bitesize shredded wheat
lidl maribel,20000653,doce extra morango
sodebo,3.24227E+12,salade  compagnie manhattan poulet roti
pure via,3.32976E+12,poudre stevia
ferrero,8.0005E+12,nutella
anchor,5.00025E+12,anchor spreadable
nakd,5.06009E+12,barres de fruits secs  noix myrtilles
coop,5.00013E+12,hand finished seeded sourdough bread
bimo,6.11103E+12,tagger
gerble,3.17568E+12,gouter 4s saveur pommes
tesco,5.00012E+12,wheat biscuits
bio  me,5.07E+12,super seedy  nutty granola
nakd,5.06009E+12,protein cocoa hazelnut bars
flora,8.7192E+12,vegan spread
lucien georgelin,3.33072E+12,pate a tartiner noisette du lot et garonne cacao
hacendado,8.48E+12,digestive avena
hellmanns,5.00018E+12,majoneesi
lu,7.62221E+12,the  biscuits
gerble,3.25149E+12,gouter pepites de chocolat
st michel,3.17853E+12,petites madeleines
hacendado,8.43655E+12,kefir natural sabor suave
heinz,5.00016E+12,cream of tomato soup imp
eau minerale,6.11113E+12,ain saiss
cfrcoeur de lionsavencia,3.17658E+12,coulommiers doux et cremeux
cristaline,3.25438E+12,cristaline eau de source petillante 15l
tyrrells,5.06004E+12,sea salt  cider vinegar chips
nescafe,6.11102E+12,nescafe classic
heinz,5.00016E+12,heinz seriously good mayonnaise
bjorg,3.22982E+12,muesli avoine chocolat bio
sidi ali,9.11145E+12,eau minerale
nestle nestle waters vittel,7.61304E+12,eau minerale
heinz,87157277,tomato ketchup 910g
gullon,8.41038E+12,sandwich zero sin azucares anadidos
kinder,80761761,bueno white
finn crisp lantmannen cerealia as,6.4105E+12,finn crisp
lu,7.62221E+12,principe crema de chocolate
yeo valley,5.03659E+12,greek style yoghurt
co op,10001295,meat feast pizza
old el paso,8.41008E+12,6 wraps ble complet
alpro,5.41119E+12,fermentiertes sojaprodukt ungesusst
nestle nesquik,3.03371E+12,nesquik cacao
caprice des dieux,3.16171E+12,caprice des dieux
savencia st moret,3.27277E+12,le gout primeur format familial
pringles,5.05399E+12,sour cream  onion
lu mondelez napolitain,7.6222E+12,napolitain
solevita,4.05649E+12,shot de gingembre bio
tesco,5.00044E+12,malt wheats
proper,5.06028E+12,properchips sea salt lentil chips
aicha,6.11102E+12,double concentre de tomate
lactalis president,3.22802E+12,president camembert 250g
alpen,5.01003E+12,muesli
rigoni di asiago bio,8.05258E+12,nocciolata  pate a tartiner au cacao et noisettes
weetabix,5.01003E+12,crispy minis imp
lio,6.1111E+12,lio huile de table
brioche pasquier,3.18218E+12,grilletine au froment sans sucres ajoutes
nestlenesquik,8.44529E+12,nesquik
warburtons,5.01004E+12,seeded batch
tesco,5.00044E+12,semiskimmed 18 fat milk
andros,3.60858E+12,be nuts pate a tartiner cacahuete
gerble,3.17568E+12,biscuits pavot citron
pringles,5.05399E+12,pringles original
clover,5.0003E+12,63 fat spread with buttermilk
ryvita,5.01027E+12,the original crunchy rye breads
biotiful,5.06034E+12,kefir
nakd,5.06009E+12,blueberry muffin myrtilles
fage,5.20105E+12,5 greek yoghurt
lurpak,5.7409E+12,lurpak lighter
harrys,3.22886E+12,pain de mie american sandwich complet sans sucres ajoutes 600g
bimo,6.11103E+12,merendina big
hacendado,8.48E+12,100 cacahuetes
cocacola,5.449E+12,cocacola slim 25cl
bonne maman,3.04532E+12,raspberry conserve
nestle chocapic,7.61304E+12,chocapic bio cereales 375g
bonne maman,3.60858E+12,pate a tartiner noisettes et cacao
danone,6.11103E+12,veloute fraise
hovis,5.01E+12,tasty wholemeal medium
alsa,6.11101E+12,levure chimique en poudre
fleury michon,3.30274E+12,les tranches vege pois chiches
lu,7.62221E+12,belvita original petitdejeuner miel et pepites de chocolat
kingsmill,5.01009E+12,5050 medium bread
bramwells,4.0886E+12,baked beans in a rich tomato sauce
cauldron,5.01368E+12,middle eastern plantbased falafels
nairn039s,6.12322E+11,super seeded oatcakes
crosta  mollica,5.0602E+12,piadina
nestle chocapic,7.61303E+12,cereales chocapic
lumondelez international,7.62221E+12,veritable petit ecolier chocolat au lait
brioche pasquier pasquier,3.18218E+12,grilletines ble complet
lizis,5.06004E+12,low sugar nuts  seeds granola imp
lumondelez,7.62221E+12,belvita petit dejeuner chocolat
badoit,3.06832E+12,badoit 1 l pet
primevere,3.15525E+12,primevere tartine  cuisson
barilla,8.07681E+12,pesto alla genovese
red bull,9.00249E+12,red bull
popper corn,5.06028E+12,proper corn sweet  salty
warburtons,5.01004E+12,wholemeal bread
kiri,6.11103E+12,kiri
jaouda,6.11124E+12,leben jaouda
hacendado,8.48E+12,guacamole
jd grosslidl,4.05649E+12,edelbitter mild 90
lu,3.01776E+12,veritable petit beurre pocket
harrys,3.22886E+12,harrys beau  bon pain de mie farine de ble cereales  graines 320g
whole earth,5.01367E+12,beurre de cacahuetes
cathedral city,5.0003E+12,mature cheddar
tesco,5.05291E+12,squeezy honey
dulcetto,6.11126E+12,pate a tartiner
vico,3.33697E+12,chips de lentilles saveur fines herbes
herta le bon paris,3.15423E+12,herta le bon paris jambon a letouffee sans nitrite x4140g
vitalite suitable for vegan,5.00037E+12,vitalite dairy free spread
flora,8.7192E+12,flora natural ingredients lighter
central,6.11103E+12,raibi jamila
jd gross,20713713,chocolat noir equateur bio
ferrero nutella,3.01762E+12,nutella pate a tartiner aux noisettes et au cacao
alhorra,6.11102E+12,huile dolive vierge de maroc
salim,6.11103E+12,lait naturel
jordans,5.01048E+12,country crisp  chocolat noir 70 cacao
gerble,3.25149E+12,biscuit complet au germe de ble
alpro,5.41119E+12,ohne zuckerzusatz mango
milka mondelez,7.62221E+12,milka galette choco
baresa,20004132,chopped tomatoes in tomato juice
sacla,8.00106E+12,pesto classic basil
nordpak,4.0886E+12,slightly salted spreadable butter
ryvita,5.05097E+12,multigrain crunchy rye breads
ledda,6.11104E+12,margarine patissiere
chergui,6.11113E+12,chergui lait
heinz,8.7157E+12,tomato ketchup
soignon,3.52323E+12,la buche saintemaure poitoucharentes
cereal bio,3.17568E+12,tartines craquantes sarrasin
kavanaghs,4.0886E+12,organic porridge oats
aichaextra,6.11102E+12,confiture de fraises aicha
lesieur,6.11102E+12,huile lesieur 3 graines
nakd,5.06009E+12,cocoa orange fruit  nut bars
pip  nut,5.06037E+12,crunchy peanut butter
jaouda,6.11124E+12,jutos
chergui,6.11113E+12,leben beldi
sainsburys,252751,white sourdough
barilla,8.07681E+12,basilico 400g eu
hacendado,8.48E+12,tomate frito
maribel,4.05649E+12,miel cremeux francais  responsable
alpro,5.41119E+12,alpro haferdrink ungesusst 1 l fresh
weetabix,5.01003E+12,weetabix
warburtons,5.01004E+12,crumpets
oued souss,6.1111E+12,huile dolive
cocacola,5.449E+12,coca cola pet 125l ct
lindt,3.04692E+12,excellence noir a la pointe de fleur de sel
barilla,8.07681E+12,pesto con rucola
nakd,5.06009E+12,nakd cacahuetes  140g 4x1p
alpro,5.41119E+12,barista hafer
oatly,7.39438E+12,organic oat drink
danone,6.11103E+12,veloute
lune de miel,3.08854E+12,tartimielr lune de mielr doseur 250 g
heinz heinz  coop,8.7157E+12,tomato ketchup
warburtons,5.01004E+12,toastie thick sliced soft white bread
jacobs,5.00014E+12,cream crackers
isabel,8.41011E+12,atun c  tomate isabel
alesto lidl,20005719,pistaches de californie
dr kargs,4.03363E+12,organic crisp bread
bel boursin,3.17546E+12,garlic  herbs soft french cheese
philadelphia,7.6222E+12,original philadelphia
gastro mixte,6.11126E+12,b
harrys,3.22886E+12,brioche tranchee recette classique
maille,8.71257E+12,dijon originale
jaouda,6.11124E+12,jutos cocktail
lu,7.62221E+12,veritable petit beurre
lustucrulustucru selection,3.24093E+12,gnocchi a poeler
nutella,80861263,pate a tartiner
cest qui le patron,3.24834E+12,lait uht 12 ecreme
alpro,5.41119E+12,soyamilch
skippy,37600106009,peanut butter creamy
general mills francenature valley,8.41008E+12,sweet  salty nut chocolat noir et melange de noix 5 barres de 30 g
whole earth,5.01367E+12,smooth peanut butter
tesco,5.01837E+12,italian original breadsticks
haagendazs,3.41558E+12,vanilla ice cream
poulain,3.66435E+12,grand arome 32 de cacao
sunny bio,3.08854E+12,sirop dagave
garden gourmet,7.61304E+12,la panee soja et ble
krisprolls,7.31107E+12,krisprolls complets sans sucres ajoutes
le fromage fouette madame loik paysan breton,3.41229E+12,paysan breton  le fromage fouette madame loik  nature au sel de guerande
hacendadoentrepinares,8.48E+12,suave
schneider brot,41005514,whole grain rye bread
weetabix,5.01003E+12,crispy minis choco cereales de ble complet enrichies en vitamines et en fer avec du chocolat
rigoni di asiago,8.05258E+12,nocciolata bianca
jaouda,6.11124E+12,ghani
specially selected,4.0886E+12,white sourdough loaf
danone,6.11103E+12,assiri panache
marrakech,6.11124E+12,frut
jaouda,6.11124E+12,leben
sabra,7.2901E+12,sabra houmous extra
kallo,5.01367E+12,organic beef stock cubes 8 pack
nestle nestle uk ltd,7.61303E+12,original shredded wheat
tesco,5.05291E+12,organic baked beans
hacendado,8.48E+12,trigo espelta 0 azucares anadidos
kallo,5.01367E+12,protein packed lentil cakes
heck,5.06032E+12,pork sausages
ain soltane,6.11125E+12,eau
quaker,3.16893E+12,cruesli chocolat noir
lu,3.01776E+12,granola lu
jordans,5.01048E+12,country crisp 4 baies
lays,3.16893E+12,cuites au four nature
fin carre,20005832,dark chocolate
flahavans,5.0998E+12,irish organic jumbo oats
crownfield  lidl,20471613,wholegrain wheat bixies
nairns,61232201948,cheese oatcakes
jaouda,6.11124E+12,lait sans lactose
fuze tea,5.449E+12,pet 125l fuze tea peche
pringles,5.05399E+12,sour cream  onionr
vadasz,5.01029E+12,raw kimchi
vip,6.11125E+12,classic
lu,7.62221E+12,belvita brut  5 cereales completes
kinderkinder delice,8.0005E+12,cacao
schar,8.0087E+12,maestro cereale avec du levain millet et quinoa
meridian,5.01421E+12,smooth peanut butter
el baraka,6.11118E+12,confiture de fraises
cocacola,5.00011E+12,pet 175l coca
president,3.15525E+12,beurre doux gastronomique
kinder,80177609,chocolate
tomato frito,6.11125E+12,sauce tomate bol bol
vmm,6.11118E+12,el baraka
jaouda,6.11124E+12,jaouda cremy yaourt  yougart with strawberries
excelo,6.11126E+12,biscotti
gerble,3.25149E+12,gouter aux raisins
barilla,8.07681E+12,barilla penne rigate fullkorn 500g
jd gross,20815882,arriba chocolat noir
kiri,3.07378E+12,kirikase
kikkoman,8.71504E+12,salsa de soja
granolalumondelez,7.6223E+12,granola loriginal gros eclats de chocolat
bjorg,3.22982E+12,avoine  boisson biologique
yoplait,3.32977E+12,skyr
mms,40111445,peanut
pringles,5.05399E+12,pringles sour cream
jaouda,6.11124E+12,linea
joly,6.11116E+12,miettes de maquereaux
kiri,6.11103E+12,kiri carre 36
lu,7.62221E+12,moelleux gout choconoisette
carapelli,8.00247E+12,huile dolive vierge extra bio classico
toblerone,7.6145E+12,toblerone
pip  nut,5.06037E+12,crunchy peanut butter
quaker quaker oats,5.00011E+12,oat so simple
coop,5.00013E+12,hand finished white sourdough
green  blacks,7.62221E+12,organic milk chocolate
reina,8.42076E+12,kefir
brioche pasquier,3.18218E+12,tartines de pain ble complet
maribel,20072803,miel de fleurs
kiri,3.07378E+12,kirir creme 12 portions
fage,5.20105E+12,fage
nestle chocapic,3.38739E+12,nestle chocapic cereales 375g
poulain,3.66435E+12,noir extra
crownfieldbio organiclidl,40897677,hafer flocken zart
deli kitchen,5.01212E+12,greek style flatbread
chergui,6.11113E+12,jnane nature sans sucre
reina,8.42489E+12,kefir
harrys,3.22886E+12,pain ams complet
heudebert,3.01776E+12,heudebert fibre 
bjorg,3.22982E+12,le cookie chocolat noisette
bimo,6.11103E+12,tonik
kelloggkelloggs,5.00013E+12,allbran original
allinsons,5.01007E+12,easy bake yeast
buckwud,5.01127E+12,organic classic canadian maple syrup
rewe beste wahl,6.11125E+12,frommage fondu
lune de miel,3.08855E+12,miel de fleurs liquide doseur 500g
pagen,7.31107E+12,krisprolls complets
primevere,3.15525E+12,tartine  cuisson 100 vegetal
la boulangere,3.76005E+12,tartines cereales 450g
oatly,7.39438E+12,oat drink whole
heinz,5.00016E+12,tomato ketchup
ekmek,6.11125E+12,pain de mie complet
henrys,3.3626E+12,spofy
jaouda,6.11124E+12,jutos
primadonna,4.05649E+12,huile dolive
st michel,3.02347E+12,galettes st michel au beurre 4x5  130g
krisprolls,7.31107E+12,krisprolls
brun mondelez,7.62221E+12,petit brun extra
hacendado,8.48E+12,avena crunchy
bn,3.06199E+12,bn  casse croute biscuits 375g
tesco,5.01837E+12,baked beans in tomato sauce
tesco,5.05775E+12,bran flakes malty crunch
nestle,6.22101E+12,cerelac
excelo,6.11126E+12,chocup
hepar 75cl,8.44529E+12,hepar
amora,8.7121E+12,amora ketchup flacon souple 550g
barilla,8.0768E+12,penne rigate ndeg73
hacendado,8.48E+12,tortillas de trigo integrales
confetteria raffaelloferrero,8.0005E+12,coco specialty
rocks,5.02376E+12,fruity black currants
gerble,3.25149E+12,gouter aux ecorces confites
cereal bio,3.17568E+12,galettes boulghour  epeautre
haugengruppen as kikkoman kikkoman  kikkoman kk,8.71504E+12,salsa di soia a tasso ridotto di sale
dorset cereals,5.01836E+12,simply delicious muesli
lurpak,5.7409E+12,lurpakr spreadable slightly salted
freshona,20475604,weisse bohnen an tomatensauce  haricots blancs a la sauce tomate
gerble,3.17568E+12,sable saveur coco
pago,9.00252E+12,pago ace  orange  carotte  citron
la boulangere,3.76005E+12,pain de mie grandes tranches toastiligne cereales  graines 500g
milka mondelez,3.04514E+12,milka tablette noisette
jd gross lidl,20177201,shokolad s 6 parchentsa malini
dorset cereals,5.01836E+12,simply fruity muesli
kelloggs,5.00013E+12,bran flakes
lu mondelez,7.62221E+12,biscuits petit dejeuner moelleux aux pepites de chocolat
cereal bio,3.17568E+12,les galettes boulgour  quinoa  tomate  paprika
nestle,7.61329E+12,fitness nature cereales completes
whole earth,5.01367E+12,beurre de cacahuetes crunchy
whole earth,5.01367E+12,crunchy organic peanut butter
ferrero,8.0005E+12,ferrero rocher
oatly,7.39438E+12,barista edition oat drink
lesieur cristal,6.11102E+12,huile de tournesol
excelo,6.11125E+12,capri choco
lindt,3.04692E+12,excellence noir delicat doux 85 cacao
hipro danone,3.03349E+12,hipro saveur vanille
jd gross lidl lidl jd gross,20177218,noir degustation 70 caramel
lipton,3.16893E+12,ice tea
bonne maman,3.17853E+12,la madeleine pur beurre
pasquier,3.18218E+12,biscottes sans sucres ajoutes ble complet
herta knacki,7.61304E+12,herta knacki veggie saucisses vegetales x6 210g
philadelphia,7.6223E+12,frischkase original philadelphia
hacendado,8.71045E+12,pan fibra y sesamo
bachman,8.71048E+12,trigo espelta crackers
lidl saguaro,20656935,petillante saveur citron
hovis,5.01E+12,soft white medium bread
jaouda,6.11124E+12,dessert gourmand choco
lesieurcristal,6.11102E+12,huile de table equilibree
aicha,6.11127E+12,eau de source naturelle la source
mondelezoreo,7.6223E+12,oreo original
bjorg,3.22982E+12,bjorg amande
kara,8.8863E+12,lait de coco
fleury  michon,3.30274E+12,blanc de poulet
nakd,5.06009E+12,blueberry muffin
warburtons,5.01004E+12,protein bagels
ideal,6.11118E+12,preparation en poudre pour creme patissiere saveur vanille
amora,8.7112E+12,mayonnaise de dijon
benco,3.03447E+12,benco original
panzani,3.03835E+12,panzani  spf  sauce pesto vert 200g
tesco,5.00012E+12,6 wholemeal pittas
muller,4.0255E+12,kefir  pur
muesli croustillant quaker,3.16893E+12,muesli croustillant noix de pecan  noix du bresil
danone,3.03349E+12,skyr nature 0
pringles,5.05399E+12,pringles
alestolidl,20337292,pistacchi
nature valley,8.41008E+12,crunchy oats and dark chocolate 2 barres de 21 g
jordans,5.01048E+12,granola
beurre planta,8.7192E+12,beurre planta
baresa,20522605,tomato passata
deliciously ella,5.06048E+12,apple  raisin oat bars
star,6.11118E+12,vinaigre de table blanc  star
cheetos,5.60136E+12,pelotazos futebolas
jaouda,6.11124E+12,creme cuisson
schweppes,54022263,cola
la vache qui rit,3.07378E+12,la vache qui rit
gastro mixte,6.11126E+12,crempro
bjorg,3.22982E+12,nutri avoine complet
italiamo solevita,20019907,succo di limone
pilos,20416690,iogurte estilo grego
cadbury,5.03466E+12,hot chocolate powder
tesco,5.05737E+12,greek style yoghurt
auto extreme,5.03603E+12,mission deli white wraps
barilla,8.0768E+12,fusilli
mama,8.85202E+12,chicken flavour
maitre jean pierre,4.05649E+12,pain de mie grandes tranches 7 cereales
tesco,5.00046E+12,greek style natural yogurt
harvest morn,4.0886E+12,malted wheaties
peters yard,5.0602E+12,peters yard original sourdough crackers
hacendado,8.48E+12,nuez natural pelada
hacendado,8.48E+12,hummus de garbanzos receta clasica
st hubert,3.36632E+12,omega 3
sainsburys,234931,6 wholemeal pittas
cuetara,8.43417E+12,cuetara digesta light 200g marie cookies
crownfield,20621469,special flakes classic
alesto,4.05649E+12,pecan nuts natural
naked,5.06006E+12,no artificial additives 6 pork sausages
danone,6.11103E+12,yawmi veloute pistache
aiguebelle,6.11102E+12,delice noir
lipton,3.16893E+12,ice tea peche
fleury michon,3.30274E+12,le superieur  a letouffee  conservation sans nitrite
jaouda,6.11127E+12,lait
alsa,8.7121E+12,levure chimique alsacienne
saint hubertst hubert omega 3,3.36632E+12,st hubert omega 3 255 g doux
the tofoo co,5.03447E+12,smoked tofu
orangina orangina schweppes schweppes,8.43519E+12,orangina et sa pulpe 
danone,6.11103E+12,danup fraise
kelloggs,5.05932E+12,rice krispies
alpro,5.41119E+12,alpro joghurtalternative auf sojabasis natur mit mandeln 500 g 31
poulain,3.66435E+12,chocolat en poudre
bio  me,5.07E+12,low sugar naturally gutloving granola
lipton,8.72061E+12,lipton yellow label tea x25
old el paso,8.41008E+12,wraps
gerble,3.17568E+12,gingembre saveur citron 
amora,8.71052E+12,ketchup 5 ingredients
alpro danone,5.41119E+12,alpro plain
milbona,4.05649E+12,high protein drink cacao
alpro,5.41119E+12,alpror mandeldrink ungesusst 1 l fresh
green  blacks,5.01184E+12,cocoa powder
jaouda,6.11124E+12,yaourt grec
piadina,5.0602E+12,piadina midi flatbread
fromarsac savencia tartare,3.27277E+12,loriginal tartare ail  fines herbes
jardin bio etic,3.76002E+12,tartines craquantes sarrasin
carrefour,3.56007E+12,oat flakes
nestle,7.61329E+12,shreddies
blue dragon,5.01034E+12,creamed coconut block
covent garden,5.05605E+12,classic chicken soup
ferrero,4.0084E+12,kinder country
ferrero nutella,4.0084E+12,nutella
proper corn,5.06028E+12,sweet  salty popcorn
jaouda,6.11124E+12,press up moyen
la hollandaise,6.1112E+12,la hollandaise
st hubert st hubert omega 3,3.36632E+12,st hubert omega 3 sans huile de palme 500g doux
pavesi,8.01336E+12,gocciole classiche pav 500 gr
cheetos,8.4102E+12,pelotazos
nature valley,8.41008E+12,protein caramel sale cacahuetes
colmans,50147588,colmans mustard
fry light,5.00044E+12,olive oil
merchant gourmet,5.0181E+12,tomatocy french puy  green lentils
the deli,4.0886E+12,houmous
moser roth,4.0886E+12,85 cocoa  dark chocolate
lurpak,5.7409E+12,butter
village bakery,4.0886E+12,6 wholemeal pittas
les eaux minerales doulmes oulmes,6.11104E+12,bultropicale
jardin bio lea nature,3.76002E+12,pate a tartiner chocolat noisette
latelier blini,3.29207E+12,houmous extra  pois chiches francais  graines de sesame
alter eco,3.70021E+12,noir equitable 85 perou
ferrerokinder,8.0005E+12,kinder cards
ferrero nutella,4.0084E+12,nutella
mutti,80042563,famila mutti solo pomodoro parma passierte italienische tomaten 700g 199eur 1kg 284eur
baresa,20443375,azeitonas lidl
crownfield lidl,20621483,bran flakes
marmite,5.00018E+12,marmite yeast extract
marmite,50184385,marmite
vita coco,8.98999E+11,coconut water the original
weetabix,5.01003E+12,oatibix
wilkin  sons,43647868039,tiptree tomato ketchup
hacendado,8.402E+12,avena crunchy cacao
la boulangere bio la boulangere,3.28423E+12,8 pains au lait frais bio 280g
st michel,3.17853E+12,petites madeleines pepites chocolat
quaker oats,3.16893E+12,flocons davoine complete
oasisoasis tropical,3.12448E+12,33cl can slim tropical
kelloggs,5.05932E+12,corn flakes
brooklea,4.0886E+12,greek style natural yoghurt
new york bakery,5.02036E+12,nyc bagel sesame
jasons,5.02513E+12,sourdough wholemeal ciabattin
afia,6.11125E+12,afia
rozana,3.46857E+12,rozana eau minerale naturelle petillante 100 l
petit yoplait std yoplait,3.32977E+12,petit yoplait
lu mondelez france,5.41004E+12,petit ecolier chocolat noir pur beurre de cacao
bonne maman,3.17853E+12,petit cookies pepites de chocolat
nestlecaroricore,3.03371E+12,ricorer aux cereales et a la chicoree solubles boite 250g
danone,5.41119E+12,alpro sojadrink ungesusst 1l
tesco,5.05478E+12,unsalted butter
heinz,5.00016E+12,heinz baked beans
cheeriosnestle,7.61329E+12,cheerios multigrain
merchant gourmet,5.0181E+12,smoky spanishstyle grains  rice
primadonna,4.05649E+12,extra virgin olive oil
proper corn,5.06028E+12,sweet  salty popcorn
marks  spencer,938150,single origin milk chocolate
cassegrain,3.08368E+12,ratatouille cuisinee a la provencale
cocacola,5.449E+12,cocacola zero
primevere,3.15525E+12,tartine  cuisson doux a tartiner et a cuire
alitey,8.42335E+12,bebida de avena
hacendado,8.48E+12,pan de molde con 52 centeno
savenciatartare,3.27277E+12,tartare 100 vegetal au lait damande
happyvore,3.77002E+12,merguez vegetal
lea  perrins,5.00011E+12,lea and perrins
thegroovyfoodcompany,5.06007E+12,agave nectar
graze,5.05596E+12,protein oat boosts cocoa vanilla
lio,6.1111E+12,huile de table
jaouda,6.11124E+12,ladid
kelloggs,5.05932E+12,corn flakes
ethiquable,3.76009E+12,beurre de cacahuetes du nicaragua
gerble,3.17568E+12,cranberry saveur amande
gerble,3.17568E+12,biscuits 3 graines kasha sesame pavot
hacendado,8.48E+12,muesli con quinoa chia y chocolate negro
whole earth,5.01367E+12,smooth organic peanut butter
arluy,8.41267E+12,megachok
pasquier,3.18219E+12,biscottes sans sel et sans sucre ajoutes
ice,6.11124E+12,ice pomme 15l
cremio,6.19159E+12,krymyw
harrys,3.22886E+12,pain de mie american sandwich rustique sans sucres ajoutes 500g
lu mondelez mondelez international,7.62221E+12,veritable petit beurre
elle  vire savencia,3.45179E+12,le beurre tendre demisel barquette
orangina orangina schweppes france schweppes international limited,3.12448E+12,orangina
savencia st moret,3.27277E+12,9 minis st moret 178 mg
ethiquable,3.76009E+12,chocolat noir 85 madagascar
maille,3.03681E+12,dijon originale
hacendado,8.48E+12,almendra
haugengruppen asheinz,5.00016E+12,heinz beanz no added sugar
minor figures,5.06041E+12,barista organic oat mlk
pringles,5.05399E+12,pringles texas bbq 165g ajman
specially selected,4.0886E+12,canadian maple syrup
excelo,6.11126E+12,extrem
heudebertlumondelez,7.62221E+12,biscottes
mcvities,5.00017E+12,sables chocolat
leerdammer,8.7218E+12,leerdammer original 8 tranches 200g
hellmanns,5.00018E+12,real mayonnaise
deliciously ella,5.06048E+12,peanut butter oat bars
jaouda,6.11124E+12,lyny
nakd,5.06009E+12,nakd protein  cacao noisette  45g 16x1p
jaouda,6.11127E+12,6.11127E+12
kinder,8.0005E+12,kinder bueno
heudebert,7.62221E+12,la biscotte 96 de cereales
branston,5.00023E+12,baked beans
primadonna,4.05649E+12,huile dolive bio
by sainsburys,130509,wheat biscuits
danone,6.11103E+12,danao pecheabricot
walkers,39047011304,shortbread fingers
bol bol,6.11125E+12,mayonnaise
jaouda,6.11124E+12,yogurt bnine banana
chergui,6.11113E+12,proteines mangue
jardin bio lea nature,3.47882E+12,pate a tartiner chocolat noisette
promise gluten free,5.41119E+12,rich and indulgent hazelnut
envia,20665241,yaourt a la grecque
brets,3.49792E+12,chips saveur fromage du jura
hacendado,8.48E+12,queso blanco pasteurizado light
milbona,4.05649E+12,mon ptit plaisir
cevital,6.13023E+12,lala kheddidja
red bull,90162602,redbull
whole earth,5.01367E+12,crunchy peanut butter
flora proactiv,8.7192E+12,proactiv
deliciously ella,5.06048E+12,nutty granola
excelo,6.11126E+12,top cookies
crosta  mollica,5.0602E+12,margherita sourdough pizza
be,6.11126E+12,be cooky
harrys,3.22886E+12,extra moelleux nature
bjorg,3.22982E+12,galettes riz complet bio
natu  bonvico,3.33697E+12,chips de lentilles saveur tomate mozza
courmayeur,8.02488E+12,courmayeur eau minerale naturelle 150 l
hacendado,8.48E+12,griego ligero natural
hp sauce,5.00011E+12,hp the original brown sauce
weetabix,5.01003E+12,alpenmusli the original swiss style
maribel,4.05649E+12,crema de cacahuete
alsa,6.11101E+12,sucre arome vanille
tesco,5.05232E+12,tesco finest greek yoghurt
nairns,61232202952,fine milled oatcakes
barilla,8.07681E+12,arrabbiata
jacquet,3.02933E+12,pain complet
jordan,5.01048E+12,crunchy oat granola raisin  almond
tesco,10066980,organic houmous
sainsburysby sainsburys,359047,italian tomato puree double concentrate
kellogs,5.05932E+12,miel pops
cocacolar,5.00011E+12,pet 175l coca colar zero
weetabix,5.01003E+12,weetabix
danpack,20072360,danpak spreadable
milka oreo,7.62221E+12,milka oreo
milbona,20994945,cottage cheese
emporium,4.0886E+12,original full fat soft cheese
nairns,6.12322E+11,fruit  seed oatcakes
jordans,5.01048E+12,muesli bio 36 fruits noix  graines
bonne maman,3.60858E+12,confiture fraises
carrefour bio carrefour,3.27019E+12,chocolate negro
brossard,3.66014E+12,savane
aquarius the cocacola company,50112784,lemon
nakd,5.06009E+12,cocoa orange
tesco,5.00044E+12,corn flakes
kallo,5.01367E+12,belgian dark chocolate rice cake thins imp
country life,5.01017E+12,spreadable tub
candia,3.17657E+12,viva lait 12 ecreme
kelloggs,3.15947E+12,cereales all bran kelloggs fibre plus
fleury michon,3.30274E+12,le superieur 25 de sel  conservation sans nitrite
clement faugier,22314010025,creme de marrons de lardeche
sabrine,6.19401E+12,eau minerale naturelle
tesco,5.03102E+12,italian chopped tomatoes
rude health,5.06012E+12,organic oat drink imp
montezumas,5.06072E+12,absolute black dark chocolate
yorkshire provender,5.05605E+12,roast chicken and traditional vegetables
excelo,6.11126E+12,eyoo
pepsi zero pepsico,3.50211E+12,pepsi max
bjorg,3.22982E+12,granola chocolat
heinz,8.7157E+12,ketchup zero sel ajoure 70 moins de sucres
la boulangere biola boulangere,3.76005E+12,tartines bio quinoa  graines 450g
elle  vire,3.48034E+12,carre frais 0 pourcent ail et fines herbes
carrefour biocarrefour,3.56007E+12,huile dolive vierge extra
la baleine,3.18328E+12,sel moulu de mediterranee
fin carre lidl,20022471,cokolada na vareni
bellarom,20920210,chicoree cafe
gullon,8.41038E+12,biscuits mega duo imp
cheerios multigrain,7.61329E+12,cheerios multigrain
rigoni di asiago,8.05258E+12,nocciolata
tilda,5.01116E+12,tilda steamed brown basmati rice
danone,6.11103E+12,creme caramel
maroc,6.11116E+12,delicia
be,6.11126E+12,cooky
vemondo,4.05649E+12,bio hafer
nutella ferrero,8.0005E+12,nutella plantbased
isigny saintemere,3.25455E+12,creme sous pression a la vanille 250g
cote dor,7.62221E+12,180g lt noisette cote d or
jacquet,3.02933E+12,maxi tranches sans sucre ajoute nature
orangina schweppesschweppes,5.41022E+12,schweppes agrum
pierre martinet,3.28178E+12,mon taboule oriental
alesto,4.05649E+12,noisettes grillees
hacendado,8.48E+12,ketchup
tesco,5.05478E+12,tesco british salted block butter
post,8.84912E+11,grapenuts
nairns,61232202556,dark chocolate chip oat biscuits
milbona,4.05649E+12,skyr
sainsburys,1784060,so organic mayonnaise
perly,6.11127E+12,perly
cebon,6.1325E+12,el mordjene creme de noisettes grillees
president,3.15525E+12,beurre
poulain,3.66435E+12,grand arome 32 de cacao
bonne maman,3.60858E+12,fraise intense
bjorg,3.22982E+12,crousti avoine chocolat
amora unilever,8.7121E+12,amora specialite a la moutarde de dijon aux epices et aromates savora bocal 385g
fuze tea,5.449E+12,fuzetea the glace peche intense
pasquier,3.18218E+12,grilletine sans sucres ajoutes ble complet
lea  perrins,5.00011E+12,worcestershire sauce
sainsburys,1206111,greek style natural yogurt
centrale danone,6.11103E+12,jibi
excelo,6.11126E+12,sergio
tesco,5.0597E+12,peru dark chocolate
orangina,3.24976E+12,orangina
lotus bakeries lotus,5.41013E+12,lotus biscoff speculoos original  250g 2x125g
cote dormondelez,7.6224E+12,noir 70 intense
lidlsondey,4.05649E+12,biscuits germe de ble et pepites de chocolat
storck,4.0144E+12,merci finest selection assorted chocolates
bonduelle,3.08368E+12,carottes rapees
herta le bon paris,3.15423E+12,herta le bon paris jambon sel reduit sans nitrite x4140g
jasons,5.02513E+12,everyday tiger rolls with sourdough
lesieur,3.26547E+12,huile isio 4
malo,3.27869E+12,empresure au chocolat
san pellegrino nestle,8.00227E+12,san pellegrino
hacendado,8.48E+12,tortitas de maiz
alpro,5.41119E+12,coco sans sucres
crownfield,20060831,premium fruit and nut muesli
leka c,6.1112E+12,creme a tartiner
milka,7.62221E+12,milka wholenut
aldiacti leaf,4.06146E+12,oat
nakd,5.06009E+12,nakd peanut butter protein bar
fine gourmandepoulain,3.66435E+12,100g poulain ligne nr
heinz,8.7157E+12,tomato ketchup
red bull hll,9.00249E+12,25 cl red bull  energy drink
milbona,4.05649E+12,high protein pudding vanilla
alesto,20534455,abricot sec
nature valley,8.41008E+12,barre cereales proteines peanut chocolat
babybel,3.07378E+12,babybel
dorset cereals,5.01836E+12,nutty granola
jaouda,6.11127E+12,muscly fromage 24
bjorg,3.22982E+12,pain complet 3 cereales
barilla,8.07681E+12,pates spaghetti au ble complet integral 500g
savenciast moret,3.27277E+12,le gout primeur  ligne  plaisir
mcennedy,20474478,peanut butter
freshona,20103644,kokosmilch
galbani,8.00043E+12,mozzarella
hacendado,8.48E+12,corn flakes 0 azucares anadidos
mcennedy american way lidl mcennedy,4.05649E+12,beurre de cacahouete
chavroux,3.27277E+12,chavroux pur chevre
nature valley,8.41008E+12,nature valley crunchy oats  honey
new york bakery co,5.02036E+12,cinnamon  raisin bagels
proactiv,8.7192E+12,proactiv
warburtons,5.01004E+12,soft pittas easy to fill wholemeal
dorset cereals,5.01836E+12,oat granola
excelo,6.11126E+12,genova  double creme
excelo,6.11126E+12,bono wafer
lu mondelez,3.04109E+12,batonnets de cereales fourres 475  au chocolat  cracotte chocolat
president,3.15525E+12,la creme des chefs ferme et onctueuse gastronomique
cassegrain,3.08368E+12,lentilles preparees
fruit dor,8.7192E+12,fruit dor omega 3 doux  sans huile de palme  450g
old el paso,8.41008E+12,tortilla nachips original
geetas foods ltd,5.02119E+12,geetas mango chutney imp
tesco,5.05755E+12,chopped tomatoes
plenish,5.06036E+12,organic glutenfree oat drink
tesco,5.00012E+12,italian tomato puree
richmond,5.00034E+12,meat free tasty sausages
aiguebelle,6.11102E+12,tentation aiguebelle
kelloggs,5.05932E+12,special k
sainsburys,363174,seeded sourdough half bloomer
jordans,5.01048E+12,muesli bio chocolat noir
barilla,8.07681E+12,baiocchi nocciola 260g
cendado,8.48E+12,yogur natural al estilo griego
gullon,8.41038E+12,digestive avena
alesto lidl,20005726,nut  fruit mix classic
crownfield fortin muhlenwerke lidl,20283360,fiocchi di avena integrali
mcilhenny company tabasco,11210697003,sriracha
linda mccartneys,5.05605E+12,vegetarian sausages
sainsburys greencane paper,1162622,chickpeas in water
delicia,6.11116E+12,delicia  confiture dabricot
tropicana,3.50211E+12,orangensaft
panzani,3.03836E+12,sauce tomate concentree cuisinee aux petits legumes
ferrero,8.0005E+12,bready 6 pieces
hacendado,8.48E+12,trigo espelta
mcennedy,20177492,sciroppo dacero canadese
le fromage fouette madame loik paysan breton,3.41229E+12,paysan breton  le fromage fouette madame loik  nature au sel de guerande  sel reduit 25
carrs,5.00017E+12,table water biscuits
blue dragon,5.01034E+12,coconut milk
yeo valley organic,5.00025E+12,spreadable
jaouda,6.11124E+12,raib vani jaouda
tuc,7.6222E+12,tuc
lu,5.41004E+12,pims sinaasappel
lactalis president,3.22802E+12,la buche fondante
marque repere laqueuille,3.5647E+12,eau de source de montagne laqueuille
saguaro,20022952,eau de source
harrys,3.22886E+12,beau  bon pain de mie complet lin tournesol 320g
heinz,87157154,classic barbecue  smokey  rich
gallina blanca,8.4103E+12,caldo casero de pollo
kerrygoldornua deutschland,4.00195E+12,kerrygold original irische butter aus weidemilch
guedila,6.13076E+12,guedila
lindt,3.04692E+12,noir intense dessert 70
alpen weetabix,5.01003E+12,no added sugar muesli imp
walkers,51000005,cheese  onion flavour potato crisps
milbona,4.05649E+12,krema sirene
mivolis dm,4.05817E+12,multivitamin
jolydoha,6.11116E+12,thon joly
cake warburtons,5.01004E+12,farmhouse soft bread
kind,5.00016E+12,dark chocolate nuts  sea salt bars
plenish,5.06036E+12,organic almond milk
gosh,5.03683E+12,mediterranean falafel
crosta  mollica,5.0602E+12,durum wheat flatbreads
gerble,3.17568E+12,biscuits soja figue
malongo,3.18757E+12,cafe moulu pur arabica des petits producteurs
schar,8.0087E+12,pan de molde clasico
gullon,8.41038E+12,digestive avena naranja
crownfield,4.05649E+12,fine oat flakes
alpro,5.41119E+12,alpro not milk
naturli,5.70198E+12,organic vegan block
gerble,3.17568E+12,le petit gerble nature
tesco,5.05755E+12,cream crackers
by sainsburys,277679,greek style natural yogurt
anchor,5.00025E+12,anchor butter
happyvore,3.76032E+12,2 steaks vegetaux et gourmands
delicia,6.11116E+12,double concentre de tomates
jaouda,6.11124E+12,ghilal
pepsi,6.11125E+12,pepsi 2l
sainsburys organic,1208610,baked beans in tomato sauce
milky foof,6.11125E+12,fromage herbes milky food
puget,3.17805E+12,huile dolive
lu mondelez,3.05644E+12,bastogne
hacendado,8.48E+12,10 tortillas trigo
la boulangere,3.76005E+12,pain de mie bio grandes tranches complet sans sucres ajoutes 500g
la boulangere,3.76005E+12,pain de mie grandes tranches avoine  graines 500g
ferrero rocher,8.0005E+12,90g ferrero rocher tablette lt
daves killer bread,13764027053,21 whole grains and seeds organic bread
el baraka,6.11118E+12,confiture de fraise
snickers,5.90095E+12,snickers
mondelez international,7.6223E+12,philadelphia original
lactel,3.42827E+12,lait 100  francais matin legerr demiecreme
banania,3.70028E+12,banania original  cacao cereales touche de banane  miel
lumondelez,3.01776E+12,chamonix
kelloggs,5.05383E+12,cereales miel pops
cereal,3.25901E+12,galettes boulgour  sarrasin a lemmental
mars wrigley,5.00016E+12,twix double
bjorg,3.22982E+12,tofu nature
cassegrain,3.08368E+12,aubergines cuisinees a la provencale
alesto,20815400,cashewcranberrymix
daddy,3.16543E+12,cassonade pure canne
brioche pasquier,3.18218E+12,pain grille loriginal
calin yoplait,3.32977E+12,calin extra
herta tarte en or,3.15423E+12,herta tarte en or pate feuilletee 230g
longley farm,5.01058E+12,cottage cheese
tesco,5.00012E+12,wheat biscuits malty  crispy
hacendado,8.48E+12,pan espelta integral
gerble,3.17568E+12,cookie chocolat saveur noisette sans sucres
fitzgeralds sourdough bagels,5.09908E+12,sourdough  bagels
gerble,3.17568E+12,biscuit chocolat saveur amande
evian,3.06832E+12,evian
gerble,3.17568E+12,gerble  sables sans sucres saveur citron et yuzu 132g 47oz
bjorg,3.22982E+12,galette de mais
gerble,3.17568E+12,sable sesame saveur vanille   gerble sans sucres
dr oetker ancel,3.02703E+12,sticks et bretzels dalsace
bjorg,3.22982E+12,soja nature sans sucre ajoute bio
cristaline,3.25438E+12,cristaline eau de source 1l
gullon,8.41038E+12,diet nature digestive sin azucares
raynal  roquelaure,3.02169E+12,lentilles cuisinees a lauvergnate
kelloggs,5.05383E+12,tresor  choco nut
ferrero,4.0084E+12,ferrero rocher
mutti oluf lorentzen as,8.00511E+12,pastasaus mbasilikum
lurpak,5.7409E+12,lurpak spreadable slightly salted
nutritionsante,5.90062E+12,granola sante czekoladowa
tesco,5.05755E+12,farmhouse super seeded loaf
bonne maman,3.60858E+12,hazelnut chocolate spread
pip  nut,5.06037E+12,smooth peanut butter
kettle,5.01776E+12,sea salt  balsamic vinegar crisps
don simon,8.41026E+12,simon life
leader food,6.11124E+12,fakiat barbeque
hellmanns,8.72018E+12,real mayonnaise
gerble,3.17568E+12,croustison miel sesame
gerble,3.17568E+12,germe de ble
lindt,3.04692E+12,excellence noir orange intense
kinderferrero,8.0005E+12,delice
hormel foods corporation skippy,37600106412,beurre de cacahuetes extracrunchy
pagen,7.31107E+12,krisprolls  wholegrain complets
pringles,5.05399E+12,pringles hot  spicy
lustucru lustucru selection,3.24093E+12,lustucru gnocchi a poeler format xxl 720g
biotiful,5.06034E+12,kefir yogurt
aicha,6.11102E+12,aicha double concentre de tomates 140 g
seabrook,5.01645E+12,seabrook sea salt
nestle,6.11102E+12,nido
lactalis chaussee aux moines,3.22802E+12,chaussee aux moines 340g
kraft kraft foods mondelez international philadelphia,7.6223E+12,philadelphia nature 300g
bjorg,3.22982E+12,fourres chocolat lait noisettes
oatly,7.39438E+12,semi oat drink
rewe ja,4.38886E+12,sussstoff
crownfield,4.05649E+12,low sugar granola original
margafrique,6.1112E+12,cheesy fromage
kelloggs,3.15947E+12,cereales extra pepites chocolat noisettes
ekibio le pain des fleurs,3.38038E+12,tartines craquantes au sarrasin
sondey bio organic,20116705,galettes riz chocolat noir
tramier,8.41018E+12,huile dolive vierge extra
batts kania,20173074,crispy fried onions
hacendado,8.48E+12,crema de cacahuete 100 crunchy
filippo berio,8.00221E+12,classic pesto
graze,5.05596E+12,graze lemon and blueberry
carrefour bio carrefour,3.56007E+12,pate a tartiner
nestle,7.61304E+12,nan optipro
merendina,6.11103E+12,bimo
mondelez,6.11103E+12,oreo original
lactalis president,3.22802E+12,president emmental coeur de meule 250g
barilla,8.0768E+12,lasagne alluovo
hipro danone,3.03349E+12,hipro myrtille
montfleuri savencia,3.45179E+12,beurre a teneur reduite en mg 60 doux
poulain,3.66435E+12,grand arome moins de sucre
maille,8.71811E+12,maille mayonnaise
bjorg,3.22982E+12,flocons davoine
flying goose brand,8.85366E+12,sriracha hot chilli sauce
kraft,8.41007E+12,mayonesa sabor tradicional
la vache qui rit,3.07378E+12,03062024 deu101h 014 4
soreen,5.01004E+12,malt loaf
nestle,7.61329E+12,shredded wheat
hayet,6.19404E+12,eau minerale naturelle
hawai,5.449E+12,haway tropical
mercadona,8.48E+12,tortitas arroz con legumbres
tesco,10065891,tesco houmous
yeo valley,5.03659E+12,kefir natural
cocacola,5.449E+12,schweppes citron
dina,5.02282E+12,white bread wraps
afs,6.11126E+12,cheesle blanc nature
jordans,5.01048E+12,muesli bio superfruits
danone,3.03349E+12,skyr
heudebert lu mondelez,3.39246E+12,biscottes pleine vie sans sel ajoute
lactalis president,3.22802E+12,emmental rape
la baleine,3.18328E+12,sel de mer
st hubert st hubert omega 3,3.36632E+12,st hubert omega 3 doux 255g
les 2 vaches,3.66134E+12,cremeuh chocolat
maitre jean pierre,4.05649E+12,pain de mie extramoelleux nature
funkie,3.77001E+12,la pate a tartiner cacao noisette
fin carre,20005771,whole nut milk chocolate
giovanni rana rana,8.00167E+12,tortellini ricotta  epinards
galletas gullon,8.41038E+12,cuor di cereale
heinz,8.7157E+12,tomato ketchup 50 less sugar and salt
benecol,5.05594E+12,buttery taste
tonys chocolonely,8.71768E+12,milk chocolate
graze,5.05596E+12,smoky barbecue crunch
hacendado,8.402E+12,avena 0 azucar
harrys,3.22885E+12,pain ams 7 cereales
gerble,3.17568E+12,sable nature sans sucres
la baleine,3.18328E+12,sel fin
kelloggs,8.41019E+12,corn flakes
connetable,3.26367E+12,plain sardines
ebly,3.4874E+12,ble tendre cuisson 10 min ebly 500 g
bjorg,3.22982E+12,croustillant 3 noix
mercadona,8.48E+12,cereales y semillas granola con frutos secos bajo en azucar
kania lidl winarom,20697075,moutarde de dijon
quaker,5.00011E+12,jumbo rolled oats
the tofoo co,5.03447E+12,tofoo naked xl
sainsburysby sainsburys,1117011,unsalted english butter
danone,6.11103E+12,actimel
plenish,5.06036E+12,organic oat drink
fleury michon,3.30274E+12,les tranches vege haricots blancs
andros,3.04532E+12,confiture fraise 30 de sucres
gifflar pagen pagen,7.31107E+12,gifflar cannelle
lipton,3.16893E+12,ice tea
happyvore,3.77002E+12,chipos vegetales aux herbes de provence
tesco,5.052E+12,tesco no added sugar or salt swiss style muesli
hacendado,8.48E+12,cottage cheese
cathedral city,5.0003E+12,mature cheddar
ramonas,5.06023E+12,jalapeno ramonas heavenly houmous
belvoir,5.02202E+12,belvoir farm elderflower cordial
crownfield,4.05649E+12,high protein granola honey  seed
ferrero,8.0005E+12,nutella 950g
landor,6.11127E+12,campo verde
jaouda,6.11124E+12,beurre jaouda 100g
breaktiffany,6.291E+12,break chocolate fingers
bjorg,3.22982E+12,gaufres miel
nestle yaos,3.02329E+12,yaos le yaourt a la grecque
fleury michon,3.30274E+12,blanc de poulet 100 filet
kp,5.00024E+12,original salted peanuts
deluxe,20511296,wholemeal seeded farmhouse loaf
by sainsburys,388030,wholegrain bran flakes
sainsburys,1242942,wholegrain malties
lidl,4.05649E+12,soya unsweetened plant based
the foodie market,4.0886E+12,flaxseed
tyrrells,5.05605E+12,veg crisps
tesco,5.05478E+12,butterpak spreadable
excelo,6.11126E+12,top cookies original
mondelez,7.6222E+12,halls
fleury michon,3.09576E+12,blanc de poulet   25 de sel
lesieur,3.26547E+12,fleur de colza
maitre jean pierre,20006174,tartines craquantes froment
bjorg,3.22982E+12,tofu fume
carrefour,3.56007E+12,80 cacao noir
le fromage fouette madame loik paysan breton,3.41229E+12,paysan breton  le fromage fouette madame loik  ail et fines herbes de nos regions francaises
hipro hipro drinks danone,3.03349E+12,fraise framboise
crownfield lidl,4.05649E+12,knusper musli schoko
meridian,5.01421E+12,crunchy peanut butter
ktc,5.01364E+12,chick peas in salted water
savour bakes,4.0886E+12,original breadsticks
nakd,5.06009E+12,peanut delight
chergui,6.11113E+12,chergui creme fruit de bois
ferrero,8.0005E+12,susses kinderini
excelo,6.11126E+12,excelo nougat
chergui,6.11113E+12,sport
beghin sayla perruchetereos,3.17466E+12,cassonade
le rustique,3.17658E+12,camembert
cereal bio,3.17568E+12,lentilles cuisinees riz  soja
maitre jean pierre,20298036,biscottes aux cereales et aux graines
lu pelletier,7.62221E+12,pain grille pelletier
lee kum kee,78895126396,premium soy sauce
sainsburysso organic,349222,organic houmous
hovis,5.01E+12,seeded
el baraka,6.11118E+12,confiture
peters yard,5.0602E+12,rosemary  sea salt sourdough crackers
la vache qui rit,3.07378E+12,fromage produit laitiers
aknaz,6.11125E+12,jben aknaz
amora,8.7227E+12,ketchup
cassegrain,3.08368E+12,courgettes cuisinees a la provencale
tramier,8.41018E+12,huile dolive vierge extra
heinz,8.7157E+12,mayonnaise american style
monini,8.00551E+12,huile dolive vierge extra granfruttato
hacendado,8.48E+12,nachos
alpro,5.41119E+12,alpro sojadrink schokoladengeschmack protein 1l
happyvore,3.77002E+12,nuggets vegetaux et gourmands
vita dor,4.05649E+12,organic virgin coconut oil
ambrosia,5.00035E+12,ambrosia rice pudding
four seasons,4.0886E+12,green lentils in water
risi,8.41186E+12,buscalios
crownfield,4.05649E+12,granola coconut cashew  almond
biotiful,5.06034E+12,biotiful dairy morello cherry kefir
rocks,5.02376E+12,juicy oranges whole fruit squash
jaouda,6.11124E+12,ladid fraise
marks  spencer,557825,dark chocolate 75
harrys,3.22886E+12,american sandwich nature
quaker,3.16893E+12,quaker cruesli chocolat au lait
st michel,3.02347E+12,roudor
jardin bio lea nature,3.76002E+12,tartined craquantes chataigne
alesto,20014384,cacahuetes  grillees  salees
sante,5.90062E+12,maslo orzechowe
hacendado,8.402E+12,ketchup zero
aldi,4.0886E+12,harvest morn granola raisin  almond
meadow freshsimply sumptuous,20843427,classic houmous
tesco,5.05797E+12,white tortilla wraps
tesco,5.05797E+12,soft cheese
chergui,6.11113E+12,creme yaourt brasse 
ice,6.11124E+12,ice cola strong
tam,3.34143E+12,tam thon entier a lhuile
ok,6.11118E+12,sauce algerienne star
jaouda,6.11124E+12,ghani sfr
hacendado,8.48E+12,pechuga de pavo cocida 92
pressade,3.25469E+12,le bio pour toute la famille multifruit
saint moret,3.27277E+12,le  gout primeur
sondey,20115777,gallette di riso  cioccolato al latte
hacendado,8.48E+12,chocolate negro 99 cacao
kikkoman,8.71504E+12,sojasauce
lays,3.16893E+12,chips recette paysanne nature
flahavans,5.0998E+12,organic porridge oats
tesco,5.05179E+12,green lentils in water
philadelphia,7.6222E+12,philadelphia light
nestle,6.294E+12,kitkat
vita coco,8.98999E+11,coconut water
village bakery,4.0886E+12,the honey soaked seeded bloomer
milbona,20577414,greek natural yogurt
sainsburys,159111,coconut milk
walkers,5100000100,ready salted crisps
be,6.11126E+12,crunchy
maribel,4.05649E+12,sirop dagave
nestle,7.61303E+12,nestle chocapic cereales 750g
poulain,3.66435E+12,super poulain
lidl envia,20266394,fromage blanc 0
nestle chocapic,7.61303E+12,chocapic
hacendado,8.48E+12,yogur griego natural 1kg
volvic,3.05764E+12,wasser volvic naturelle
bonduelle,3.08368E+12,celeri remoulade au fromage blanc
weetabix,5.01003E+12,weetabix 72s 1362g
heinz,5.00016E+12,salad cream original
ryvita,5.05097E+12,thins multiseed flatbreads
ovomaltine,7.6121E+12,ovomaltine cereal energy
nairns,61232200545,fine milled oatcakes
cappy cocacola,5.449E+12,pulpy pecne
star,6.11118E+12,sauce pizza star 350 g
aiguebelle,6.11102E+12,aiguebelle
chergui,6.11113E+12,jben chergui
efor,6.11125E+12,assaisonnement aromatise au citron
hacendado,8.402E+12,sticks vegetales
coke zeror,5.00011E+12,pet 125l ccola zero
lu,7.62221E+12,prince multicereales gout chocolat au ble complet
rians,3.18467E+12,faisselle
knorr,3.03445E+12,viandox 160ml
pulco,3.12448E+12,ble 70cl orange citron pulco
le ster,3.32268E+12,crepes de landerneau
alter eco,3.70021E+12,chocolat noir perou 90
schar,8.0087E+12,gluten free
ferrero nutella,8.0005E+12,nutella biscuits fergulf
dorset cereals,5.01836E+12,dorset cereals nutty muesli
yeo valley,5.03659E+12,yoghurt
ryvita,5.05097E+12,simply sesame
nairns,6.12322E+11,original oatcakes
by sainsburys,130530,wholewheat biscuits
pringles,5.05399E+12,pringles paprika
milbona lidl,20577391,natural  greek yogurt
bjorg,3.22982E+12,muesli aux fruits
caprisun,4.00018E+12,multivitamin caprisun
oluf lorentzen as,8.01072E+12,parmigiano reggiano revet fersk parmesan dop 60g
danone gervais gervais suisse nature 145165,3.03349E+12,le petit suisse gervais nature 95  60 g x 12
la boulangere,3.76005E+12,pain au lait bio x12 420g
hacendado,8.48E+12,crema al cacao
ambrosia,5.00035E+12,devon custard
nature valley,8.41008E+12,protein salted caramel nut
fuel,5.0602E+12,fuel10k protein boosted chunky chocolate granola imp
tesco,5.0544E+12,rice snaps
hacendado,8.48E+12,tortitas avena 6
bisto,5.00035E+12,bisto gravy granules
coop,5.00013E+12,chocolate for change single origin 85 cocoa dark chocolate
sainsburys taste the difference,392754,madagascan dark chocolate
danone,6.11103E+12,danone max red fruit
harrys,3.22886E+12,pain de mie nature
lu,5.41004E+12,pims  framboise
lactalis salakis,3.02326E+12,salakis 100 brebis
lu,3.39246E+12,lu  grany pommes
garden gourmet,7.61304E+12,carre gourmand tomates et mozzarella
chantesel,20020811,sel fin
saupiquet,3.16596E+12,filets de maquereaux au vin blanc
hacendado,8.48E+12,100 integral
gullon,8.41038E+12,galleta ligera sin sal y sin azucar
crownfield,4.05649E+12,bio organic oat flakes
whole earth,5.01367E+12,peanut butter
quaker,5.00011E+12,oat so simple golden syrup flavour porridge
yeo valley,5.03659E+12,family farm greek style natural
loyd grossman,5.00035E+12,tomato  basil sauce
rivercote lidl,40874302,sesame crispbread with a naturally nutty flavour
ryvita,5.05097E+12,pumpkin seed  oat crispbread
knorr,5.00018E+12,vegetable stock cubes 8 x imp
tesco  the growers harvest,5.05755E+12,porridge oats
andros,3.60858E+12,gourmand vegetal brasse nature
bjorg,3.22982E+12,lait de coco fluide
harrys,3.22886E+12,pain 100 mie nature sans sucre ajoute
baresa barrsa freshona,20884260,passierte tomate
alesto,20615420,paahdettu maapahkina
fanta,5.449E+12,fanta orange
marie,3.16635E+12,petites gambas compotee de tomates tagliatelles au pesto
vitasia lidl vitasia,20170196,lidl vitasia sweet chilli sauce  vitasia  700ml 149eur 1l 213eur
hacendado,8.48E+12,tortilla con cebolla
kania,4.05649E+12,ketchup bete
tesco,5.00044E+12,whole milk
delice,6.1915E+12,eau minerale naturelle
morrisonsunilever,50184439,bovril beef and yeast extract
hacendado,8.402E+12,espelta sabor manzana
huel,5.0605E+12,chocolate
worldwide foods aldi aldi worldwide foods,4.0886E+12,good grains spanish style grains
perly,9.11145E+12,perly orange
nestle,3.02329E+12,yaos yaourt a la grecque nature 4 x 150g
lucien georgelin,3.33072E+12,pate a tartiner bio noisette cacao
nestle ricore,3.03371E+12,ricore au lait cafe  chicoree boite 400g
carrefour,3.27019E+12,eau de source de montagne dauvergne
bjorg,3.22982E+12,boisson noisette
ethiquable,3.76009E+12,chocolat noir 80 equateur intense et floral
lesieur,3.01136E+12,mayonnaise classique a lhuile de colza
maribel,20000691,raspberry fruit spread raspberry
saupiquet,3.16595E+12,filet de maquereaux au naturel
alpro,5.41119E+12,alpro mandeldrink weiss ungesusst ungerostet 1 lt
hacendado,8.48E+12,chocolate negro 85 cacao
lizis,5.06009E+12,high protein granola nuts  seeds
tesco,5.05797E+12,wholemeal tortilla wraps
merchant gourmet,5.0181E+12,glorious grains
acti leaf,4.06146E+12,almond no sugars
jaouda,6.11124E+12,jaouda ptit dej honey
bjorg,3.22982E+12,biscuits fourres aux framboises
bonne maman,3.60858E+12,confiture abricot intense
mars wrigley,5.00016E+12,mms peanut
elle  vire savencia,3.45179E+12,le beurre doux leger 41mg barquette
mont blanc,8.02488E+12,mont blanc eau minerale naturelle 150 l
cote dor mondelez,7.6224E+12,noir 86 extra intense
maille unilever,8.7112E+12,vinaigrette legere huile de sesame  sauce soja graines de sesame torrefiees 36 cl
savencia tartare,3.27277E+12,tartare ail  fines herbes
fin carre,20005825,milk chocolate
carrefour,3.56007E+12,le pain au seigle
ferreronutella,4.0084E+12,nutella vorratsglas
fin carre lidl,20815356,dunkle schokolade mit ganzen haselnussen
kelloggs,5.05008E+12,cereales special k original
alpro,5.41119E+12,soja a la fraise
mutti,8.00511E+12,passata di pomodoro
plenish,5.06036E+12,organic  unsweetened almond
bellarom,4.05649E+12,freeze dried instant coffee
nairns,61232201047,stem ginger oat biscuits
crosta  mollica,5.0602E+12,oregano crostini italian bread bites
lizis,5.06004E+12,original nuts  seeds imp
petit navire,3.01908E+12,thon entier au naturel albacore
marie,3.24883E+12,pate a tarte feuilletee  pur beurre
ovo maltine,7.6121E+12,ovomaltine crunchy
cote dor,7.62221E+12,chocolat bio noir 85
gerble,3.17568E+12,moelleux chocolat noix
mailleunilever,3.25054E+12,maille mayonnaise fins gourmets bocal 320g
nestle lion,3.38739E+12,nestle lion cereales 400g 
hacendado,8.48E+12,bebida de soja uht
gullon,8.41038E+12,doradas al horno sin azucares
crownfield lidl,4.05649E+12,bio knusper musli fruchte
lidl,20002268,mozzarella
nature valley,8.41008E+12,crunchy oats and honey
hellmanns,8.7227E+12,light mayonnaise
heinz,5.00016E+12,beanz in a rich tomato sauce
napolina,5.00023E+12,chickpeas in water
heinz,5.00016E+12,5 rodzajow fasoli w sosie pomidorowym
tesco,5.052E+12,green pesto
nakd,5.06009E+12,berry delight raw fruit  nut bar
bens original,3.4874E+12,riz a la mediterraneenne
marmite,5.01367E+12,marmite rice cakes
aiguebelle,6.11102E+12,sweeties mini
danone,6.11103E+12,danone max
milbona,4.05649E+12,choco pudding
raynal et roquelaure,3.02169E+12,lentilles cuisinees a lauvergnate
saupiquet,3.16596E+12,filets de maquereaux a la moutarde
saupiquet,3.16595E+12,filets de maquereaux grilles natures
pierre martinet,3.28178E+12,mon taboule oriental
jacquet,3.02933E+12,fines tartines farine de seigle
sondey,20080211,cookies chocolate chip
delice,6.19404E+12,lait demiecreme uht
the tofoo company,5.03447E+12,tempeh
vemondolidl,4.05649E+12,plant soya pot plain
love corn,5.06049E+12,love corn sea salt
rowse,5.01127E+12,honey
corale,4.0886E+12,baked beans
maribel,4.05649E+12,crunchy peanut butter
bel,3.07378E+12,mini babybel original
milbona,4.05649E+12,light greek yogurt
crosta  mollica,5.0602E+12,pane pugliese
baker street,5.02795E+12,baker street seeded rye bread imp
chergui,6.11113E+12,chergui creme  mangue
milbona,4.05649E+12,high protein mousse schoko
jibal,6.11125E+12,uht jibal 12l
hacendado,8.402E+12,digestive 0
benedicta,3.6606E+12,sauce bearnaise
candia,6.13043E+12,hlyb kwndy 1 ltr
baresalidl,20425555,pesto alla genovese
maribel,4.05649E+12,smooth peanut butter
nestle,7.61329E+12,shreddies
rigoni di asiago,8.05258E+12,nocciolata crunchy
preferred selection,20261375,madagascar dark chocolate tummasuklaa
lustucru lustucru selection,3.24093E+12,lustucru gnocchi a poeler 520g
old el paso,8.41008E+12,12 crunchy taco shells
tilda,5.01116E+12,pure basmati rice
village bakery,4.0886E+12,malted bloomer
tilda,5.01116E+12,wholegrain basmati  wild rice
bear,5.06014E+12,multigrain alpha bites
excelo,6.11126E+12,genova  double creme
cocacola,90418235,hawaii
lidl,4.05649E+12,pate a tartiner cacao noisettes bio
bonne maman,3.60858E+12,pate a tartiner cacahuetes et cacao
lu,3.01776E+12,biscotte gout brioche heudebert
gerble,3.17568E+12,biscuit fondant choco noir sans sucres ajoutes
lu,7.62221E+12,veritable petit ecolier pocket chocolat au lait
la boulangere,3.76005E+12,4 baguettes viennoises 340g
bn,3.06199E+12,mini bn chocolat
jardin bio jardin biologique lea nature,3.47882E+12,pate a tartiner noir cacaopasta imp
mercadona,8.48E+12,cereal mix
kikkoman kikkoman  kikkoman kk,8.71504E+12,sauce soja
les 2 vaches,3.66134E+12,les 2 vaches vanille bio de madagascar 4 x 115 g
mondeleztuc,5.41004E+12,tuc original
fleury michon,3.30274E+12,filet de poulet  roti
lancashire farm,5.03525E+12,natural bio yogurt
oatly,7.39438E+12,whole oat drink
ms eat well,29149858,baked beans
mission,5.03603E+12,mission wraps
gosh,5.03683E+12,moroccan spiced falafel
patersons,72417196379,shortbread fingers
star,6.11118E+12,algerien sauce
sharwoodspremier foods,5.00035E+12,medium egg noodles imp
president,3.22802E+12,krave maslo 82
bjorg,3.22982E+12,muesli proteines
nestle nestle dessert tablettes,7.61304E+12,nestle dessert noir 205g
cassegrain,3.08368E+12,premium ratatouille
fruit dor proactivproactivproactiv expertpro activ,8.7192E+12,proactiv margarine tartine sans huile de palme 450g
tyrrells,5.06004E+12,chips sel de mer et poivre noir imp
fin carre,20430733,cioccolato fondente
crownfield,4.05649E+12,muesli 4 nuts
maille,8.72018E+12,maille mout fin gour 320g
cauldron,5.01368E+12,authentic tofu
tesco,5.0514E+12,butterbeans in water
grandessa,4.0886E+12,honey
worldwide foods,4.0886E+12,classic wholegrain rice
graze,5.05596E+12,graze marmite crunch
manomasa,5.01776E+12,chipotle  lime
simply,20164072,chopped tomatoes
grandessa,4.06146E+12,crunchy peanut butter
ideal,6.11118E+12,flan
el baraka,6.11118E+12,konfitura morelowa 240gel baraka
tipiak,3.6009E+12,quinoa gourmand
tipiak,3.16544E+12,cereales mediterraneennes
jordans,5.01048E+12,granola amandes noisettes  graines
crownfield lidl,20621452,crownfield special flakes red fruit
marque repere grainea,3.56471E+12,muesli pepites croustillantes chocolatnoissette reduit en sucre
vita dorvita dorvitador,4.05649E+12,rapsol
ritz bakery,5.00014E+12,the original cracker
tijen water,6.19148E+12,eau minerale naturelle
cauldron,5.01368E+12,marinated tofu
bertinet bakery,5.06024E+12,seeded sourdough
the foodie market,4.0886E+12,whole chia seeds
pure,5.02588E+12,buttery taste dairy free
green  blacks,7.62221E+12,ginger 60 cocoa bar
jacobs jacobs,5.00014E+12,high fibre cream crackers
alpro,5.41119E+12,danone alpror joghurt soja heidelbeere 400g
sainsburys,349215,classic houmous
proper,5.06028E+12,barbecue
emco,8.59523E+12,musli oat biscuits
chergui,6.11113E+12,daya ananas coco
hawai,5.449E+12,hawai tropical
belvita lu mondelez,7.62221E+12,melloeux fruit rouges
carrefour,3.56007E+12,biscottes completes bio
bordeau chesnel,3.02472E+12,rillettes de poulet roti
lu,3.39246E+12,lu  grany chocolate 5 cereals bar x6 125g 45oz
president,3.22802E+12,beurre gastronomique demisel
ethiquable,3.76009E+12,sucre complet de canne
petit billy,3.27322E+12,petit billy
la fournee doree,3.58722E+12,brioche tranchee a la creme fraiche
maggi,4.0055E+12,maggi
kara,8.8863E+12,natural coconut cream
hacendado,8.48E+12,atun claro en aceite de oliva
cocacolacocacola company,5.00011E+12,cocacola classic 125 liter
taureau aile,3.03836E+12,riz basmati du penjab
cocacola,5.449E+12,original taste
ferrero ferrero  kinder,40084077,kinder riegel kinderschokolade
red bull,90162800,red bull sugarfree
milbonalidl,20103286,full fat soft cheese original
ocean spray,1.2001E+12,pet 1l ocean spray class
naturli,5.70198E+12,vegan spreadable
jordans,5.01048E+12,country crisp with sunripe strawberries imp
grandessa,4.0886E+12,mighty yeast extract with added vitamins
highgate fayre,20574093,runny honey
tesco,5.05755E+12,multiseed batch
harvest morn aldi,4.0886E+12,multigrain hoops
kallo,5.01367E+12,very low salt organic chicken
naked bacon,5.06006E+12,unsmoked back bacon rashers
sainsburys basics,1708752,just snax tortilla chips
deliciously ella,5.06048E+12,hazelnut pecan  maple oat bars
la vache qui rit,3.07378E+12,le bloc
afia,6.11125E+12,afia huile de table
landor maroc industries,6.11127E+12,fondiz
star,6.11118E+12,assaisonnement au citron
aldi,4.0886E+12,2 stonebaked baguettes
nestle nutrition,8.44529E+12,solis
jasons sourdough,5.02513E+12,sliced white sourdough bread with protein
tropicana,3.50211E+12,tropicana 100 oranges pressees sans pulpe format familial 15 l
lu mondelez international,7.62221E+12,la paille dor aux framboises
bridelice,3.15525E+12,creme legere fouettee 20 mat gr
fuze tea,5.449E+12,pet 125l fuzetea peche hib
bonne maman,3.17853E+12,bonne maman  quatre quarts 500g 176oz
envia,20266387,fromage blanc nature
marie,3.16635E+12,cabillaud sauce citron riz aux petits legumes
carrefour,3.27019E+12,huile dolive
milka mondelez,7.6223E+12,choco wafer
solmar freshona,20468583,graodebico chickpeas lidl
brets,3.49791E+12,chips saveur sel  vinaigre
herta le bon paris,3.15423E+12,herta le bon paris jambon a letouffee x4 170g
venmondo,4.05649E+12,oat unsweetened
quorn,5.0195E+12,mince
yeo valley,5.01407E+12,natural proper organic bio live yeogurt
cucina,4.0886E+12,tomato passata
aichaextra,6.11102E+12,confiture dabricots extra aicha
kettle,5.01776E+12,lightly salted potato chips
emco,8.59523E+12,musli oat biscuits blueberry
dost,6.11125E+12,lait uht entier
jaouda,6.11124E+12,omar
danone danone set plain,3.03349E+12,danone le nature 125 g x 4
lu mondelez,3.01776E+12,palmito loriginal
cote dormondelez international,7.62221E+12,chocolat noir bio 70
pressade,3.25469E+12,nectar de pommes  doux  bio
belvita lu mondelez,7.62221E+12,belvita original   biscuits petit dejeuner miel  pepites de chocolat
entremont,3.12393E+12,comte
coeur de lion,3.17658E+12,camembert
bjorg,3.22982E+12,epeautre noisette bjorg
bridelight,3.15525E+12,bridelight le bon moelleux allege 5mg 350g
lidl navarre,20711115,cassonade
kuhne,4.0122E+12,rostzwiebeln
curly intersnack vico,3.33697E+12,curly cacahuete loriginal
brioche pasquier pasquier,3.18218E+12,grilletine
saint agur savencia,3.3415E+12,saint agur
ebly,3.4874E+12,loriginal
bien,3.76005E+12,pain mie sandwich bio complet sans sucres ajoutes 500g
freshona,20166090,red kidney beans
nestleextrafino,7.61304E+12,chocolate con leche
herta,3.15423E+12,herta blanc poulet nature conservation sans nitrite x4 140g
alesto,20353032,melange de noix et dolives
tyrrels,10600425,chips sea salt  cider vinegar
walkers,51000009,salt and vinegar flavour potato crisps
becel,8.7192E+12,proactiv original
birdseye,5.00012E+12,10 potato waffles
amoy,5.00011E+12,dark soy sauce
harvest morn,4.0886E+12,bran flakes
worldwide foods,4.0886E+12,french inspired lentils
tesco finest,5.05737E+12,ready salted crisps
mackies of scotland,5.01226E+12,traditional dairy ice cream
bear,5.06014E+12,cocoa alpha bites
very lazy,5.01282E+12,chopped garlic
ryvita,5.05097E+12,crisp bread blackpepper
tesco,5.05951E+12,all butter shortbread fingers
revey tchico,6.11127E+12,pate a tartiner noisettes
caprice des dieux savencia,3.16171E+12,caprice des dieux
amora,3.25055E+12,moutarde fine et forte flacon souple
st michel,3.17853E+12,petites madeleines
vrai,3.27322E+12,fromage blanc au lait de brebis
elle  vire,3.45179E+12,elle  vire creme fraiche epaisse legere 12mg poche 328g
schweppes,3.12448E+12,schweppes indian tonic
andros andros gourmand  vegetal,3.60858E+12,mousse au chocolat vegetal au lait de coco 4 x 55 g
siggis,3.02329E+12,skyr framboise
bellarom,4.05649E+12,goody cao
fromarsac savencia st moret,3.27277E+12,st moret ligne et plaisir
hacendado,8.48E+12,havarti light
kikkoman,8.71504E+12,kikkoman soyasaus glutenfrei
soummam,6.13076E+12,jbn tzj
leonce blanc,3.17406E+12,confiture 70 de fraise
la vie,3.77002E+12,rostlinna slanina
planta fin,8.7192E+12,planta fin tartine et cuisson
califia farms,8.13636E+11,oat milk
lotus lotus bakeries,5.41013E+12,the original speculoos
delice,6.19404E+12,lait demi ecreme uht
tesco,5.00012E+12,italian tomato passata
leaderfood,6.11124E+12,fakiat
moser roth,4.0886E+12,dark chocolate
heinz,5.00016E+12,sundried cherry tomato  basil
dorset cereals,5.01836E+12,honey granola
waitrose,5.00017E+12,milk single origin chocolate
chergui,6.11113E+12,chergui proteine
too goodfrance,3.24555E+12,snack poppe th
saladinettes,20023751,carottes rapees a la ciboulette
suzi wan,4.00236E+12,lait de coco
kub ormaggimaggi kub or,7.61304E+12,maggi kub or loriginal  128g
barilla,8.0768E+12,pates spaghetti ndeg5 1kg
herta,7.61304E+12,herta pate a pizza fine et rectangulaire 390g
alter eco,3.70021E+12,chocolat noir 75 perou
lidl sondey,4.05649E+12,carres graines pepites de chocolat
barilla,8.07681E+12,pesto alla calabrese 190g
pure via,3.32976E+12,sucre pure via specialpatisserie
milka mondelez,7.6222E+12,milka aux noisettes
sacla,8.00106E+12,sundried tomato pesto
boursinboursin atartinercore cheese,3.07378E+12,boursin ail et fines herbes
maille,8.72018E+12,maille moutarde a lancienne
vico,3.33697E+12,chips de lentilles saveur oignons caramelises
kelloggs,5.05932E+12,rice crispies
knorr,8.71257E+12,chicken stock pot 8 x
ryvita,5.01027E+12,original ryvita crackerbread
joyfood,6.11125E+12,pain de mie complet
yeo valley,5.03659E+12,greek style honey
lucien georgelin,3.33072E+12,confiture fraise sans sucre ajoutes
nestle,6.22101E+12,cerelac
extra,6.11102E+12,confiture de fraise
belvita,7.6222E+12,breakfast milk  cereals biscuits
bjorg,3.22982E+12,pain complet seigle
lindt,3.04692E+12,excellence noir caramel a la pointe de sel
schweppes,5.41022E+12,schweppes agrumes zero
cassegrain,3.08368E+12,haricots verts extrafins
nestlegarden gourmet,7.61304E+12,boulettes aux legumes
wwweight watchers,3.24883E+12,poulet au curry et noix de coco 
fanta,5.449E+12,bte 33cl slim fanta orange
gerble,3.17568E+12,gerble cacao cereales
oreo,5.01003E+12,oreo os
schar,8.0087E+12,crispbread
hacendado,8.48E+12,mozzarella pizzaroma
hacendado,8.48E+12,12 cereales y semillas
ferrero,8.0005E+12,ferrero rocher
marque repere grainea,3.56471E+12,flocons davoine
natural happiness,8.7113E+12,chia seeds
kinder,4.0084E+12,kinder pinguin
weetabix,5.01003E+12,weetabix oatiflakes
fleury michon,3.30274E+12,roti de poulet  100 filet
warburtons,5.01004E+12,warburtons 6 brown sandwich thins
allinsons,5.01009E+12,classic medium sliced wholemeal bread
gerble,3.17568E+12,petit dejeuner fruits rouges
pizza express,5.02453E+12,classic margherita mozzarella  tomato pizza
lidl,4.05649E+12,green pesto
halta,8.00417E+12,halta cucina
birds eye,5.00012E+12,cod fish fingers
cholula,49733000215,cholula hot sauce
knoor,6.11101E+12,knorr beef flavored buillon cubes  8 cubes
taste the difference,363167,wholemeal sourdough bread
excelo,6.11126E+12,crakes choc
jaouda,6.11124E+12,delicimo  stracciatella
unknown,6.11103E+12,oreo chocolate
cereal bio,3.17568E+12,les galettes orge et boulgour au chevre miel
general mills old el paso,8.41008E+12,8 tortillas  ble nature
cote dormondelez,7.62221E+12,noir amandes entieres
marque repere epi dor scamark filiale e leclerc,3.5647E+12,pain de mie grandes tranches complet
cocacola,5.449E+12,cocacola
extra sapori ditalia,3.56007E+12,queso rallado parmesano
freshona,20153229,mais
leroux,3.06714E+12,chicoree soluble nature bio 100g
le fromage fouette madame loik paysan breton,3.23624E+12,paysan breton  le fromage fouette madame loik  echalote ciboulette
terra delyssa,6.19151E+12,organic extra virgin olive oil
colacao,8.41001E+12,cola cao el original
may tea,3.12448E+12,pet 12l maytea peche
fleury michon,3.30274E+12,le moelleux
tarte en or herta,3.15423E+12,herta tarte en or pate brisee 230g
ferrero,8.0005E+12,raffaello  confetteria  kokos  mandelcreme
ktc,5.01364E+12,pure creamed coconut
jaouda,6.11124E+12,perly facon tarte aux fraises
tonys chocolonely,8.71768E+12,milk caramel sea salt chocolate
savour bakes,4.0886E+12,multigrain rice cakes
al boustane,6.11118E+12,nectar orange
aiguebelle,6.11102E+12,chocolat tentation noir gourmand amandes
four seasons,4.0886E+12,mixed beans
milkamondelez,7.6223E+12,cake  chock
bridelice,3.15525E+12,creme fraiche epaisse
hacendado mercadona,8.48E+12,linnea v 0 azucares anadidos
crownfield lidl nordgetreide,20101268,nougat bits
garden gourmet,7.61304E+12,garden gourmet nuggets soja 200g
harrys,3.22886E+12,brioche tranchee nature ss additif
bio village marque repere,3.56471E+12,sirop dagave
fin carre lidl,20029838,haselnuss
lindt,3.04692E+12,lindt excellence dark orange intense
baresa lidl ospelt food ag,4.05649E+12,tortelloni ricotta et epinards
hacendado,8.48E+12,miel de flores
poulain,3.66435E+12,poulain grand arome intense 70 de cacao
tyrrells,5.06004E+12,sweet chilli  red pepper
hengstenberg,4.0081E+12,chucrut al estilo bavaro
actileaf,4.0886E+12,unsweetened uht soya drink
ferrero rocher,8.0005E+12,nocciola
pringles,5.05399E+12,pringles
alpro,5.41119E+12,alpro sojadrink ungesusst fresh
great valuewalmart stores inc,78742040370,purified drinking water
heinz natures pick,5.00016E+12,salad cream original
good 4u,5.06009E+12,super seeds salad topper
alesto,20412074,dried mango
aldi,4.0886E+12,pesto basil
tesco finest,5.05775E+12,wholemeal seeds and grains loaf
merchant gourmet,5.05622E+12,quinoa red  white
califia farms,8.13636E+11,oat barista blend
kelloggs,5.05932E+12,rice krispies
nairns,6.12322E+11,chocolate chip oat biscuit breaks
chergui,6.11113E+12,raibi grenadine
warburtons,5.01004E+12,old english medium sliced white bread
tesco,5.0597E+12,tortilla chips
kelloggs,5.05008E+12,cereales extra kelloggs pepites chocolat au lait
pasquier,3.25654E+12,pains au chocolat
pulco,3.12448E+12,citronnade
nestlenestle desserttablettes,7.61304E+12,nestle dessert 70 absolu 170g
brets,3.49792E+12,chips saveur chevre piment despelette
hacendado,8.48E+12,almendra natural
jd gross lidl,20706852,mints
cocacola,5.449E+12,coca cola 125ltr
cuetara,8.43417E+12,tosta rica
ferrero,4.0084E+12,raffaello
kiri,3.07378E+12,kirir creme 24 portions
tyrells,5.06004E+12,mature cheddar  chive
kikkoman kikkoman  kikkoman kk,8.71504E+12,teriyakisauce
milbonalidl,20103354,reduced fat soft cheese
rugenwalder muhle,4.00041E+12,veganer schinken spicker mortadella
lidl,4.05649E+12,bio crackers
dari,6.11109E+12,couscous moyen
alpro,5.41119E+12,organic soya unsweetened uht
nature valley,8.41008E+12,crunchy canadian maple syrup
nakd,5.06009E+12,peanut delight
nestle,7.61329E+12,shredded wheat
branston,5.06034E+12,small chunk pickle
ktc,5.01364E+12,coconut milk
maribel,4.05649E+12,crunchy peanut butter
pip  nut,5.06037E+12,smooth almond butter
rostoy seleccion,8.41026E+12,melanges de fruits
by sainsburys,1268423,italian chopped tomatoes in tomato juice
strong roots,5.39153E+12,oven baked sweet potato fries
warburtons,5.01004E+12,soft tiger bloomer
jaouda,6.11124E+12,creme cuisson
nestle,7.61304E+12,nesquik
andros,3.04532E+12,compote de pomme allegee
activia activia yoghurt nature danone,3.03349E+12,activia bifidus nature 125g x 4
nixe,20403027,thon entier au naturel
bridelice,3.15525E+12,creme legere semi epaisse 18
liebig,3.03681E+12,pursoup veloute de 10 legumes
barilla mulino bianco,8.07681E+12,baiocchi nocciola snack mb
amora unilever,8.7112E+12,amora mayonnaise de dijon flacon souple 235g
cocacolaaquarius,5.449E+12,bebida isotonica limon
violife,5.20239E+12,greek white
mcvities,5.00017E+12,mcvities rich tea biscuits
kelloggs,5.00013E+12,special k the original
minor figures,5.06041E+12,oat mlk
cross  blackwell king british,5.06034E+12,branston pickle small chunk
hovis,5.01E+12,best of both bread
daves killer bread,13764027138,thinsliced organic bread 21 whole grains and seeds
bio  me,5.06085E+12,super berry granola
baresa,20522612,tomato puree
yeo valley,5.00025E+12,yeo valley salted butter
biotiful,5.06034E+12,biotiful gut health kefir protues
alesto,4.05649E+12,soft pitted dates
be,6.11126E+12,crunchy original
sainsburys,458061,wheat and rye soughdough half bloomer
hacendado siro,8.402E+12,maria 100 integral
cereal bio,3.17568E+12,tartines craquantes multicereales
joker,3.12335E+12,1l pur jus orange joker new
soignon,3.52323E+12,saintemaure
nestle,7.61304E+12,ricore original cafe  chicoree
tipiak,3.6009E+12,tipiak graine parfume
puget,3.17805E+12,huile dolive vierge extra
puget,3.26548E+12,huile dolive vierge extra  bio
ben  jerrys,8.71133E+12,vanilov sladoled s parcheta biskviti s shokoladov chips i shokoladovi parcheta
poulain,16756168,chocolat au lait feuillete caramel
gullon,8.41038E+12,galletas maria sin azucares
leroux,3.06714E+12,chicoree liquide 250 ml
alpro,5.41119E+12,soya vanille
brets,3.49792E+12,chips de sarrasin au sel de guerande
bn,3.06199E+12,bn  strawberry cookies 285g 10oz
may tea,3.12448E+12,pet 12l maytea menthe
president,3.22802E+12,le brie
soummam,6.13076E+12,lben
menguys,3.32727E+12,menguys beurre de cacahuetes crunchy
hacendado,8.48E+12,anacardo natural
sainsburys sainsburys taste the difference taste the difference,9.35204E+12,vegemite
gerble,6163826,complet au sarrasin
tesco,5.05737E+12,black beans in water
batchelors,5.00023E+12,batchelors  mushy original
yeo valley,5.01407E+12,strawberry bio live yoghurt
new york bakery co,5.0183E+12,wholemeal bagels
ryvita,5.05097E+12,rosemary  sea salt thins
walkers,5.00033E+12,oven baked sea salt crisps
taste the difference,282123,authentic greek yoghurt
aldi,4.0886E+12,coconut milk
crosta  mollica,5.0602E+12,pizza base with tomato sauce
bisto,5.00035E+12,bisto
snackajacks,5.00033E+12,snack a jacks zingy salt  vinegar 117g
marks  spencer,938112,intense dark chocolate 85 cocoa solids
aldi,4.0886E+12,ciabatta rolls
flora,8.7192E+12,natural ingredients buttery
batts,4.05649E+12,ketchup
harrys,3.22886E+12,100 mie
lu,3.01776E+12,la barquette chocolat
saladinettes,20023775,taboule a lorientale
nestle garden gourmet,7.61304E+12,le classique soja et ble
badoit,3.06832E+12,bulles de fruits pamplemousse touche de citron
amora,8.7227E+12,amora sauce burger 260g
oasisoasis tropical,3.12448E+12,oasis tropical
briau,3.57149E+12,brandade de morue
la vosgienne mondelez,3.01468E+12,bonbon a la seve de pin
kelloggs,5.05008E+12,cereales tresor kelloggs chocolat noisettes  1kg
lindt,3.04692E+12,creation rocher noir
valor,8.41011E+12,100 cacao puro natural
gullon,8.41038E+12,digestive muesli
la boulangere,3.76005E+12,10 pains au lait frais sans sucres ajoutes 350g
lays lays,3.16893E+12,pomme de terre nature
alpro,5.41119E+12,soya wholebean unsweetened drink uht
filippo berio,8.00221E+12,filippo berio extra virgin olive oil imp
maille,8.71257E+12,wholegrain mustard
arla,6.4133E+12,protein strawberry
savour bakes,4.0886E+12,scottish rough oatcakes
nestle,5.01148E+12,shredded wheat
warburtons,5.01004E+12,wholemeal loaf
heinz,8.7157E+12,seriously good vegan mayo
waitrose  partners,5.00017E+12,duchy organic mayonnaise
sainsburys,1504972,full fat soft cheese
excelo,6.11126E+12,itri choco
cocacola,5.449E+12,cocacola
bonne maman,3.60858E+12,bonne maman hazelnut chocolate spread
marrakech,6.11124E+12,frut max
curly vico,3.33697E+12,curly cacahuete
lidl sondey,20884680,bio reiswaffeln mit salz
alter eco,3.70021E+12,sucre cmplet muscovado
nestle nestle dessert tablettes,7.61304E+12,nestle dessert corse 200g
hacendado mercadona,8.48E+12,muesli frutas
saupiquet,3.16595E+12,filets de sardines citron basilic
oasis,3.12448E+12,oasis pomme cassis framboise
bjorg,3.22982E+12,muesli
mms mars,5.00016E+12,mms cacahuetes  pack familial
taifun,4.01236E+12,rauchertofu mandelsesam
colacao,8.41001E+12,original
schweppes,3.12448E+12,pet 15l schweppes agrumes
lidl,4.05649E+12,simply porridge oats
yeo valley,5.03659E+12,kefir mango and passion fruit
lays lays,3.16893E+12,chips nature
tower gate,20114329,all butter shortbread fingers
village bakery,4.0886E+12,tortilla wraps wholemeal
nature valley,8.41008E+12,crunchy avoine  fruits rouge 5 x 42 g
rana,8.00167E+12,rana spinach and ricotta fresh tortelloni
hu,1.23E+12,hazelnut butter dark chocolate
country life,5.01017E+12,salted butter
arla,5.71195E+12,nordic oat drink
panzani,3.03835E+12,tomacouli
andros,3.60858E+12,compote pomme nature
solevita,20245900,jus dorange sans pulpe
maitre jean pierre,20840273,brioche tranchee
pagen,7.31107E+12,krisprolls
siggis,3.02329E+12,skyr vanille
amora,8.7112E+12,amora sauce crudites nature
maitre prunille,3.50249E+12,amandes grillees sans sel
kraft foods lu mondelez,3.05644E+12,petits coeurs chocolat
old el paso,8.41008E+12,sauce aperitif guacamole
kinder,5.41355E+12,schokobons
alvalle pepsico,8.42217E+12,gazpacho original
la mere poulard,3.47286E+12,le sable pur beurre
lindtsprungli,3.04692E+12,excellence raspberry
cocacola,90375323,coca cola zero
hacendado,8.48E+12,gazpacho tradicional
gullon,8.41038E+12,cookies sin gluten sin azucares anadidos
hacendado,8.48E+12,maria dorada
nixe,4.05649E+12,tuna fillets in brine
findus,3.59974E+12,croustibat
alcafe whole earth,5.01184E+12,crunchy peanut butter
rude health,5.06012E+12,rude almond organic drink imp
baresa lidl,20878979,pitted black olives in brine
oatly,7.39438E+12,oatly semi oat drink imp
marmite,87343397,marmite reduced salt
lyles,5.01012E+12,golden syrup
the foodie market,4.0886E+12,mixed nuts
specially selected,4.0886E+12,superseed farmhouse
alpro,5.41119E+12,danone alpror joghurt soja natur ungesusst
les conserveries marocaines doha,6.11116E+12,joly
rowan hill bakery,4.05649E+12,6 wholemeal pitta breads
aiguebelle,6.11102E+12,tentation
la vie,3.77002E+12,la vie jambon vegetal
lu belvita,3.01776E+12,belvita original petit dejeuner pepites de chocolat
bonne maman,3.60858E+12,framboise intense
pulco,3.12448E+12,ble 70cl pulco citron vert
terres  cereales bio,3.42156E+12,flocons davoine complets
bjorg,3.22982E+12,biscuits nappes de chocolat noir
tipiak,3.6009E+12,meli melo gourmand
dmbio,10581724,gemuse bruhwurfel
crownfield,4.05649E+12,crunchy muesli multi fruit
ducros,3.16629E+12,cannelle moulue
carrefour biocarrefour,3.56007E+12,sirop dagave
bridelice,3.15525E+12,bridelice creme legere fluide 12mat gr
barilla,8.07681E+12,spaghetti senza glutine
nakd,5.06009E+12,berry delight bars
brioche pasquier,3.18218E+12,pain grille
milbona,4.05649E+12,grana padano
heinz,5.00016E+12,beanz in a rich tomato sauce organic
ocean spray,1.2001E+12,pet 1l ocean spray sans sucre
nestle,8.44529E+12,kitkat cereal
walkers,5.00033E+12,walkers ready salted crisps 6pk
hacendado,8.48E+12,bebida de soja
harvest morn,4.0886E+12,muesli swiss style
kp snacks,5.00024E+12,pombear potato snacks
brooklea,4.0886E+12,greek style natural yogurt
hacendado,8.48E+12,pan de molde blanco natural rustico
hovis,5.01E+12,tasty wholemeal thick
tesco,5.05427E+12,coconut milk
star,6.11118E+12,ketchup stat 330g
creamfields,5.05755E+12,soft cheese
danoneactimel,6.11103E+12,actimel
rostoy,8.41026E+12,frutas mezcladas
aiguebelle,6.11102E+12,aiguebelle mini chocolate
ferrero kinder mixte,4.0084E+12,kinder maxi
gerble,3.17568E+12,fourre cacao sans sucres
biscuiterie de labbaye lidl sondey,20842499,organic sesame biscuits
delisse marque repere,3.5647E+12,fromage blanc au lait demiecreme 3 de mat gr
sodebo,3.24227E+12,salade  compagnie  antibes
lindt,3.04692E+12,excellence lait extra fondant
ww weight watchers,3.24883E+12,couscous oriental legumes cuisines et poulet emince
saint louis,3.22004E+12,pack cassonade saint louis 650g
freshona,20004361,cornichons  gurken
eat real,5.02649E+12,lentil chips  sea salt flavour
laoganma,6.9218E+12,crispy chili oil
aldi,4.0886E+12,puglian extra virgin oil
heinz,5.00016E+12,light mayonnaise
deluxe,4.05649E+12,vegetable chips
valencia,6.11125E+12,jus dorange
sainsburysby sainsburys,351546,salted english butter
excelo,6.11126E+12,bono
ferrero,8.0005E+12,mon cherie
aicha,6.11102E+12,aicha tomate
chergui,6.11113E+12,douceur fromage frais
excelo,6.11126E+12,eyoo choc
zott,4.0145E+12,protein drink plus
be,6.11126E+12,top original
heudebert,7.62221E+12,heudebert ble complet
ferrero nutella bready,8.0005E+12,biscuits nutella bready x15 gaufrettes fourrees
belvitalumondelez,7.62221E+12,petit dejeuner chocolat
terres et cereales,3.42156E+12,muesli croustillant tradition
tipiak,3.6009E+12,tendres perles
lune de miel,3.08854E+12,miel de fleurs bio liquide doseur 500g
brets,3.49791E+12,chips saveur poulet braise
fitnessnestle,3.38739E+12,barres de cereales pour le petitdejeuner chocolate4
cocacola,5.449E+12,bte 33cl slim cherry coke
ebly,3.4874E+12,loriginal
hacendado,8.48E+12,mayonesa
delacre,3.11643E+12,delacre  delichoc milk chocolate cookies 150g 53oz
oatly,7.39438E+12,avena barista edition
cocacola,5.449E+12,diet coke
ferrero rocher,8.0005E+12,the golden experience
carrefour carrefourclassic,3.56007E+12,maxi tranches complet
kelloggs,5.05932E+12,raisin wheats
nakd,5.06009E+12,cocoa delight
barilla,8.07681E+12,pesto basilico e pistacchio
specially selected,4.0886E+12,really nutty granola
crosta  mollica,5.0602E+12,parmigiano reggiano  poppyseed torinesi breadsticks
rivercote,4.05649E+12,cream crackers
graze,5.05596E+12,cherry bakewell oat boosts
ms,38317,greek yoghurt
jaouda tbrk wtl,6.11124E+12,jutos
extra lait,6.11124E+12,yogo fraise
tiffany,6.291E+12,breaksta
marks  spencer,29386574,ms x zoe gut shot
star,6.11118E+12,sauce soja
calin 0 yoplait,3.32977E+12,calin
innocent,5.03886E+12,fabubleu
kelloggs smacks,5.05383E+12,smacks
lu,3.04109E+12,cracotte
kinder ferrero,8.0005E+12,schokobons
president,3.22802E+12,coulommiers 21
bjorg,3.22982E+12,creme de coco legere
freshona,4.05649E+12,compote pommes allegee en sucres
saupiquet,3.16596E+12,filet de sardine
hacendado,8.48E+12,queso queijo fresco batido
carapelli,8.00247E+12,huile dolive vierge extra vivace
siggis,3.02329E+12,skyr myrtille
harrys,3.22886E+12,harrys brioche tranchee pepites de chocolat sans additif 485g
petit navire,3.01908E+12,filets de maquereaux vin blanc et aromates
kelloggs,5.00013E+12,crunchy nut corn flakes cereal
lactalis president,3.15525E+12,president spreadable lightly salted
milbona,4.05649E+12,hazelnut flavour pudding
moma,5.06015E+12,oat barista edition unsweetened
orangina,8.43519E+12,orangina 50cl
beyond meat,8.50004E+11,beyond burger
birds eye,5.00012E+12,10 fish fingers omega 3
star,6.11118E+12,hot sauce
trapa,8.41068E+12,chocolate extrafino 80 noir 0 azucares anadidos
hacendado,8.402E+12,fresa 0
oatly,7.39438E+12,no sugars oat drink
freshona lidl,4.05649E+12,coconut milk
excelo,6.11126E+12,craks
mejora,6.11102E+12,pate a tartiner aux noisettes
jaouda,6.11124E+12,yaourt banin
fleury michon,3.30274E+12,zero nitrite  le superieur
terres et cereales bio,3.42156E+12,muesli croustillant duo pepites
dr oetker,3.02703E+12,sticks bretzels dalsace loriginal
lu,7.62221E+12,prince gout tout choco au ble complet
cote dor,5.41008E+12,chocolat noir  loriginal
knorr,3.01136E+12,secret daromes plein sud
poulain,3.66435E+12,poulain
maggi,8.585E+12,maggi bouillon kub bio legumes 80g
gerlinea,3.17568E+12,biscuit chocolat cereales
cristaline,3.25438E+12,cristaline eau de source petillante 05l
wasa,7.3004E+12,original
hacendado,8.48E+12,jamon cocido natural
gerble,3.17568E+12,biscuits abricot pistache
alesto,20816438,walnuts xxl
santanna,8.02014E+12,acqua minerale naturale santanna
coca colacoke,5.449E+12,original taste
lotus,5.41013E+12,biscoff crunchy pate a tartiner
milbona,4.05649E+12,fromage a tartiner a lail et aux fines herbes
soummam 25da,6.13076E+12,soumam nature
mondelez international philadelphia,7.62221E+12,filadelfiia
tesco,5.00012E+12,fruit  fibre fruity crunch
dr oetker,4.00172E+12,ristorante pizza mozzarella
flora,8.7192E+12,margarina flora 400 g
nescafe,7.61304E+12,gold blend instant coffee
jordans,5.01048E+12,jordans natural muesli
heinz,50157709,organic tomato ketchup
crownfield,20425609,multigrain hoops
lidl,20952174,lightly salted tortilla
rivercote,40897899,grissini breadstick
everyday essentialsaldi,4.0886E+12,porridge oat
sainsburys,358149,cornflakes
tesco,5.00012E+12,white pittas tesco
grahams,5.02584E+12,kefir yogurt
ideal,6.11118E+12,cube de bouillon  boeuf beef  8 cubes
zott,4.0145E+12,protein drink plus
delisse marque repere scamark filiale e leclerc,3.5647E+12,lait demiecreme
jardin bio lea nature,3.4563E+12,pur jus de citron
barilla,8.07681E+12,pates linguine collezione 500g
petit yoplait std yoplait,3.32977E+12,petit yoplait
alpen,5.01003E+12,swiss style muesli
elle  vire,3.45179E+12,la creme entiere de normandie 30mg
kelloggs,5.05383E+12,cereales tresor  chocolat au lait
jardin bio jardin biologique lea nature,3.76002E+12,bouillon cube legumes sans sel sans gluten
hacendado,8.48E+12,tomate frito
famille michaud,3.08854E+12,miel de france
carapelli,8.00247E+12,huile dolive vierge extra classico
alpro,5.41119E+12,alpro fermentiertes kokosnussprodukt natur absolutely 350g
amora,8.71052E+12,amora mayonnaise 5 ingredients 400g
petit navire,3.01908E+12,filet de maquereaux saveur moutarde a lancienne
hacendado,8.48E+12,havarti cremoso
nestle,7.61303E+12,lion cereal with caramel and chocolate
haribo,3.10322E+12,300g dragibus soft haribo
pilos,20126391,kefir 15
kelloggs,5.05932E+12,kelloggs fruit  fibre 700g
hacendado,8.48E+12,kefir natural
hacendado,8.48E+12,bebida de almendras enriquecida con calcio y vitaminas
findus,3.59974E+12,epinards haches a la creme fraiche
nestle,8.44529E+12,shreddies
lyles,5.01012E+12,golden  syrup
jacksons,5.05614E+12,mutigrain brown
warburtons,5.01004E+12,medium sliced soft white bread
casa tarradellas hacendado,8.48E+12,pechuga pavo  finas lonchas
aldispecially selected,4.0886E+12,ancient grains farmhouse bread
heck,5.06032E+12,chicken italia 10 chipolatas
warburtons,5.01004E+12,danish lighter white bread
cadbury,7.6222E+12,dairy milk
specially selected,4.0886E+12,very berry granola
graze,5.05596E+12,chilli and lime protein nut crunch
sainsburys,1789621,runny honey
sainsburyssainsburys,392730,ugandan dark chocolate
kallo,5.01367E+12,sea salt  cider vinegar veggie cakes
galbani,8.00043E+12,mozzarella
primevere,3.15525E+12,primevere doux sans huile de palme
pagen,7.31107E+12,golden wheat swedish krisprolls 79oz 225g
marque repere les croises scamark filiale e leclerc,3.5647E+12,emmental rape
bonne maman,3.17853E+12,gateau marbre au chocolat
hacendado,8.48E+12,atun claro al natural
ferrero,80895237,nutela
nestle nestle dessert,7.61329E+12,nestle dessert pate a tartiner 340g
ethiquable,3.76009E+12,perou grand cru amazonas 70 note de fruits rouges
hacendadomercadona sa,8.48E+12,pipas tostadas gigantes aguasal
carrefour carrefour selection,3.56007E+12,chocolate negro
carrefour,3.56007E+12,le pain aux cereales
carrefour biocarrefour,3.27019E+12,vinaigre de cidre bio
hacendado,8.48E+12,muesli crunchy chocolate
taifun,4.01236E+12,filets de tofu a la japonaise
gullon,8.41038E+12,digestive choco
kelloggs,8.01027E+12,corn flakes
fleury michon,3.30274E+12,parmentier de saumon sauce ricotta epinards
don simon,8.41026E+12,limonada natural
bjorg,3.22982E+12,avoine sans sucre
maitre jean pierre,4.05649E+12,cracker epeautre et 3 graines
herta,3.15423E+12,herta lardons fumes conservation sans nitrite  2x75g
meridian,5.01421E+12,smooth peanut butter
weetabix,5.01003E+12,weetabix crunchy bran
kelloggs,5.05008E+12,rice crispies multigrain shapes
colmans,50147311,colmans mustard imp
tesco,5.00012E+12,scottish oats
kelloggs,5.05383E+12,bran flakes
carrs,5.00017E+12,melts cheese
crownfield lidl,4.05649E+12,muesli crunchy
old el paso,8.7272E+12,refried beans
ready brek,5.01003E+12,ready brek original
yeo valley,5.03659E+12,super thick kerned yogurt
actileaf,4.06146E+12,oat milk
aiguebelle,6.11102E+12,napolitain noir
bonne maman,3.04532E+12,bonne maman strawberry and wild strawberry 370g
chergui,6.11113E+12,juice
sainsburys,19101,shortbread all butter fingers
cheetos,8.4102E+12,cheetos sticks palitos
modern baker,5.06053E+12,superloaf
schweppes,5.449E+12,schweppes citron 45cl
nutella,8.0005E+12,nutellaeis
panzani,3.03835E+12,le ravioli pur boeuf
bonne maman,3.04532E+12,confiture framboises
bjorg,3.22982E+12,amande chocolat
maille,8.71257E+12,loriginal
vittel,3.04843E+12,vittel eau minerale naturel 50cl
belvita,3.01776E+12,duo fourre gout chocolat  noisette 
ker cadelac,3.25943E+12,le moelleux
vemondo,4.05649E+12,bio napitak od zobi
entremont,3.12393E+12,emmental francais sans additif
carrefour,3.24541E+12,avoine
hacendado,8.48E+12,margarina 100 vegetal
gullon,8.41038E+12,galletas desayuno zero sin azucares
mutti oluf lorentzen as,8.00511E+12,geschalte tomaten
gullon,8.41038E+12,mini mix
lurpak,5.7409E+12,lurpak spreadable slightly salted
nongshim,8.80104E+12,shin ramyun noodle
batts,20201838,dijon mustard
lucien georgelin,3.33072E+12,pate a tartiner 40 noisettes du lotetgaronne et cacao
pilos,4.05649E+12,krave maslo 82
kelloggs,5.05932E+12,special k chocolat noir
napolina,5.01006E+12,chopped tomatoes
eat natural,5.0138E+12,low sugar granola wholegrain oats almonds  seeds
cravendale duracell tesco,5.00018E+12,semiskimmed milk 4pts
cauldron,5.01368E+12,lincolnshire sausages
barillagran cereale,8.07681E+12,gran cereale classico fiocchi d avena farrone orzo
hovis,5.01E+12,granary wholemeal bread
weetabix,5.01003E+12,protein
aldi,4.0886E+12,chunky chopped tomatoes
vemondo,4.05649E+12,coconut and rice milk
mousline,3.76038E+12,mousline nature
new covent garden,5.05605E+12,vegetable soup
kerrygold,5.01104E+12,softer butter
yeo valley,5.03659E+12,fruity favourites
kettle,5.01776E+12,lightly salted potato chips
the foodie market,4.06146E+12,smooth peanut butter no added palm oil
waitrose,5.00017E+12,baked beans in tomato sauce
crownfield,20508111,malt wheaties
tulipan,8.7192E+12,mantequilla tulipan
rafii,6.11124E+12,douceur de fromage
harrys,3.22886E+12,pain de mie american sandwich complet sans sucres ajoutes maxi 900g
ferreronutella bready,8.0005E+12,nutella bready
lidl sondey,20081232,captain rondo cacao
lu,3.39246E+12,grany noisettes 5 cereales
biscuiterie dagen,3.1775E+12,unleavened breads
bjorg,3.22982E+12,quinoa tomates olives
bonne maman,3.17853E+12,tartelettes citron
cereal bio,3.17568E+12,ravioli au tofu tomates basilic
mailler,8.71257E+12,maille cornichons extrafins loriginal bocal 380g
casa azzurra granarolo,3.76006E+12,parmigiano reggiano
cereal bio,3.25901E+12,galettes millet et boulghour aux champignons
daddy,3.16543E+12,profil pack pure canne bio kraft daddy 750g
hacendado,8.48E+12,chocolate negro 0 azucares anadidos 85 cacao
the rustik bakery,8.4126E+12,hogaza masa madre y cereales
hacendado,8.48E+12,leche desnatada proteinas sin lactosa
hacendado,8.48E+12,proteinas natural
schar,6174988,pan grati
hacendado,8.48E+12,integral familiar 100
hacendado,8.48E+12,aceite de coco virgen
marque repere grainea,3.56471E+12,grainea muesli  4 noix
pringles,5.05399E+12,pringles hot  spicy
vita dor,4.05649E+12,slunecnicovy olej
kelloggs,5.05383E+12,corn flakes cereal
linda mccartney,5.01401E+12,2 vegetarian mozzarella burgers
sa schweppes international,3.12448E+12,schweppes agrumes zero 15l
lidl,20975364,organic tofu
nestle,6.43435E+11,chocolat noir patissier
jus rol,5.01008E+12,ready rolled puff pastry sheet
heinz,5.00016E+12,beanz
milbona pilos,4.05649E+12,bio krave maslo 82
tesco creamfields,5.05775E+12,greek style natural yogurt
ryvita,5.05097E+12,fruit crunch crisp
tesco,5.05755E+12,spinach and ricotta tortelloni
marks  spencer,29210053,crafted signature sourdough bread
valencia,6.11125E+12,abtal
heinz,5.00016E+12,tomato grana padano  mascarpone
crosta  mollica,5.0602E+12,piadina
kiri,6.11103E+12,kiri carre 12p
lidl,4.05649E+12,bio mangolime
nocilla,8.41001E+12,nocilla original
revey,6.11127E+12,tchico peanuts
belin mondelez,7.62221E+12,monaco
harrys,3.22886E+12,pain ams complet
st michel,3.17853E+12,madeleines aux oeufs de poules elevees en plein air
innocent,5.03886E+12,super smoothie antioxydant
grand fermage,3.52323E+12,beurre demi sel aux crisraux de sel de mer de noirmoutier
cote dor mondelez,5.41008E+12,200g choc lait cote d or
heudebertlumondelez,3.39246E+12,crackers heudebert
kerrygoldornua deutschland,4.00195E+12,kerrygold  extra ungesalzen
saint agur savencia,3.28064E+12,saint agur creme
le guerandais,3.44585E+12,sel moulu de guerande
maggi,7.61304E+12,maggi bouillon kub legumes
hacendado,8.48E+12,tomate frito receta artesana
maille,8.7121E+12,maille moutarde fine de dijon loriginale verrine 165g
barilla,8.0768E+12,pates spaghettini ndeg3 500g
delta,5.20104E+12,yaourt grec
barilla mulino bianco,8.07681E+12,gran cereale cioccolato
violife,5.20239E+12,cremeux saveur original
weetabix,5.01003E+12,weetabix organic imp
eat natural,5.0138E+12,crunchy nut bars with peanuts  chocolate
heinz,50457878,classic barbecue
hellmans,8.71811E+12,light mayonnaise
abram lyle  sons,5.01012E+12,lyles golden syrup
hacendado,8.48E+12,cocktail natural
vemondo,4.05649E+12,boisson au soja sucre
nakd,5.06009E+12,raw fruit  nut bars  salted caramel
lidl,4.05649E+12,sussstoff
vemondo,4.05649E+12,barista oat milk  vemondo
happyvore,3.76032E+12,supremes panes vegetaux et gourmands
stockwell  co,5.05755E+12,baked beans
naturya,5.06024E+12,naturya organic cacao powder
nature valley,8.41008E+12,barres proteinees aux chocolat et cranberries sans gluten
sting,8.90208E+12,sting energy
marks  spencer,29210039,seeded sourdough loaf
rugenwalder muhle,4.00041E+12,vegane pommersche schnittlauch
star,6.11118E+12,sauce andalouse star 290 g
extra special asda extra special,5.05478E+12,madagascan dark chocolate
deliciously ella,5.06048E+12,cacao  orange oat bars
nestle cheerios,7.61304E+12,cheerios bio cereale 375g
cocacola,5.00011E+12,pet 50cl coca cola
alter eco,3.70021E+12,hazelnut based chocolate spread
marque repere epi dor,3.5647E+12,10 pains au lait au levain
pulco,3.22536E+12,ble 70cl delices agrumes pulco
william saurin,3.26106E+12,le cassoulet mitonne
la baleine,3.18328E+12,sel fin iode et fluore
mutti,80042532,doppio concentrato di pomodoro
findus,3.59974E+12,colin dalaska msc facon fish  chips
chabrior,3.25039E+12,flocons davoine complete 500g
barilla,8.07681E+12,pesto basilico vegan
barilla,8.07681E+12,penne rigate senza glutine
milbona vemondo,4.05649E+12,bio organic almond drink
heinz,8.7157E+12,ketchup
hacendado,8.48E+12,muesli con frutos secos
barillamulino bianco,8.07681E+12,pan bauletto bianco
bonduelle,3.08368E+12,carottes rapees au citron de sicile
yoplait,3.32977E+12,skyr nature 8x nature
hacendado,8.48E+12,bebida avena calcio
hacendado,8.48E+12,jamon cocido extra
vitalait,6.19151E+12,lait uht demiecreme
the growers harvest tesco,5.05775E+12,soya drink unsweetened
warburtons,5.01004E+12,toastie white bread
vemondo,4.05649E+12,boisson au soja
dr oetker,4.00172E+12,ristorante pizza tonno
hilltop everyday,5.0603E+12,blossom honey
sprite,90418945,sprite
deluxe lidl lidl deluxe,4.05649E+12,british cold pressed rapeseed oil
jacobs,5.00014E+12,cream crackers original
whole earth,5.01367E+12,drizzler super smooth peanut butter
proper,5.06028E+12,proper corn sea salted popcorn
plant menu,4.06146E+12,organic super firm tofu
yutaka,5.01428E+12,white miso
deliciously ella,5.06048E+12,peanut butter oat bar
assylor,6.11125E+12,pain de mie complet
alpro,5.41119E+12,alpro sabor natural con coco
montezumas,5.06072E+12,black forest cherry dark chocolate
gastro mixte,6.11126E+12,pizzarella premium
doritos,3.16893E+12,doritos gout nature
baraani,6.11127E+12,baraani
lu,7.62221E+12,prince   gout lait   choco au ble compet
bonne maman,3.04532E+12,confiture fraises
marie,3.24883E+12,pate a tarte brisee  pur beurre
garden gourmet,7.61304E+12,garden gourmet pave gourmand epinards et fromage 180g
maille,8.7141E+12,maille vinaigrette legere vinaigre de vin rouge  echalotes 36cl
nestle maggi,7.61303E+12,maggi bouillon kub volaille 180g
carrefour bio carrefour,3.27019E+12,moutarde de dijon
amora,8.7112E+12,amora sauce crudites caesar bouteille 380ml
jardin biojardin biologiquelea nature,3.30713E+12,ratatouille a la provencale
la boulangere,3.76005E+12,6 pains suedois 180g
dr oetker ancel,3.01893E+12,bretzels dalsace maxi
marque repere epi dor,3.5647E+12,petits pains grilles ble complet
bjorg,3.22982E+12,coco sans sucres
bio village marque repere,3.56471E+12,lait amande calcium
hacendado,8.48E+12,postre lacteo proteinas natural 0 mg 10 g proteinas
bellarom,20941130,cappucino
hell,5.99988E+12,hell
illy,8.00375E+12,illy classico 100 arabica 250g
gusto,5.94187E+12,maispops
jardin bio jardin bio etic lea nature,3.4563E+12,fourres chocolat
benedicta,3.6606E+12,mayonnaise
milbona,4.05649E+12,high protein joghurterzeugnis  heidelbeere
hellmanns,8.7112E+12,vegan mayo
herta le bon paris,3.15423E+12,herta le bon paris jambon a letouffee x6 255g
lipton,3.16893E+12,ice tea
sainsburys,357937,semi skimmed milk
bear,5.06014E+12,yoyos strawberry multipack 5 x
new york bakery co,5.0183E+12,bakery co 5 the original bagels fresher for longer
tesco,5.00036E+12,balsamic vinegar of modena
tesco,5.05114E+12,dijon mustard
the collective,5.05614E+12,suckies strawberry
proper,5.06028E+12,salt  vinegar lentil chips
tesco,5.05775E+12,mayonnaise
excelo,6.11126E+12,chocup milky
jaouda,6.11124E+12,ghilal
chergui,6.11113E+12,daya mini vani
excelo,6.11125E+12,capri vanille
delicia,6.11116E+12,double concentre de tomate
jaouda,6.11124E+12,lactose free uht milk jaouda
bio  me,5.06085E+12,cocoa  hazelnut gutloving granola
star,6.11118E+12,star sauce salade au basilic
carte dor les essentiels,8.71133E+12,carte dor les essentiels glace creme glacee vanille 700ml
nooco,6.11127E+12,6.11127E+12
bimo,6.11103E+12,golden
nestle nesquik,7.61304E+12,nestle nesquik cereales 450g
cocacola,54491014,coca cola original taste
gavottes,3.43141E+12,crepes dentelle  lauthentique
lotus bakeries lotus,5.41013E+12,lotus gaufre de liege  perles de sucre  315g 7x1p
cereal bio,3.17568E+12,cuisine cappelletti
nestle,3.02329E+12,petit nesquik
lactalis president,3.03222E+12,president burger cheddar emmental 12 tranches 200g
knorr unilever,3.01136E+12,knorr soupe minestrone a lhuile dolive 104g 4 portions
barilla,8.07681E+12,provencale 400g fra
combino,20023218,sauce tomate napolitaine
maille unilever,3.03681E+12,vinaigre de cidre
evian,3.06832E+12,evian 75cl pet
hacendado,8.48E+12,pan 30 avena
lidl maribel,20276515,miel de fleurs cremeux
crownfieldlidl,4.05649E+12,muesli crunchy 0
cote dor mondelez,7.62221E+12,loriginal noir
babybelmini babybel,3.07378E+12,mini babybel original
babybel mini babybel,3.07378E+12,babybel
hacendado,8.48E+12,digestive avena
noel,8.41078E+12,pechuga de pavo al corte
tesco,5.05775E+12,reduced sugar and salt baked beans
hacendado,8.48E+12,picos 100 integrales
tesco,5.03102E+12,extra virgin olive oil
dr oetker,5.00025E+12,baking powder
tesco,5.03102E+12,scottish rough oatcakes
heinz,50157655,chef ketchup
deliciously ella,5.06048E+12,apple  raisin oat bar
bjorg,3.22982E+12,galettes riz chocolat noir
aldicowbelle,4.0886E+12,british unsalted butter
trader giottos,414234,tortilla chips
lidl,4.05649E+12,spreadable west contry butter
lee kum kee,78895126389,premium dark soy sauce
mockingbird,5.06041E+12,raw greens virgin smoothie
nestle,6.22101E+12,cerelac
brioche pasquier,3.18767E+12,pancakes sans conservateurs farine de ble issue de moulins francais
cereal bio,3.25149E+12,croq soja a la provencale
lu,3.01776E+12,prince petit dej
activia danone,3.03349E+12,activia bifidus saveur citron
maille,8.7227E+12,vinaigre balsamique de modene 25 cl
harrys,3.22886E+12,doo wap pepites choco
andros,3.04532E+12,pomme vanille
tramier,3.01723E+12,olives noires confites denoyautees bocal 150g
bridelice,3.15525E+12,ma creme anglaise
fromarsac savencia st moret,3.27277E+12,st moret ligne  plaisir 8  minis
kelloggs,5.05383E+12,special k high protein
st hubertst hubert omega 3,3.36632E+12,matiere grasse
combino,20037154,tomatensauce
yum yum,8.85202E+12,shrimp flavour
bautzner bautzner,4.01286E+12,senf ms
spa,5.41001E+12,spa reine
wasa,7.3004E+12,vollkorn roggen
parmentier,3.01908E+12,sardines huile dolives et piment
volvic,3.05764E+12,eau minerale
amora,8.71052E+12,amora mayonnaise 5 ingredients 235g
lotus,5.41013E+12,lotus biscoff speculoos fourre  creme speculoos  150g
allergo gerble look,6163772,cake fourre saveur fraise
almette,4.00267E+12,almette cu smantan
pringles,5.05399E+12,pringles cascaval
terrys,3.66435E+12,chocolate orange milk
freshona freshona  lidl,20166083,kichererbsen
dr oetker,4.00172E+12,ristorante pizza vegetale
st dalfour,5.01427E+12,strawberry high fruit content spread
pataks,5.01131E+12,tikka masala paste
anitin,8.4231E+12,100 trigo espelta integral
nestle,8.715E+12,sweetened condensed milk
danone,6.11103E+12,bledilait croissance
tesco,5.00012E+12,tesco smooth peanut butter 340g
monte regale,8.00488E+12,monte regale italian spaghetti
cadbury,7.62221E+12,bournville dark chocolate bar
fleury michon,3.30274E+12,le couscous a la marocaine
chergui,6.11113E+12,daya vani sghira
yeo valley,5.03659E+12,kefir
mcvities,5.00017E+12,mcvities rich tea delights
warburtons,5.01004E+12,bakers bloomer
eat real,5.06088E+12,lentil chips
carrefour biocarrefour,3.27019E+12,lait demiecreme sterilise uht
bonne maman,3.60858E+12,confiture fruits rouges intenses
maille,8.7121E+12,vinaigre balsamique
jean herve,3.39039E+12,puree de cacahuetes
paysan breton,3.41229E+12,beurre moule doux
bordeau chesnel savencia,3.02472E+12,rillettes du mans  la veritable
carrefour,3.27019E+12,fromage blanc nature 3
ker cadelac,3.25942E+12,ker cadelac  madeleines original recipe 600g 212oz
st michel,4.0171E+12,la grande galette 1905
lu mondelez,5.41004E+12,grany moelleux fruit des bois
orangina,3.12448E+12,orangina
bonduelle,3.08368E+12,mais sans sucres ajoutes bonduelle 285g
dr oetker ancel,3.02703E+12,sticks et bretzels dalsace
amora unilever,8.71257E+12,amora mayo fouettee 398g
ferrero,8.0005E+12,nutella
gerble,3.17568E+12,moelleux pepites de chocolat
carrefour biocarrefour,3.56007E+12,flocons davoine
sondey,20093709,galettes bretonnes pur beurre
paturages selection intermarche,3.25039E+12,fromage blanc 32 de matiere grasse
vichy,3.66435E+12,230g vichy menthe
vita dor,20615284,omega3
hacendado,8.48E+12,nata cocinar
rapunzel,4.00604E+12,nussnougatcreme
mission,8.71064E+12,wraps au ble nature
danone,3.03349E+12,hipro saveur vanillecookie
saladinettes,20023782,celeri remoulade
alesto,40893532,cashew nuts
hacendado,8.48E+12,feta denominacion de origen protegida
st hubert st hubert omega 3,3.36632E+12,st hubert omega 3 demi sel
hacendado,8.48E+12,bebida de arroz y avellana
brets,3.49792E+12,chips saveur pesto mozzarella
nana nature addicts,3.6092E+12,rice crackers finement sale promotion
bonduelle,3.08368E+12,lunch bowl
fleurs michon,3.30274E+12,blanc de poulet dore au four
heinz,50457656,tomato ketchup less sugar  salt
babybel mini babybel,3.07378E+12,mini original
kelloggs,5.00013E+12,corn flakes 1kg
mondariz,8.41204E+12,agua mineral natural
lindt,3.04692E+12,lindt excellence milk chocolate 100g
sprite,5.449E+12,sprite slim 25cl
tesco finest,5.05775E+12,super nutty granola
yeo valley,5.03659E+12,0 fat vanilla yogurt
penn state,5.03244E+12,baked pretzels original sea salted
kelloggs,5.05932E+12,frosties
asda,5.05478E+12,superseded sliced loaf bread
sainsburys,1162615,red kidney beans in water
kelloggs,5.05932E+12,coco pops
pombear,5.00024E+12,pombear original 6pk
the foodie market,4.0886E+12,walnut halves
chergui,6.11113E+12,jnane
star,6.11118E+12,star mayonaise
le berger,6.11125E+12,ftoury fromage blanc
bol,5.06043E+12,one pot meal coconut lentil turmeric daal
ms food,635684,6 wholemeal pittas
danone,3.03349E+12,skyr a boire gout vanille
harrys harrys ne a chateauroux,3.22886E+12,pain de mie american sandwich nature sans sucres ajoutes 550g
daddy,3.16543E+12,sucre de glace
bjorg,3.22982E+12,flocons davoine 4 graines et raisins
pure via whole earth whole earth sweetener co,3.32976E+12,stevia
mars,40111216,bounty 2x
bjorg,3.22982E+12,bjorg amande vanille
lu pelletier,3.39246E+12,toast brioche
old el paso,8.7272E+12,tortilla de mais et ble
club mateloscher,4.02976E+12,clubmate original
bio villagemarque repere,3.56471E+12,chocolat noir degustation 85 cacao bio
mondelez oreo,7.62221E+12,oreo double creme
alpro,5.41119E+12,mandel vanille geschmack
heinz,87157246,tomato ketchup
italiamolidl,20164041,tomato sauce with basil
maggi,7.61304E+12,fond de veau
sodebo,3.24227E+12,pastabox pates fraiches bolognaise
gullon,8.41038E+12,ronditas 32 chocolate
balconi,80633044,trancetto cacao
alpro danone as,5.41119E+12,high protein soja drink
danone,3.03349E+12,skyr nature
carrefour bio carrefour,3.56007E+12,100 cacao
ferrero,8.0005E+12,ferrero rocher
milbona,20103347,ervas finas
walkers,51000012,walkers supreme prawn cocktail
rowse,5.01127E+12,organic honey
nescafe,8.44529E+12,azera americano
bear bear nibbles,5.06014E+12,bear pure fruit yoyos strawberry 20g
ferrero,8.0005E+12,nutella
kelloggs,5.05932E+12,blueberry wheats
amoy,5.00011E+12,light soy sauce
cadbury,5.03466E+12,bournville cocoa
tesco,5.01837E+12,red kidney beans in water
the foodie market,4.0886E+12,cashew nuts
natural set yogurt,7.6109E+12,onken
harico,3.76026E+12,steaks de pois
itsu,5.06026E+12,miso easy traditional
consumers pride,5.01892E+12,coconut milk
mousline,3.76038E+12,puree
chergui,6.11113E+12,qshd try
lidl,4.05649E+12,tomato lentils
savola morocco,6.11125E+12,afia
stoats,5.06018E+12,4 raspberry  honey porridge oat bars
biocoop,3.76012E+12,noir 70 
le berger,6.11125E+12,cream cheese
mars,5.90095E+12,mars
tartines cuisson,6.11104E+12,magdor
lipton,6.11125E+12,lipton peche ice tea
gerble,3.17568E+12,biscuit chocolat noir
volvic,3.05764E+12,15l citron volvic
saint louis,3.22004E+12,sucre cassonade
panzani,3.03836E+12,bolognaise classique
ww weight watchers,3.76005E+12,pain de mie sans croute complet 330g
panzani,3.03835E+12,ravioli pur boeuf  sans colorant ni conservateur
bjorg,3.22982E+12,fourres vanille bio
haribo,3.10322E+12,chamallow
barilla,8.07681E+12,barilla tagliatelle 500g
dpffdanonedanone produits frais france,3.03349E+12,yaourt le nature
saguaro,20454456,finement petillante
cocacola,5.449E+12,pet 125l coca zero ct sicafe
nestle,3.02329E+12,yaos le yaourt a la grecque stracciatella 125 g
tramier,8.41018E+12,tramier optima 1l
ethiquable,3.76009E+12,haiti grand cru cap haitien 72 cacaote et fruite
carrefourcarrefour classic,3.24541E+12,pesto verde
pecheries basques,3.76E+12,brandade de morue parmentiere 2 personnes
barilla,8.07681E+12,barilla sauce tomates cuisinees 400g
jardin bio lea nature,3.4563E+12,pur beurre de cacahuete crunchy
sondey,20146092,knusper schnitte
mulino bianco,8.07681E+12,pan bauletto integrale
pasquier,3.25655E+12,briochettes
de cecco,8.00125E+12,spaghetti ndeg 12
harrys,3.22886E+12,harrys pain de mie extra moelleux complet sans sucres ajoutes 280g
ifri,6.13009E+12,eau minerale ifri
barilla mulino bianco,8.07681E+12,gran cereale frutta
ferreronutella,5.02041E+12,nutella
nestle nat,8.44529E+12,crousti fondant choconoisettes
pip  nut,5.06037E+12,smooth peanut butter
jordans,5.01048E+12,jordans country crisp
fleury michon,3.30274E+12,aiguillettes de poulet roti
cathedral city,5.0003E+12,extra mature cheddar cheese
cathedral city,5.0003E+12,extra mature cheddar
leerdammer,8.7218E+12,light
miko walls,8.7141E+12,swedish glace dairyfree smooth vanilla
knorr,8.7227E+12,chicken stock pot 4 x
crownfield,20511371,bitesize wheat shreds
meridian,5.06013E+12,smooth almond butter
bens original,3.4874E+12,riz aux champignons de paris
heinz,5.00016E+12,heinz baked beans no added sugar in tomato sauce
herta tresor de grand mere,3.15423E+12,herta tresor de grand mere pate feuilletee pur beurre 280g
bisto,5.00035E+12,gravy granules
biotiful dairy ltd,5.06034E+12,kefir drink
frieslandcampina,8.7162E+12,purisima
strings and things,5.00019E+12,cheesestrings
rowse,5.01127E+12,light  mild honey
kallo,5.01367E+12,milk chocolate rice cakes imp
asda,5.05717E+12,ugandan dark chocolate
belmont biscuits,4.0886E+12,shortbread fingers
bertinet bakery,5.06015E+12,seven seeds and grains sourdough
leka cream,6.1112E+12,chocolat
carlotti,6.11125E+12,chocolat noir aux pepites
petit navire,3.01908E+12,thon entier au nature
lu,7.6223E+12,cracotte fibres
grand fermage,3.3546E+12,beurre plaquette aop doux
bjorg,3.22982E+12,granola fruits rouges
william saurin,3.26106E+12,le cassoulet mitonne
malo,3.27869E+12,empresure chocolat intense
paturages,3.25039E+12,lait demiecreme
volvic,3.05764E+12,infusion touche dhibiscus
marque repere jafaden,3.5647E+12,jafaden
suzi wan,4.00236E+12,crema di cocco
incarlopsa,8.42138E+12,jamon serrano
marque repere tablier blanc,3.5647E+12,cassonade pure canne
bahlsenleibniz,4.0171E+12,butterkekse
casa tarradellas,8.48E+12,fuet espetec extra
taureau aile,3.03836E+12,rice basmati
nestle,7.61304E+12,arome loriginal
bumble bee foods,5.4256E+12,coconut oil
st hubert st hubert omega 3,3.36632E+12,st hubert omega 3 255 g demi sel
alesto,20054793,peanuts roasted  salted
piatnica,5.90053E+12,serek wiejski
gullon,8.41038E+12,cuor di cereale cioccolato
layslays,3.16893E+12,chips paysanne nature
whole earth,5.01184E+12,smooth peanut butter imp
u,12562213,petits pains grilles au froment
branston,5.06034E+12,branston original pickle
walkers,5.00033E+12,sensations thai sweet chilli crisps
old el paso general mills,46000283265,8 flour tortilla wraps regular
cadbury,7.6222E+12,brunch bar choc chip
tesco,3231845,yeast extract
deliciously ella,5.06048E+12,almond apple  raisin granola
sainsburysthe pet shop,1810295,plain tortilla wraps
love corn,5.06049E+12,corn smoked bbq crunchy corn
rowan hill bakery,4.05649E+12,plain tortilla wraps
rivercote,4.05649E+12,multiseed flatbread thins
napolina,5.00023E+12,lentils in water
tesco,5.052E+12,tesco sesame breadsticks
carrefour bio carrefour,3.56007E+12,pate a tartiner
jasons sourdough,5.02513E+12,sourdough bread
fage,5.20105E+12,total 0
henrys,3.3626E+12,cigar
rafii,6.11124E+12,lben rafii
brioche pasquier,3.25654E+12,brioche tressee
bonduelle,3.08368E+12,taboule oriental menthe
activia activia yoghurt cerealsfibres danone,3.03349E+12,activia bifidus cereales 120 g x 4 muesli
intersnack monster munch vico,3.33697E+12,monster munch sale
brossard,3.08887E+12,brossard le cake a langlaise
yosoy,8.42335E+12,bebida de avena
siggis,3.02329E+12,skyr vanille
garden gourmet herta sensational,7.61304E+12,garden gourmet sensational burger soja 226g
alpro,5.41119E+12,alpro fermentiertes sojaprodukt ungesusst skyr style 400g
ww weight watchers,3.16635E+12,11122024
fleury michon,3.30274E+12,risotto poulet  cepes creme fraiche petits oignons
cocacolacocacola company,5.00011E+12,cocacola zero 125 liter
colacao,8.41001E+12,colacao cero
daddy,3.16543E+12,sucre en poudre
bio village marque repere,3.56471E+12,boisson au soja nature bio
intersnackvico,3.33697E+12,la vicoise
vitasia,20521493,soy sauce
danone,3.03349E+12,hipro
gerble gerble bio,3.17568E+12,biscuits petit dej bio cereales miel
jacquet,3.02933E+12,4 pains burger geant a la farine  complete
happyvore,3.77002E+12,aiguillettes vegetales et gourmandes
panzani,3.03836E+12,panzani sce provencale 425g
carrefour bio carrefour,3.56007E+12,croustillant graines de courge et de tournesol
arla,5.00018E+12,lactofree semi skimmed milk drink 1 litre
milbona,20942182,mozzarella rapee
rama rama von upfield deutschland,8.7192E+12,rama margarine
nutella,8.0005E+12,biscuits nutella x3 biscuits fourres  414g
danone hipro,3.03349E+12,hipro mousse cacao
nature valley,8.41008E+12,protein peanut  chocolate bars
san pellegrino nestle,8.00227E+12,limonata
tesco,5.05291E+12,tesco free from red berry granola 350g
soreen,5.01874E+12,malt loaf lunchbox sized
manilife,5.06056E+12,manilife deep roast peanut butter
alesto,4.05649E+12,seed mix
alfez,5.01034E+12,alfez  harissa
marks  spencer,672566,all butter scottish shortbread fingers
james white,5.02093E+12,beet it organic beetroot juice 1 litre
lesieur,3.26547E+12,lessieur 220g
new covent garden soup co,5.05605E+12,mushroom soup
aiguebelle,6.11102E+12,mini delice amandes
crosta  mollica,5.0602E+12,black peppercorn bolli italian crackers
andros,3.60858E+12,100 issu des fruits fraise
jaouda,6.11124E+12,muscly sghir
tesco,2.83519E+11,brown sourdough bloomer
nestle chocapic,7.61304E+12,nestle chocapic cereales 645g
danone,6.11103E+12,danone
lu,3.01776E+12,granola loriginal
belvita lu,3.01776E+12,belvita petit dejeuner gout noisette et chocolat
badoit,3.06832E+12,eau gazeuse au citron
bio organic grafschafter lidl maitre jean pierre tastino,20507336,whole grain rye beard
crownfield,20621445,special flakes chocolate noir
bio village marque repere,3.56471E+12,huile dolive vierge extra
lesieur,3.26547E+12,huile coeur de tournesol
delacre,3.11643E+12,delichoc noir
chef select,20757809,hummus classic
u,3.25622E+12,fromage blanc nature 30mg pot 900g
the rustik bakery,8.4126E+12,hogaza de pan con masa madre 10
fromarsacsavenciatartare,3.27277E+12,tartare ail  fines herbes
ritter sport,4.00042E+12,dunkle vollnuss
lidlmilbona,20002183,cottage cheese
novi,8.00638E+12,crema novi haselnusscreme
barillamulino bianco,8.07681E+12,molinetti
benedicta,3.6606E+12,mayonnaise comme a la maison
yoplait,3.32977E+12,creme fraiche entiere
nature valley,8.41008E+12,crunchy oats  dark chocolate
petit navire,3.01909E+12,rillettes de saumon et de thon
balconi,8.00159E+12,wafers bfb hazelnut
alpro,5.41119E+12,kokosnussdrink mit soja barista
st michel,3.17853E+12,petites madeleines  30 de sucres
sainsburys,1817942,fruit nut and seed muesli
milka,7.62221E+12,milka
propercornjohn west,5.06028E+12,salted popcorn
jacobs,5.00014E+12,twiglets
napolina napolina napolina napolina napolina napolina morrissons,5.01006E+12,chopped tomatoes
kp,5.00024E+12,unsalted roasted nuts
tesco,5.0514E+12,fruit  nut granola
nescafe,8.44529E+12,azera americano
bens original,3.4874E+12,riz tomate a litalienne
sun bites,5.00033E+12,sweet chilli multigrain snacks
maribellidl,4.05649E+12,manteiga de amendoim cremosa
by sainsburys,440783,grissini breadsticks
covent garden soup co,5.05605E+12,covent garden soup
tesco finest,5.00044E+12,sea salted potato crisps
marks  spencer,29211920,54 cocoa dark milk chocolate bar
la vie,3.77002E+12,jambon vegetal fume
hacendado,8.402E+12,caldo de pollo
new york bakery,94360010113,nyc bagels the original
heudebert lu mondelez international,3.39246E+12,biscottes forme
yoplait,3.32978E+12,ptit yop gout fraise
elle  vire,3.45179E+12,beurre a teneur reduite en matieres grasses
paturages,3.25039E+12,lait uht 12 ecreme bio bt 1l
panzani,3.03835E+12,tomacouli
joker,3.12335E+12,pet 15l pur jus orange joker
mars mars wrigley,5.00016E+12,mars
nestle la laitiere,3.02329E+12,riz au lait
carrefour bio carrefour,3.56007E+12,amande sans sucres
taifun,4.01236E+12,tofu a lail des ours
maison briau,3.57149E+12,parmentier de saumon 
crownfield lidl,20202866,premium musli
hacendado,8.48E+12,tiras pollo al natural
lotus,5.41013E+12,lotus biscoff speculoos fourre  creme saveur chocolat  150g
cocacola fuzetea,5.449E+12,the glace peche intense
la belle 220da,6.132E+12,la belle margarine 500g
vemondo,20378066,falafel
alpro,5.41119E+12,soya drink original
jif,51500255162,creamy peanut butter
mccain,5.01023E+12,crispy french fries
la vie la vie foods,3.77002E+12,bacon vegetal fume
tesco,5.05775E+12,the growers harvest tomato passata
kallo,5.01367E+12,blueberryvan ricecorn cakes imp
tesco,5.00012E+12,wholewheat fusilli
jamie oliver,5.0301E+12,super tomato and olive quinoa
yeo valley,5.03659E+12,yeo valley organic kefir strawberry fermented yoghurt
new covent garden soup co,5.05605E+12,tomato  basil
snack a jacks,5.00033E+12,salt  vinegar flavour crispy rice and corn snack
chergui,6.11113E+12,yaourt a boire daya fraise 900g
tesco,5.05755E+12,dark rye  sunflower bread
gullon,8.41038E+12,gluten free sandwich chocolate
the fishmonger,4.0886E+12,breaded omega 3 fish fingers
dost,6.11125E+12,yaourt nature sans sucre
pepsico,6.11125E+12,sting
plenish,5.06036E+12,gluten free barista oat drink
danette,6.11103E+12,panna cotta
aldi,4.0886E+12,everyday essentials soya unsweetened
lu,7.6222E+12,mikado
andros,3.04532E+12,compote pomme nature
daddy,3.16544E+12,sucre de fleur de coco bio
bonne maman,3.60858E+12,myrtille intense
lu,7.62221E+12,prince gout vanille
panzani,3.03835E+12,panzani torti 500g
andros,3.04532E+12,pomme poire
nestle,3.70012E+12,nestle pure life
bio maggi,8.585E+12,maggi bouillon kub bio volaille 80g
connetable,3.26367E+12,foie de morue nature au sel de guerande 121g cble
u,3.25622E+12,pain de mie sandwich complet 550g
cassegrain,3.08368E+12,haricots coco cuisines aux tomates  laurier et sauge
saupiquet,3.16596E+12,filets de maquereaux sauce tomate et basilic
terres et cereales bio,3.42156E+12,tc muesli croustillant avoine amandes sans gluten
lindt  sprungli,3.04692E+12,excellence noir sesame grille
marie,3.16636E+12,paupiette de veau jardiniere de legumes
fleury michon,3.30274E+12,filet de saumon puree de brocolis
siggis,3.02329E+12,skyr nature
ethiquable,3.76009E+12,chocolat cote divoire grand cru mbrimbo
hacendado,8.41079E+12,tofu firme
alesto,20558123,mandeln gerostet  gesalzen
baresalidl,20198107,peeled tomatoes in tomato juice
kelloggs extra,5.05383E+12,extra chocolate y avellanas
pringles,5.05399E+12,pringles original
carrefour,3.56007E+12,skyr nature
brossard,3.66014E+12,savane chocolat
mlekovita,5.90051E+12,butter extra 82
minute maid,5.449E+12,minute maid orange
mutti,8.00511E+12,mutti pastasaus med parmigiano 400g
carrefour bio carrefour,3.56007E+12,muesli de quinoa y chocolate
fin carre,4.05649E+12,extra dark 85 cocoa
quorn,5.0195E+12,quorn pieces
ikea,1.20524E+12,kafferep
tesco,5.05427E+12,tesco tahini
knorr,8.7227E+12,vegetable stock cubes x
la carlotena,8.43701E+12,pechuguita pollo
warburtons,5.01004E+12,plain thin bagels
loyd grossman,5.00035E+12,tomato roasted garlic pasta sauce
yeo valley family farm,5.03659E+12,family farm raspberry
sainsburys by sainsburys sainsburys,1787306,reduced salt yeast extract
baxters,5.01243E+12,kimchi
natures path organic  kirkland,96619194261,ancient grains probiotic granola
blue dragon,5.01034E+12,thai green curry paste
lidl,4.05649E+12,smooth peanut butter
star,6.11118E+12,sauce burger gout cheese
kettle chips,5.01776E+12,sea salt  crushed black peppercorns
grandessa,4.0886E+12,squeezy honey
kiri,6.11103E+12,kiri carre 24p
star,6.11118E+12,sauce barbecue star 290g
mars incorporated,5.00016E+12,snickers
brioche pasquier,3.25654E+12,pains au lait x8
pressade,3.25469E+12,le bio orange
lactel,3.42827E+12,lait bio demiecreme sans lactose
sodebo,3.24227E+12,dolce pizza prosciutto
nestle garden gourmet,7.61304E+12,le gourmand soja poivre et persil
harrys,3.22885E+12,pain de mie longue conservation
tipiak,3.16544E+12,couscous sachet cuisson
tropicana,3.50211E+12,tropicana multivitamines 1 l
tuclumondelez,5.41004E+12,gout bacon
too good,3.24555E+12,saveur barbecue
maitre jean pierre,4.05649E+12,pain de mie
haribo,3.10322E+12,220g tagada doypack haribo
lotus,5.41013E+12,lotus dinosaurus original chocolat 225g 4x3p
suzi wan,4.00236E+12,vermicelles de riz
carrefour,3.27019E+12,emmental rape fondant
le ster,3.25276E+12,madeleines longues marbrees chocolat
kolln peter kolln gmbh  co kgaa,4.00054E+12,blutenzarte kolln flocken 100 vollkornhafer
tipiak,3.16544E+12,chapelure doree
cereal bio,3.17568E+12,galettes boulghour de ble
elle  vire savencia,3.45179E+12,elle  vire creme fraiche epaisse entiere 30mg poche 324g
barilla,8.07681E+12,napoletana
pierre martinet,3.28178E+12,salade de quinoa aux legumes
quaker,8.7101E+12,quaker cruesli frutta secca
bonduelle,3.08368E+12,pois chiches cuits dans tres peu de jus
kikkoman,8.71504E+12,sauce soja teneur reduite en sel
hacendado,8.48E+12,tomate frito receta artesana
quaker,5.00011E+12,quaker flocons davoine
hacendado,8.48E+12,rebuenas
daucy,3.0178E+12,haricots rouges cultives en france daucy 250g
fleury michon,3.30274E+12,jambon simplement bio  conservation sans nitrite
kara,8.99721E+12,organic coconut milk
hacendado,8.48E+12,tortitas de maiz 54 chocolate negro
fin carre lidl,20368197,weisse schokolade
paulaner,4.0666E+12,paulaner spezi
hacendado,8.48E+12,miel de flores
boursinboursin atartinercore cheese,3.07378E+12,boursinr onctueux ail  fines herbes
amora,8.71052E+12,amora mayonnaise 5 ingredients tube 175g
fleury michon,3.30274E+12,le moelleux
hacendado,8.48E+12,natural
heinz,8.7157E+12,heinz mayonesa
ricola,7.6107E+12,50g ricola citron melisse
linwoods,5.01689E+12,cold milled flaxseed
hacendado,8.48E+12,tomate triturado
tesco,5.00044E+12,semi skimmed milk
dairy manor morning fresh,20434861,krave maslo 805
clarks,5.06004E+12,clarks original maple syrup 180ml
hacendado,8.48E+12,pistacho tostado sal
quaker,5.00011E+12,so simple original family pack porridge
barilla,8.07681E+12,pesto basilico limone
sicam,6.19406E+12,double concentre de tomates
paysan breton,3.23624E+12,cream cheese
hacendado,8.48E+12,cocktail tostado 0 sal anadida
taste oflidl,4.05649E+12,medium egg noodles
lidl,4.05649E+12,unsweetened almond milk
cully  sully,5.39151E+12,cully  sully chicken vegetable soup
jaouda,6.11124E+12,ghani
so,410205,scottish porridge oats
sainsburys,636186,gnocchi
hacendado,8.402E+12,yogur griego ligero
excelo,6.11126E+12,belepi
saveurs de nos regions,4.05649E+12,pate a tartiner
wasa,7.3004E+12,wasa tartine croustillante sensation aux graines de chia  touche de sel 245g
jaouda,6.11127E+12,6.11127E+12
tropicana,3.50211E+12,tropicana 100 oranges pressees avec pulpe 1 l
danone,3.03349E+12,gervita nature
carrefour bio carrefour,3.56007E+12,pan tostado integral
sojasun,3.27322E+12,nature sans sucres
crueslipepsicoquakerquarker,3.16893E+12,quaker cruesli chocolat noisette
boss,3.12335E+12,jus joker multifruit
les 2 vaches,3.66134E+12,framboise delicate
blini,3.29207E+12,houmous
barilla,8.0768E+12,capellini spagetti nr 1
barilla,8.0768E+12,penne rigate
amora,8.7112E+12,amora mayonnaise de dijon bocal 235g
ovive,3.39278E+12,truite fumee de france
jardin bio lea nature jardin bio eric,3.47882E+12,spaghetti au quinoa tomate
regilait,3.04393E+12,tube caramel beurre sale
asturiana central lechera asturiana,8.4103E+12,mantequilla
danone hipro,3.03349E+12,hipro saveur coco
nixe,20043384,filets de maquereaux aux vin blanc et aux aromates
hacendado,8.48E+12,fritada pisto
marie,3.24883E+12,penne au poulet et au pesto
fleury michon,3.30274E+12,le chili con carne et son riz blanc
hacendado,8.48E+12,caldo de verduras
kinder,80177616,chocolate
vico,3.33697E+12,lextra craquante nature
bees,5.4256E+12,miel
gullon,8.41038E+12,mini bites quinoa  chia
schogetten,4.00061E+12,dark chocolate
violife,5.20239E+12,creamy original flavour
jordans,5.01048E+12,frusli juicy blueberries chewy cereal bars 6 x 180g
amora,8.72018E+12,amora moutarde forte verre 185g
kp,5.00024E+12,original salted peanuts
nordpak,4.0886E+12,spreadable lighter
mido,6.11107E+12,mais doux
soreen,5.08872E+12,sliced malt loaf
deliciously ella,5.06048E+12,cacao  almond oat bars
tesco,5.05755E+12,finest wholemeal loaf
fourat,6.19154E+12,eau minerale naturelle
bertolli,8.7192E+12,bertolli light
baresa lidl lidl baresa,4.05649E+12,wholewheat fusilli
waitrose,5.00017E+12,white sourdough bread
yeo valley,5.03659E+12,super thick organic kerned yogurt
aicha,6.11102E+12,concentre de tomates
bjorg,3.22982E+12,crunchy
yeo valley,5.03659E+12,kefir  mango  passion fruit
hacendado,8.402E+12,avena chocolate negro
fairlife,8.1162E+11,chocolate nutrition shake
hu,1.23E+12,cashew butter  pure vanilla bean dark chocolate
by sainsburys,358132,puffed wheat
tesco,5.05427E+12,cocoa powder
doritos pepsico,3.16893E+12,doritos cheese
mondelez international,7.6222E+12,ritz cracker
philadelphia,7.6222E+12,philadelphia original
bio village marque repere,3.56471E+12,lait demiecreme
le gaulois,3.26698E+12,cordon bleu le gaulois
kelloggs,5.05383E+12,cereales frosties
entremont,3.12393E+12,comte
oasis,3.12448E+12,oasis pommecassisframboise
terra delyssa,6.19151E+12,extra virgin olive oil
bonne maman,3.04532E+12,galettes pur beurre
marque repere epi dor,3.5647E+12,les craquantes ble complet
bons mayennais vaubernier,3.27524E+12,camembert
st hubert st hubert omega 3,3.36632E+12,st hubert omega 3 sans sel
lidl sondey,20928704,cake aux fruits  tranche
bonne maman,3.60858E+12,confiture abricots
crownfield,20422684,muesli bars chocolate
evian,3.06832E+12,evian mineralwasser pet 15l
u,3.25623E+12,biscottes au ble complet x36 tranches de 300g
rugenwalder muhle,4.00041E+12,schinken spicker grillgemuse
malo,3.27869E+12,yaourt au lait entier saveur vanille
la mere poulard,3.47286E+12,le palet pur beurre
auchan,3.59671E+12,muesli croustillantnoix
compagnie des peches saintmalo,3.52104E+12,breizh surimi saveur crabe x 10 sachets soit 30 batonnets
fin carre lidl,20481940,dunkle ganze mandel
bio village marque repere,3.56471E+12,boisson avoine
gerble,3.17568E+12,pain campagnard gerble sans gluten
hacendado,8.48E+12,mantequilla sin sal
kerrygoldornua deutschland,4.00195E+12,kerrgold extra xxl ungesalzen
mutti,8.00511E+12,pizza sauce
heinz,50157617,ketchup
crownfieldlidl,20353889,traubenuss musli 68 vollkorn
mars,5.00016E+12,celebrations
hacendado,8.48E+12,proteinas natillas sabor vainilla
nestle winiary,5.90009E+12,mayonese
herta,3.15423E+12,herta lardons nature conservation sans nitrite  2x75g
giovanni rana rana,8.00167E+12,cappelletti jambon cru
amora,8.72018E+12,amora must miforte 415g
lustucru lustucru selection,3.24093E+12,gnocchi 390g
hacendado,8.48E+12,pechuga de pavo
kirkland signature,96619756803,water bottled
milbona lidl,4.05649E+12,high protein pudding caramel
quorn,5.0195E+12,mince
balconi,8.00159E+12,wafers cocoa
thomas tunnock ltd,5.01098E+12,tunnocks  caramel wafer biscuits imp
tesco,5.05755E+12,tesco wholemeal bread
ferrero,8.0005E+12,nutella biscuits
clover,5.0003E+12,light fat spread
hovis,5.01E+12,tasty wholemeal 400g
maribel,4.05649E+12,smooth peanut butter
harvest morn,4.0886E+12,muesli
la hollandaise,6.1112E+12,la hollandaise 16p cheddar
the growers harvest,5.05775E+12,red kidney beans in water
arla,4.01624E+12,skyr icelandic style strawberry yogurt
tesco,5.05291E+12,0 fat greek style yogurt
daucy,3.0178E+12,curry de pois chiches aux epices douces daucy 380g
stoats,5.06018E+12,blueberry  honey porridge oat bars
lurpak,5.7409E+12,slightly salted butter
warburtons,5.01004E+12,half  half medium
the spice tailor,5.05268E+12,keralan coconut curry
saladinetteslidl,4.05649E+12,houmous
aldi,4.0886E+12,gourmet sea salt savoury crackers
bens,5.01003E+12,original classic wholegrain rice
love corn,5.06049E+12,love corn salt  vinegat
sainsburys by sainsburys,1705461,rough oatcakes
hovis,5.01E+12,hovis white
danone,6.11103E+12,activia
jaouda,6.11124E+12,jutos
chergui,6.11113E+12,fawakih
star,6.11118E+12,cornichons
el baraka,6.11118E+12,confiture de framboise
star,6.11118E+12,vinaigre
aldi,4.0886E+12,chick peas
by sainsburys,440127,cream crackers
kelloggs,5.05932E+12,coco pops
hacendado,8.402E+12,galletas chocoavena
crownfield,4.05649E+12,swiss style muesli
danone danone of the world,3.03349E+12,danone skyr 140 g x 2 nature
belin mondelez,3.05644E+12,chipster
joker,3.12335E+12,joker le fruit osp pet
lu,7.6223E+12,belvita  petit dejeuner tartine
soignon,3.52324E+12,la buche legere 30 mg
chabrior,3.25039E+12,biscottes completes sans sucres ajoutes x36
beghin say,3.17466E+12,sucre roux en morceaux
beghin say tereos,3.17466E+12,sucre
saint albray savencia,3.22211E+12,saint albray gourmand  cremeux
fleury michon,3.09576E+12,allumettes de jambon
sojasun,3.27322E+12,dessert vegetal noisetteamande 4 x 100 g
villars,7.61004E+12,chocolat noir 72 collection pure
nestle,7.61304E+12,nestle dessert lait
alestolidl alesto,20816445,nuts royal
bjorg,3.22982E+12,soja cuisine semiepais bio
sacla,8.00106E+12,sauce arrabiata
pringles,5.05399E+12,pringles hot  spicy
central lechera asturiana,8.4103E+12,leche semi desnatada
st hubert st hubert omega 3,3.36632E+12,st hubert omega doux 510 g offre decouverte
alpina savoie,3.25297E+12,les crozets au sarrasin
mutti,8.00511E+12,polpa tomates concassees fines
grumamission wrap,8.71064E+12,wraps multigrains
barilla barilla collezione,8.07681E+12,lasagne
de cecco,8.00125E+12,fusilli ndeg34
kanialidl,20051389,mayonnaise
nature valley,8.41008E+12,nature valley crunchy
lustucru lustucru selection,3.24093E+12,girasoli ricotta epinard
fleury michon,3.09576E+12,roti de porc  100  filet
fromarsac islos savencia,3.27277E+12,feta aop grecque
tomi,5.94149E+12,tomi sweet ketchup
mondelez,5.0004E+12,ritz crackers original 200 g
fleury michon,3.30274E+12,la moussaka boeuf  aubergines avec une touche de menthe douce
sarl diar ezarga,6.13408E+12,besbassa
schatze des orients,4.06146E+12,hummus natur
ferrero kinder,8.0005E+12,kinder duo
herta knacki,3.15423E+12,herta knacki saucisses 100 pur porc x10  350g
herta,3.15423E+12,herta tarte en or pate feuilletee sans huile de palme 230g
nautica,4.05649E+12,truite fumee
leonce blanc,3.17406E+12,confiture 70 dabricot
pilos,20051921,cottage cheese
hacendadoiparlat,8.48E+12,vainilla
gullon,8.41038E+12,gullon cuordi cereale tradizionale alto contenuto di fibra
sodebo,3.24227E+12,salade roma
fin carre lidl,4.05649E+12,dark chocolate no sugar added
batchelors,5.00035E+12,super noodles chicken flavour
nakd,5.06009E+12,berry delight fruit  nut bar
kp snacks,5.00024E+12,hula hoops original
tesco,5.01837E+12,tesco organic porridge oats 750g
milbona,20653798,feta aop
nestle,7.61303E+12,shredded wheat 16s imp
general mills nature valley,8.41008E+12,crunchy variety
knorr,8.7227E+12,vegetable stock pot
lindt  sprungli lindt lindt excellence,3.04692E+12,lindt excellence mint intense
tesco,5.0102E+12,multigrain hoops cereal
vadasz,5.01029E+12,raw garlic and dill sauerkraut
hacendado,1117404,muesli frutas
peters yard,5.0602E+12,peters yard sourdough crispbreads
heinz,5.00016E+12,seriously good light mayonnaise
asda,5.05245E+12,full fat greek style yogurt
tesco,5.05775E+12,creamfields low fat cottage cheese
sainsburys sainsburys by sainsburys,1853315,sainsburys italian passata
proper,5.06028E+12,proper corn sea salt
higgidy,5.06014E+12,higgidy spinachfeta  roasted pepper quiche 400g
lidl,4.05649E+12,multigrain farmhouse
doritos,5.00033E+12,doritos
rowan hill bakery,4.05649E+12,seeded bloomer
joyfuel,3.6092E+12,joyfuel chocolat au lait  cookie dough
sainsburys,336789,spinach ricotta tortelloni
stokes,5.06009E+12,tomato ketchup
aldi,4.0886E+12,aldi slightly salted rice cake
the foraging fox,5.06045E+12,avocado  lemon mayo
coop,5.00013E+12,slowroast tomato sourdough
sharwoods,5.0002E+12,sharwoods poppadoms plain
tiffany,6.291E+12,bryk
sainsburys taste the difference,392778,single estate venezuelan dark clchocolate
candiasodiaal,3.53363E+12,grandlait  demiecreme
harrys,3.22886E+12,pain extra moelleux nature sans sucres ajoutes
bjorg,3.22982E+12,muesli fibres  son de ble figues pruneaux
lu,7.62221E+12,pepito croc sable gout choco
benco,3.03447E+12,benco
jacquet,3.02933E+12,tartine ptit dej nature ssa 410 gr
les 2 vaches,3.66134E+12,yaourt saveur myrtille sauvage
bridelice,3.15525E+12,legere  epaisse 15
ovomaltine,7.6121E+12,ovomaltine  vitamin  mineral bars 5 ct 100g 35oz
maitre jean pierre,20507350,pain de seigle complet epeautre et epeautre vert
jardin bio lea nature,3.76002E+12,bouillon cube legumes degraisse
carrefour,3.27019E+12,petits pains grilles
heinz,87157857,mayonnaise american style
carrefour,3.56007E+12,biscottes braisees
hacendado,8.48E+12,galletas maria dorada
le fromage fouette madame loik paysan breton,3.41229E+12,fromage tartinable nature
marie,3.24883E+12,st jacques fondue de poireaux  riz basmati
yumyumyamyam,8.85202E+12,yumyum beef
hacendado,8.48E+12,negro 85
sojade,3.27322E+12,so soja a la grecque nature
mercadona hacendado,8.48E+12,digestive fibra 23
haugen  gruppen as,8.71061E+12,sriracha sauce hot chilli sauce
cocacola,5.449E+12,cocacola zero
milka,4.0257E+12,milka chocolate hazelnuts
nestle,5.90002E+12,cheerios aveia
confiserie firenzekuchenzauber lidl,4.05649E+12,frischeiwaffeln
nature de breton,3.70034E+12,beurre doux traditionnel
milbona vemondo,4.05649E+12,vemondo oat milk
flahavans,5.0998E+12,flahavans microwave quick porridge oats
robinsons,5.00015E+12,robinsons orange squash
k,5.05932E+12,special k granola con avena dark chocolate
solevita,4.05649E+12,bio gyomber shot
warburtons,5.01004E+12,soft  sliced 5 bagels plain
coop,5.00013E+12,greek style natural yoghurt
mulino bianco,8.07681E+12,pan bauletto cereali e soia
linwoods,5.01689E+12,linwoods cold milled flaxseed sunflower pumpkin  chia seeds  goji berries
holy moly dips,5.0605E+12,guacamole original
sainsburys,1808414,8 wholemeal tortilla wraps
lupark,5.7409E+12,butter
bonne maman,3.04532E+12,bitter orange fine shred marmalade
the foodie market aldi,4.0886E+12,whole almonds
suchard,9051209,cadbury dairy milk cadbury dairy milk the classic
pringles,5.05399E+12,barbeque
kelloggs,5.05383E+12,crunchy nut granola
tesco,5.05179E+12,fast action dried yeast
coop,5.00013E+12,white sourdough bloomer
tiffany,6.291E+12,breaktime
choco leibniz,4.0171E+12,chocolate biscuits
bjorg,3.22982E+12,nappes intenses eclats de feves de cacao
flora,8.7192E+12,plant based salted butter
fami,6.11104E+12,amine
kelloggs,5.05008E+12,cereales special k kelloggs nature
bjorg,3.22982E+12,amande intense
liebig,3.03681E+12,veloute de legumes
carrefour bio,3.56007E+12,yaourt au lait entier nature
gerlinea ma pause gerlinea,3.17568E+12,biscuit saveur vanille citron
delisse,3.5647E+12,fromage blanc 0
envia,20681968,lait demi ecreme
marque repere equador,3.5647E+12,chocolat noir 85 cacao
marie morin,3.3729E+12,mousse au chocolat a lancienne x 2
ferrero,4.0084E+12,kinder maxi
ocean sea,20155087,fischstabchen
chabrior,3.25039E+12,muesli crisp 4 noix
lightbody,5.03077E+12,delices au caramel
hacendado,8.48E+12,tortitas de arroz
ivoria,3.25039E+12,tablette bio degustation chocolat noir  100g
le pain des fleurs,3.38038E+12,pain des fleurs sarrasin
maggi,7.61304E+12,maggi bouillon kub legumes sel reduit 120g
hacendado,8.48E+12,digestive chocolate
milkaoreo,7.6223E+12,chocolate con leche oreo
president,3.22802E+12,meersalz butter
cocacola,5.449E+12,cocacola zero sugar 25cl
grainea,3.56471E+12,grainea granola noix
nestle san pellegrino,8.00227E+12,limonata
hacendado,8.48E+12,bebida de coco  arroz
alpro,5.41119E+12,alpror barista mandeldrink 1 l uht
nature valley crunchy,16000264694,oats n honey granola bars
kelloggs,5.05932E+12,special k
four seasons,4.06146E+12,chickpeas in water
branston,5.00023E+12,baked beans
sweet freedom,96066829,choc shot
specially selected,4.0886E+12,really nutty muesli
lindt  sprungli,3.04692E+12,lindt
the spice tailor,5.05268E+12,tailor original tikka masala
mccain,5.01023E+12,naked oven chips
fleury michon,3.30274E+12,hachis parmentier emmental
hacendado,8.48E+12,mermelada fresa
manomasa,5.01776E+12,manchego  green olive
belazu,5.03034E+12,traditional genovese pesto
aldiasia specialities,4.0886E+12,medium egg noodles
meridian,5.06013E+12,chocca chocolate spread
strong roots,5.39153E+12,cauliflower hashbrown
village bakery,4.0886E+12,the wholemeal rustic bloomer
hacendado,8.402E+12,tortitas de maiz jamon serrano
ethiquable,3.76028E+12,beurre bio cacahuetes crunchy
sainsburys so organic,412896,super firm tofu
arla,4.10029E+12,protein chocolate flavour pudding
aldi,4.0886E+12,butternut squash tomato  basil falafel
green  blacks,7.6222E+12,green  blacks smooth mint
by sainsburyssainsburys,234924,6 white pittas
golden,6.93006E+12,mais
terra delyssa,6.19151E+12,extra virgin olive oil
becel,8.7192E+12,becel classic
aldi,4.0886E+12,dried mango
lu,3.01776E+12,lulu la barquette fraise
vittel,3.17973E+12,eau minerale naturelle
lu mondelez,3.04828E+12,pepito lu pepite choco
alpro,5.41119E+12,alpro joghurtalternative auf sojabasis natur mit hafer 500 g
la fournee doree,3.58722E+12,8 navettes au beurre frais et a la creme fraiche
haribo,3.10322E+12,croco
sojade,3.27322E+12,nature
nautica,20034658,saumon fume
entremont,3.12393E+12,lemmental francais extra fin
bio organic lidl sondey,4.33404E+12,galettes de mais
maribel,20114671,bio konfiture erdbeere
isigny ste mere,3.25455E+12,beurre disigny doux extra fin
combino lidl,20995744,nudeln bioorganic vollkornspaghetti
carrefour bio carrefour groupe carrefour,3.27019E+12,soja sans sucres ajoutes
armor delices,3.36839E+12,madeleine
jardin bio lea nature,3.76002E+12,lentilles facon petit sale
panzani,3.03836E+12,panzani  bc  tomacouli nature 500g big
hacendado,8.48E+12,zumo pura naranja
siggis,3.02329E+12,skyr framboise
hacendado,8.48E+12,garbanzo cocido
marie,3.24883E+12,macaroni sauce tomate et boulettes au boeuf
carrefour,3.56007E+12,100 cacao maigre en poudre
parmentier,3.01908E+12,sardines a la tomate
seeberger,4.00826E+12,studentenfutter
ligeresa,8.7227E+12,salsa original
la mere poulard,3.47286E+12,la grande galette pur beurre
saveurs de nos regions,20055431,gache tranchee
philadelphia,7.62221E+12,queso delicioso y cremoso light formato familiar
alesto lidl,20534479,datteln
lidl,20083892,lightly salted rice cakes
barillamulino bianco,8.07681E+12,macine mb 350g int eu
signature chocolate starbucks,7.61329E+12,starbucks signature chocolat 70 300g
nestle,6.13079E+12,pure life
petit navire,3.01908E+12,morceaux de thon nature
ben  jerrys unilever,8.71133E+12,chocolate fudge brownie
nature valley,8.41008E+12,sweet  saltynut
siggis,3.02329E+12,skyr mangue passion
bodymass,8.71884E+12,magnesium citrate 200 mg
juver,8.41071E+12,disfruta frutas y vitaminas brik imp
croustipate,3.39259E+12,pate feuilletee
heinz,5.00016E+12,heinz tomato ketchup imp
nuts about nature,8.71053E+12,crunchy peanut butter
onken,7.6109E+12,onken mango papaya  passionfruit  450 g
hersheys,34000052004,cocoa
soreen,5.01874E+12,malt lunchbox loaf
kirkland signature,96619555505,organic creamy peanut butter
by sainsburys,358156,scottish porridge oats
warburtons,5.01004E+12,soft pittas
pataks,5.01131E+12,korma spice paste
funkie,3.76034E+12,pate a tartiner praline
alfez,5.01034E+12,natural tahini
quaker oats,30000010402,old fashioned
soreen,5.01874E+12,5 banana lunchbox loaves
hiltop honey,5.0603E+12,blossom honey
nestle,8.44529E+12,cheerios multigrain
leerdammer,8.7218E+12,cheese leerdammer original
trapa,8.41068E+12,chocolate 95
worldwide foods,4.0886E+12,special mexican style rice
tosfrit,8.42211E+12,totas
star,6.11118E+12,moutarde star 360 g
sainsburys,1167177,green lentils in water
yeo valley organic,5.03659E+12,kefir
go ahead,5.00017E+12,fruit slices apple
kaiser,6.11125E+12,fromage tranches pour sandwich
itsu,5.06026E+12,brilliant broth chicken ramen
bio  me,5.06085E+12,vanilla gutloving prebiotic yoghurt
dmbio,4.06645E+12,pasta de alune eco
chergui,6.11113E+12,brasse ananas
danone,6.11103E+12,moufid 7mr
albane,6.11125E+12,smoozy
mondelez,6.11103E+12,miredina
blue dragon,5.01034E+12,blue dragon wholewheat noodles
solesta,4.06146E+12,extra virgin olive oil
jaouda,6.11124E+12,beurre jaouda 1kg
harrys,3.22886E+12,pain de mie american sandwich 7 cereales sans sucres ajoutes 550g
materne pom potes,3.02176E+12,pompotes pomme
lumondelez international,3.04828E+12,lulu lourson chocolat
belboursinboursin atartinercore cheesefromagerie bel,3.07378E+12,boursin ail  fines herbes
activia activia yoghurt flavours danone,3.03349E+12,activia bifidus saveur vanille sans arome artificiel 125 g x 4
maribelel tequito,20800680,agavesirap
cereal bio,3.17568E+12,sables miel  saveur citron sarrasin
president,3.15525E+12,beurre tendre demi sel
terres  cereales bio,3.42156E+12,muesli aux fruits
nestle nesquik,7.61304E+12,nesquik poudre cacaotee boite 500g
cassegrain,3.08368E+12,lentilles preparees
orangina,3.12448E+12,orangina zero
liebig,3.03681E+12,mouline de 10 legumes
twinings,5.05595E+12,gunpowder the vert nature
fleury michon,3.09575E+12,roti de porc  25 de sel
la boulangere bio la boulangere,3.76005E+12,pain de mie bio petites tranches complet  levain sans sucres ajoutes 280g
barilla,8.07681E+12,sauce tomate basilic
carrefour,3.27019E+12,miel de fleurs
nestle,7.61303E+12,ricore original cafe  chicoree recharge 180g
kikkoman,8.71504E+12,sauce soja sucree
mentosperfetti,87108026,mentos fruit
hacendado,8.48E+12,cereales rellenos de leche
maille unilever,8.7227E+12,specialite moutarde fine miforte
bio organiclidlmilbona,20144302,natural yogur
hacendado,8.48E+12,semillas  pipas
connetable,3.26367E+12,sardines huile olive
petit navire,3.01908E+12,thon entier au naturel
storck,40144382,knoppers
starbucks,7.61329E+12,starbucks signature chocolat
pilos,4.05649E+12,skyr icelandic style
alpro,5.41119E+12,not milk 18
mister choc,20003555,choco duo
benedicta,3.6606E+12,mayonnaise
lotus,5.41013E+12,lotus biscoff speculoos original pocket format familial  248g 16x2p
danone,3.03349E+12,hipro saveur mangue
heinz,8.7157E+12,heinz tomato ketchup
carrefour bio,3.56007E+12,tableta chocolate negro 85
gullon,8.41038E+12,gaufrette chocolate waffer
carrefour,3.56007E+12,corn flakes
gullon,8.41038E+12,digestive classic
danone,34361454080,skyr
vita coco,8.98999E+11,coconut water
golden bridge,2.00605E+12,muesli croustillant fraise
lindt,3.04692E+12,lindt lait extra fin
special k,5.00013E+12,special k red berries
hovis,5.01E+12,soft white thick
crownfield,20696351,flakes fruit  fibre
tet,4.0171E+12,pick up  choco x6
tesco,5.05101E+12,wholegrain rice
huel,5.0605E+12,vanilla meal replacement
hovis,5.01E+12,4 seed sensations bread
yutaka,5.01428E+12,organic tamari soy sauce
whitworths,5.00023E+12,whitworths soft dates 300g
napolina,5.00023E+12,red kidney beans in water imp
kirkland signature,96619483556,organic greek yogurt plain
sainsburys,408950,green pesto sauce
kind,5.00016E+12,dark chocolate nuts  sea salt
gerble,3.17568E+12,fourre figues
bisto,5.00035E+12,bisto chicken gravy
specially selected,4.0886E+12,aldi very berry muesli
blue dragon,5.01034E+12,light coconut milk
jordans,5.01048E+12,jordans super berry granola
tesco,5.05353E+12,sweet and salted popcorn
kelloggs,5.05932E+12,rice krispies
milbona,4.05649E+12,fat free greek natural yogurt
snackrite,4.0886E+12,lentil chips
the jolly hog,5.0105E+12,proper porker 6 british pork sausages
village bakery,4.0886E+12,soft white pittas
the foodie market,4.0886E+12,red lentil  beetroot fusilli
lactel,3.15525E+12,kefir
zohor,6.1111E+12,zohor
rivercote,20226909,lightly salted corn cakes
borsec,5.94222E+12,apa minerala naturala natural carbogazoasa
lipton,3.22889E+12,saveur peche ici tea
alnatura,11044204,schoko reis waffeln
bio village marque repere,3.56471E+12,biscottes completes
regilait,3.04393E+12,lait demi ecreme
kelloggs,5.05383E+12,froot loops
coca cola,3.17478E+12,original cocacola
amora,8.7227E+12,moutarde douce fine  douce
st hubert st hubert bio st hubert bio  vegetal,3.36632E+12,st hubert bio 490 g doux sans huile de palme
malo,3.27869E+12,yaourt nature
sondey,20116712,rice cakes milk chocolate  coconut
oluf lorentzen as,3.17853E+12,tartelettes chocolat caramel
jardin bio lea nature,3.4563E+12,pur jus de citron
oasisoasis tropical,3.12448E+12,pet 50cl oasis tropical
sojasun,3.27322E+12,soja nature sans sucres
maitre prunille,3.50249E+12,pruneaux dagen denoyautes
pago,9.00252E+12,cocktail tropical multivitamine
carrefour,3.27019E+12,taboule oriental pointe de menthe
francine,3.06811E+12,farine de ble complete  t150
knorr,8.71811E+12,knorr soupe deshydratee forestiere champignons  oignons 3 portions
nestle,3.03371E+12,nescafe nes cafe soluble boite de 25 sticks 2g chacun
hacendadoanitin,8.48E+12,pan tostado 100 integral bajo en sal y en azucares
marie,3.16635E+12,poisson a landalouse riz safrane et courgettes grillees
sunny bio,3.08854E+12,sirop dagave
hacendado,8.48E+12,regana
hacendado,8.48E+12,tomate frito con aceite de oliva
bjorg,3.22982E+12,galette cereales et legumes du soleil
st hubert st hubert bio st hubert omega 3,3.36632E+12,st hubert omega 3 bio 230 g doux
galbusera,8.00219E+12,crackers integrales
ivoria les creations,3.25039E+12,tablette degustation chocolat noir 85  100g
ferrero,8.0005E+12,hanuta 10erpack
prozis,5.60083E+12,peanut butter smooth
brets,3.49791E+12,chips craquante sel brets
la boulangere,3.76005E+12,pain de table bio aux graines de lin  tournesol 400g
cocacola,5.00011E+12,coca cola
freshona,20253929,ananas en tranches au sirop leger
alpro,5.41119E+12,alpro sojadrink original fresh mit calcium 1 l 11
funnyfrisch,4.00359E+12,chipsfrisch ungarisch
carrefour bio carrefour,3.56007E+12,petits flocons davoine complete
panzani,3.03836E+12,panzani sauce provencale nat 210g f12
quorn,5.0195E+12,smoky ham free slices
carrefour bio,3.56007E+12,biscottes ble complet sans sucres et sans sel ajoutes
meridian,5.06013E+12,meridian 100 crunchy almond butter
ideal,6.11118E+12,creme chantilly
elmlea,8.7192E+12,elmlea double
benecol,5.05594E+12,light
cowbelle,4.0886E+12,salted butter
morrisons,5.01025E+12,greek style yogurt
weetabix,5.01003E+12,crispy minis imp
freee,5.01177E+12,organic chocolate stars
the foodie market,4.0886E+12,dried prunes pitted and ready to eat
maribellidl,4.05649E+12,smooth almond butter
crosta  mollica,5.0602E+12,fennel seed tarallini
lindt,3.04692E+12,caramel
amoyalifoods,5.01093E+12,rich  creamy coconut milk
rowse,5.01127E+12,honey
tesco,5.0597E+12,mayonnaise
risi,8.41186E+12,onduladas campesinas
popworks,5.00033E+12,sweet  salty popped crisps
sainsburys,427920,black beans in water
gosh,5.03683E+12,sweet potato pakora with red pepper cumin and chilli
sultan,6.11107E+12,tisane bien etre bonne nuit  20 sachets
philadelphia,7.6222E+12,lightest
bens original,5.01003E+12,golden vegetable
clipper,5.02199E+12,fairtrade instant hot chocolate
ideal,6.11118E+12,flan parfum vanille
del monte,24000124955,peach slices in juices
deli kitchen,5.01212E+12,6 carb lite wraps
sainsburys by sainsburys,1774207,tomato ketchup
chergui,6.11113E+12,fawakih mchmach khokh
star,6.11118E+12,biggy tasty
heck,5.06032E+12,simply chicken 10 chipolatas
ms food,961035,nutty super wholefood salad
bio  me,5.06085E+12,original gutloving prebiotic yoghurt
danone,6.11103E+12,danone
by sainsburys,1498257,spicy tomato lentil and red pepper soup
tulipan,8.7192E+12,margarina con sal
the collective,5.05614E+12,gourmet raspberry yogurt
baraani,6.11127E+12,barraani
biocoop,3.76012E+12,noir 85
gerble,3.17568E+12,matin chocolat
flora,8.7192E+12,plant butter spreadable
marque repere peche ocean,3.5647E+12,baton surimi
lactalissociete,3.02326E+12,roquefort societe
gerble,3.17568E+12,fraise
lumondelez,3.01776E+12,veritable petit beurre
jardin bio jardin biologique lea nature,3.47882E+12,spaghetti au quinoa persil ail
les mousquetaires paturages selection des mousquetaires,3.25039E+12,lait demi ecreme paturages
bio village marque repere,3.56471E+12,noir degustation 74 cacao
bjorg,3.22982E+12,le palmier
thonon,3.46857E+12,thonon eau minerale naturelle 15l
tropicana,5.41019E+12,tropicana multivitamines format familial 15 l
bjorg,3.22982E+12,fourres gout citron
kuhne,40122274,cornichons aigresdoux recette paysanne
chabrior,3.25039E+12,pain de mie grand mie complet
gerble gerble bio,3.17568E+12,sables pavot coco
belbake,20052713,mandorle intere
cassegrain,3.08368E+12,flageolets prepares  extrafins
chabrior intermarche,3.25039E+12,petits pains grilles au ble complet
elle  vire elle et vire,3.45179E+12,la creme semiepaisse si legere 4mg
ethiquable,3.76009E+12,nicaragua grand cru waslala 75
lucien georgelin,3.33072E+12,pate a tartiner noisettes cacao
maribel,20276539,confiture extra framboise bio
fleury michon,3.09575E+12,le tranche fin  degustation  25 de sel
fanta,5.449E+12,fanta orange 15l
intermarche regain,3.25039E+12,sirop dagave bio 250ml
tanoshi,3.22982E+12,ramen soja caramel
seeberger,4.00826E+12,bananenchips
weetabix,5.01003E+12,protein crunch
crownfield lidl nutrisun,20080709,barritas avellanas
la lumbre,5.90123E+12,sauce chiltepin
herta,3.15423E+12,herta blanc poulet sel reduit sans nitrite x4 140g
freshona lidl vitasia,20561338,coconut milk
maitre jean pierre,4.05649E+12,bio crackers
coke,4963406,coke original taste
lidl maribel,4.05649E+12,erdnussbutter  creamy
hacendado,8.48E+12,digestive
herta,3.15423E+12,herta allumettes fumees conservation sans nitrite  2x75g
oatly,7.39438E+12,boisson a lavoine
pilos,4.05649E+12,khomogenizirano plnomasleno krave mliako 35
yoplait,3.32977E+12,skyr vanille 4 x 100 g
gullon,8.41038E+12,gullon zero wafer vanilla
gullon,8.41038E+12,gullon zero  choc tablet
hovis,5.01E+12,granary medium
hacendado,8.48E+12,pistacho tostado 0 sal
milbona,4.05649E+12,kefir
sacla,8.00106E+12,sacla vegan basil pesto
kp,5.00024E+12,kp dry roasted peanuts
hp foods,5.00011E+12,original hp sauce
hellmanns,8.7112E+12,tomato ketchup
kelloggs,5.00013E+12,all bran original
ryvita,5.05097E+12,wholegrain crackerbread
kallo,5.01367E+12,wholegrain low fat rice cakes imp
yeo valley,5.03659E+12,organic lemon curd yoghurt
napolina,5.00023E+12,tomato passata
tesco,5.00012E+12,olive oil
natures path,58449771890,organic gluten free mesa sunrise
sacla,8.00106E+12,organic vegetarian pesto
stockwell  co,5.05755E+12,tortilla chips
aldi,4.0886E+12,classic strawberry
aiguebelle,6.11102E+12,dessert 72
aldi,4.0886E+12,basmati rice
be,6.11126E+12,donut
oxo,5.00018E+12,oxo beef
asia specialities,4.0886E+12,sweet chilli sauce
jd gross,4.05649E+12,sea shells hasselpahkinakonvehdit
skyr,4.01624E+12,arla skyr fat free vanilla
jacksons of yorkshirejacksons,5.05614E+12,white champion bloomer
gullon,8.41038E+12,galleta dorada
lucien georgelin,3.33072E+12,confiture abricot
finnebrogue artisan,5.06006E+12,finnebrogue artisan naked bacon 6 smoked back bacon rashers
rana,8.00167E+12,mushroom  mascarpone tortelloni
aiguebelle,6.11102E+12,tentation croque lait aux noisettes supremes
hacendado,8.402E+12,postre lacteo con stracciatella proteina
golden suntaste of,20142360,tast of  basmati microwave rice
la vache qui rit,3.07378E+12,la vache qui rit edam
danone,6.11103E+12,dan up
fanta,5.449E+12,tops
becel,8.7192E+12,becel
nestle fitness,5.90002E+12,protein trigo avena  quinoa
sainsburys stamford street co,370950,stamford street co soft cheese
waitrose,5.06015E+12,sourdough
be,6.11126E+12,melly
vemondo,4.05649E+12,boisson a lavoine
carlotti,6.11125E+12,chocolate negro
gullon,8.41038E+12,digestive sin azucares
chergui,6.11113E+12,chergui sghir lait
danone,3.03349E+12,skyr
jordans,5.01048E+12,country crisp chocolat au lait
jordans,5.01048E+12,country crisp fruits  noix
soignon,3.52323E+12,yaourt chevre nature
pasquier,3.25654E+12,brioche tressee pepites de chocolat
nestle la laitiere,3.02329E+12,yaourt vanille de madagascar
activia activia yoghurt cerealsfibres danone,3.03349E+12,activia muesli graines de chia framboise
jacquet,3.02933E+12,vollkornbrot
nescafe,3.03371E+12,cafe
bjorg,3.22982E+12,soja vanille
bjorg,3.22982E+12,galettes de mais
lotus,5.41013E+12,lotus gaufre de liege chocolat 363g 7x1p
saguaro,40882475,eau de source de montagne
barilla,8.07681E+12,nudeln spirelli
nixe,20703622,sardines  in extra virgin olive oil
brun mondelez,3.01776E+12,14 gaufrettes saveur cacao
carrefour,3.56007E+12,petits pains grilles
schweppesorangina schweppes,3.12448E+12,schweppes agrumes aux saveurs dorangede pamplemousse de citron vert  de mandarine
nestle maggi,7.61303E+12,maggi bouillon kub volaille reduit en sel de 25 120g
connetable,3.26367E+12,thon blanc au naturel
jardin bio,3.76002E+12,bouillon cube volaille
chene dargent,20455569,chevre frais
terres et cereales,3.42156E+12,muesli avoine amandes chocolat
lidl jd gross,20936600,chocolat noir amande et ecorces dorange
la boulangere,3.76005E+12,pain carre dore 525g
exquisa,40193151,der sahnige frischkase
tine sa le rustique,3.15313E+12,camembert le rustique
nestle,7.61304E+12,cereales chocapic
hellmanns,8.41013E+12,great mayonnaise
fleury michon,3.30274E+12,jambon le superieur 25 de sel
barilla mulino bianco,8.07681E+12,pan bauletto al grano duro
milkamondelez,7.6223E+12,milka choco mini stars
alpro,5.41119E+12,alpro fermentiertes sojaprodukt rote fruchte mit datteln ohne zuckerzusatz 400g
lidl milbona,4.05649E+12,high protein fragola
milka,7.6223E+12,choco wafer
uu bio,3.25623E+12,cereales muesli croustillant au chocolat noir 500g
hacendado,8.48E+12,quesitos
gullon,8.41038E+12,gullon zero wafer choco
nature valley,8.41008E+12,sweet  salty nut
dairy manor,20434878,british butter unsalted
bonduelle,3.08368E+12,lunch bowl boulgour bonduelle 250g
ms food,642118,super seeded
crownfield,4.05649E+12,barres de cereales fraises et framboises x 6
specially selectedaldi,4.0886E+12,british cold pressed rapeseed oil
ms food,852166,greek style yogurt unsweetened
tesco,5.05775E+12,tomato ketchup
by sainsburys,176477,raisin nut  honey granola
heinz,5.00016E+12,lentil soup
harvest morn aldi,4.0886E+12,bite size wheat shreds
milbona,4.05649E+12,mlechnokisel desert s vkus na kokos
newgate,20995195,vegetable stock cubes
kiddylicious,5.06004E+12,kiddylicious veggie straws  saveur legumes  48g 4x12g
pipers,5.03306E+12,anglesey sea salt crisps
jacobs,5.00017E+12,mini cheddars
crownfield,4.05649E+12,high protein granola cranberry  almond
kroon,8.71091E+12,fromage edam
specially selected,4.0886E+12,multifloral manuka honey
valencia,6.11125E+12,nectar peche
aldi,4.0886E+12,dark soy sauce
aiguebelle,6.11102E+12,chocolat dessert noir 52
potts,5.06018E+12,chicken stock
chergui,6.11113E+12,lait fermente
sainsburys,1135626,sainsburys san francisco style sourdough
marks  spencer,29204861,wheat and rye bread
chergui,6.11113E+12,lshrky
nestle,5.90002E+12,nestle
nestle,8.90106E+12,maggi
marine,6.11126E+12,filets de sardines sans peau sans aretes a lhuile vegetale
andros,3.04532E+12,confiture abricots
candia,3.17657E+12,candyup gout chocolat
badoit,3.06832E+12,badoit rouge
puget,3.26548E+12,"vinaigrette legerevinaigre balsamique tomates et tomates sechee"
puget,3.26548E+12,vinaigrette balsamique ciboulette  echalotes
pasquier,3.18218E+12,tartines de pain multicereales
ekibio le pain des fleurs,3.38038E+12,tartines craquantes sarrasin
kraft foodslupetit ecolier,3.01776E+12,petit ecolier tendre coeur au lait
weetabix,5.01003E+12,original
blini,3.29207E+12,tzatziki
maitre jean pierre,4.05649E+12,petits pains grilles au froment
mcilhenny company tabasco,8.7141E+12,tabasco rouge 60ml
muesli crunchy,3.58028E+12,muesli crunchy
le jardin dorante,3.21745E+12,salad sauce  dijonnaise  without oil
benedicta hj heinz france heinz,3.6606E+12,sauce bourguignonne
alter eco,3.70021E+12,chocolat noir 95 togo
sojasun,3.27322E+12,soja myrtille
marque repere equador,3.5647E+12,chocolat noir 72 cacao
hacendado,8.48E+12,postre lacteo proteinas con arandanos 0 mg 10 g proteinas
maltesers,5.00016E+12,maltesers 175g
milka,7.62221E+12,alpine milk
anitin,8.4231E+12,snack de pan con pipas
whaou,3.32268E+12,8 crepes chocolat
yoplait,3.32977E+12,skyr aux fruits rouges 4 x 100 g
alesto,20559625,melange de noix et pistaches
balconi,8.00159E+12,trancetto cacao
papadopoulos,5.201E+12,caprice
petit navire,3.01908E+12,filets de maquereaux
bonduelle,3.08368E+12,poelee la paysanne
hacendado,8.48E+12,muesli crunchy fruta
one day more,5.90288E+12,granola aux fruits
bjorg,3.22982E+12,crousti avoine nature
suzi wan,4.00236E+12,nouilles aux oeufs
jacquet,3.02933E+12,burgers nature geant sans additifs
hacendado,8.48E+12,kefir coco
hacendado,8.71373E+12,queso gouda
liebig,3.03681E+12,veloute de 12 legumes
saguaro,4.05649E+12,eau st antonin
carrefoursimpl,3.56007E+12,pate a tartiner saveur noisette
solevita,4.05649E+12,ginger turmeric shot
lidl,20977863,creme de amendoim
alestolidl,4.05649E+12,mandeln
ferrero,8.0005E+12,ferrero collection
nairns,61232200293,oatcakes  organic
bonne maman,3.04532E+12,apricot jam
bjorg,3.22982E+12,croustillant chocolat
harvest morn,4.0886E+12,fruit  fibre
ultje ultje,4.00498E+12,erdnusse gerostet  gesalzen
danoneactivia,5.06036E+12,gut health strawberry
napolina,5.00023E+12,five bean salad
propercorn,5.06028E+12,sweet  salty popcorn
the pantry,4.0886E+12,golden syrup
lidl sondey,4.05649E+12,digestive
warburtons,5.01004E+12,original seeded batch
walkers,5.00033E+12,ready salted grab bag crisps
tesco,5.052E+12,tesco red pesto 190g
lidl,20991241,belladonna loslicher kaffee entkoffeiniert
savour bakes,4.0886E+12,savoury crackers
pasquier,3.18219E+12,biscotte ble complet
millies,8.71053E+12,100 peanut butter crunchy
cawston press,5.06005E+12,brilliant beetroot
rivercote lidl,20472122,multigrain crackers
organix,5.02412E+12,gingerbread men biscuits
worldwide foods,4.0886E+12,wholegrain rice quinoa pumpkin  sunflower seeds
popchips,5.06029E+12,sour cream  onion potato chips
yutaka tazaki foods,5.01428E+12,unpasteurised miso paste
alesto,20719395,whole chia seeds
philadelphia,7.6222E+12,garlic  herbs
jordans,5.01048E+12,super nutty granola
yorkshire provender,5.05605E+12,chicken and lentil with butternut squash
danone,6.11103E+12,yaourt brasse sans sucre
tesco,5.05755E+12,tesco finest oat and barley loaf 800g
better nature,5.07E+12,tempeh organic
tom,6.194E+12,choco tom gaufrettes
marks  spencer,302661,organic houmous  with added extra virgin olive oil
jibal,6.11125E+12,raibi
proper,5.06028E+12,sea salt lentil chips
rafii,6.11124E+12,le yaourt nature
dr wills,7.871E+11,avocado oil mayo
saida,6.19401E+12,major
dost,6.11125E+12,yaourt ferme vanille
hacendado,8.402E+12,kefir fresa platano
brioche pasquier,3.18218E+12,grilletine briochee x18
beghin saytereos,3.17466E+12,sucre poudre
nestlenesquik nestle nesquik,7.61304E+12,nesquik poudre cacaotee boite 500g
lu mondelez international,3.01776E+12,sables beurre nantais
bjorg,3.22982E+12,galette epeautre son davoine
gerble,3.17568E+12,gerble  choco hazelnut filled cake 200g 71oz
bjorg,3.22982E+12,epeautre sans sucres ajoutes  bio
3ds bugles benenuts lays lays,3.16893E+12,3ds bugles gout nature
herta,7.61304E+12,herta pate a pizza fine et ronde 265g
cereal bio,3.25901E+12,croqsoja curry et pavot
volvic,3.05764E+12,volvic zest citron
fuze tea,5.449E+12,the noir glace saveur peche intense
knorr,8.7141E+12,les classiques  veloute de 9 legumes
lu,3.01776E+12,grany fraise   framboise
brossard,3.49843E+12,pain depices au miel
marque repere epi dor,3.5647E+12,biscottes 6 cereales
galbani,8.00043E+12,mascarpone
conserverie parmentier,3.01908E+12,conserverie parmentier sardines
amora,8.7112E+12,amora croqvert cornichons extrafins bocal 370g
oreo,8.41E+12,original oreo
panzani,3.03836E+12,panzani  spf  sauce bolognaise pur boeuf 400g
jardin bio lea nature,3.76002E+12,bouillon cube poule
lidl solevita,4.05649E+12,jus de pomme
yoplait,3.32977E+12,skyr sur lit aux myrtilles
daucy,3.0178E+12,lentilles preparees cultives en france daucy 265g
costa brava hacendado,8.48E+12,lomo
taifun,4.01236E+12,tofu fumesse
hacendado,8.48E+12,tiras de pechuga de pollo al horno
hacendado,8.48E+12,barritas de trigo y arroz integral con chocolate con leche
baresa italiamo baresa  lidl,20164034,passierte tomaten
petit navire,3.01908E+12,filet de maquereaux grilles nature
fude   serrahn milchprodukte lidl milbona,20613945,golden hills butter
fleury michon,3.30275E+12,eminces de boeuf sauce poivre  pommes de terre
oreo,7.6223E+12,oreo
freshona kirkland lidl freshona freshona  lidl,4.05649E+12,ananas stucke
pierre martinet,3.28178E+12,quinoa croquant amandes et noisettes
carrefour,3.56007E+12,cacahuetes grillees sans sel ajoute
hacendado,8.48E+12,galletas de chocolate 0
saida,6.13328E+12,saida eau minerale
petit navire,3.01909E+12,rilettes de thon
ferrero nutella,8.0005E+12,nutella
la vache qui rit,3.07378E+12,la vache qui rit
italiamo,20068516,tomatoes  cherry tomatoes italian
carrefour carrefour classic,3.56007E+12,chicoree nature
aquarius the cocacola company,54490802,aquarius orange
panzani,3.03836E+12,pesto basilico
saint alby,4.05649E+12,le jambon superieur sans couenne sans nitrite
piquitos san roque,8.43701E+12,piquitos san roque con salvado
kelloggs,5.05932E+12,special k red berries imp
hacendado,8.48E+12,espinacas zanahoria
silver spoon,5.01007E+12,granulated sugar
don simon,8.41026E+12,simon life
batts,4.05649E+12,real mayonnaise
ribena,5.05427E+12,blackcurrant squash
essential waitrose,5.00017E+12,baked beans in tomato sauce
hendersons sheffield ltdhendersons,5.02102E+12,hendersons relish
robinsons,5.0101E+12,double concentrate orange squash no added sugar
eagle,8.4126E+12,takis fuego 90g
blue diamond almonds,41570080146,almond breeze unsweetened low fat milk alternative
lu,7.6222E+12,le petit beurre
simply,20927455,baked beans
vemondo lidl,4.05649E+12,oat
asda,5.05085E+12,full fat greek style yogurt
popchips,5.06029E+12,barbeque potato chips
princes,5.00023E+12,tuna
aldi,4.0886E+12,red and white quinoa
the natural confectionary co,7.6222E+12,jelly snakes
marks  spencer,29310609,wholegrain wheat bisks
juver,8.41071E+12,maiz dulce
mccain,5.01023E+12,hash browns
asda,5.05407E+12,6 wholemeal pittas
bens original,3.4874E+12,riz aromatise au citron et romarin
aldi,4.0886E+12,bagels
pringles,5.05399E+12,pringles salt  vinegar
ms eat well,29204892,super seeded cob
kellys,5.01024E+12,clotted cream ice cream
crosta  mollica,5.0602E+12,margherita sourdough pizza
chergui,6.11113E+12,raib banan sghir
le berger,6.11125E+12,fromage blanc nature
chergui,6.11113E+12,6.11113E+12
eat natural,8.0005E+12,protein peanuts  dark chocolate
tiffany,6.291E+12,day break
solevita,20376451,jus de pomme pur jus
nestle,7.61303E+12,nestle dessert cacao en poudre boite 250g
lipton,3.22889E+12,ice tea saveur peche
karelea lea nature,3.76002E+12,pate a tartiner noisettes grillees
cassegrain,3.08368E+12,haricots verts extra fins
166 43122 parma  italy barilla barilla  barilla g e r fratelli  societa per azioni  via mantova 166 barilla,8.07681E+12,pates spaghettoni ndeg7 500g
bjorg bjorg veggie,3.22982E+12,soja cuisine fluide
family michaud lune de miel,3.08855E+12,miel
le petit basque,3.28024E+12,douceur de brebis nature
maribel marlene,20001049,miel liquide
vitaquell,42023623,vegan
st hubert st hubert omega 3,3.36632E+12,st hubert omega 3 255g demi sel
poulain,3.66435E+12,poulain noir extra 200g
nestle la laitiere,3.02329E+12,le petit pot de creme au chocolat
muesly,3.58028E+12,muesli crunchy 4 noix
envia,20681944,lait entier
fleury michon,3.30275E+12,le filet de poulet et ses pommes de terre a la sarladaise
gerble gerble bio,3.17568E+12,biscuits a lorange orange et au graines de chia
connetable,3.26367E+12,sardines a lhuile dolive
galbani,8.00043E+12,galbani mozzarella  maxi 250g
kikkoman,8.71504E+12,sojasauce
cereal bio,3.17568E+12,tendres carres de ble aux aubergine poivron  basilic
carrefour,3.56007E+12,riz complet
itineraire des saveurs les mousquetaires,3.25039E+12,grana padano aop rape
jean herve,3.39039E+12,puree cacahuete
envia milbona,4.05649E+12,creme dessert chocolat
compagnie des peches saintmalo,3.52104E+12,le breizh surimi
deluxe lidl,20404499,miel dacacia avec rayon
ferrero,80809180,deko nutella small
philadelphia,7.62221E+12,original pack familiar
valor,8.41011E+12,chocolate 85 cacao 0 azucares anadidos
soignon,3.52323E+12,fromage de chevre fouette nature
hacendado,8.48E+12,guacamole
alesto,4.05649E+12,cashews roasted  salted
naturis solevita vitafit,20569105,apple juice
jacobs douwe egberts maxwell house,8.711E+12,cafe
gran cereale,8.07681E+12,gran cereale croccante con riso
harico,3.76026E+12,boulettes de pois chiches patate douce curcuma
hacendado,8.01506E+12,gnocchi
cocacola,5.00011E+12,coca cola zero sugar
heidi,5.94102E+12,dark extreme
fleury michon,3.30274E+12,le moelleux
gerble bio,3.17568E+12,gerble  organic muesli fig apricot spelt cookie 132g 47oz
nocilla,8.41001E+12,noir
lustucrulustucru selection,3.24093E+12,gnocchi a poeler extra fromage 285g
gullon,8.41038E+12,mini cracker
bonne maman,3.17853E+12,petits chocos 
leonce blanc,3.17406E+12,confiture de myrtille 70
tesco,5.05775E+12,tesco oat drink
aldi simplement bon et bio,2.00605E+12,tartines croquantes
lidl,20472627,deluxe really nutty muesli
nakd,5.06009E+12,cocoa delight raw fruit  nut bars
snackajacks,5.00011E+12,snack a jacks caramel rice cakes
babybel,3.07378E+12,mini light
four seasons,4.0886E+12,black beans in water
bonne maman,3.17853E+12,madeleine
pataks,5.01131E+12,pataks on the side lime pickle
quacker oat so simple,5.00011E+12,quaker golden syrup
sainsburys,1834901,high fibre bran
asda,21114731,malted wheaties
freshona,4.05649E+12,green lentils in water
blue dragon,5.01034E+12,fish sauce imp
jacobs,5.00017E+12,jacobs savours salt and black pepper bakes
tesco,5.00046E+12,mild  creamy mozzarella grated
waitrose,5.00017E+12,spelt sourdough bread
manilife,5.06056E+12,original roast crunchy peanut butter
rachels organic,5.02164E+12,divine rice traditional
tesco,5.00012E+12,brown rice
chergui,6.11113E+12,raib
by sainsburys,1465204,buttersoft
sainsburys,1898811,greek style yogurt
mousline,3.76038E+12,mousline
the pantry,4.0886E+12,cocoa powder
extra lait,6.11124E+12,yogo
moju,5.06049E+12,moju ginger shots 7x
star,6.11118E+12,sauce piquante
vitalia,8.71998E+12,barre granola gout chocolat et enrobage creme de cacao
salim,6.11103E+12,raib salim vani
bjorg,3.22982E+12,cereales completes au chocolat noir intense
mantequilla,8.7192E+12,tulipan
brioche pasquier,3.25654E+12,brioche tranchee
bridelight,3.15525E+12,matiere grasse laitiere a tartiner
kraft foods milka,3.04514E+12,chocolat au lait du pays alpin
vrai,3.27322E+12,yaourt nature 4 x 125 g
paysan breton,3.41229E+12,paysan breton  beurre moule demisel
lepetit,3.22802E+12,camembert lepetit 250g 21
u u bio,3.25622E+12,tablette de chocolat noir 100g
jardin bio etic jardin bio,3.76002E+12,tartines craquantes multicereales
connetable,3.26367E+12,sardines mar citron basilic sans huile 140g cble
cassegrain,3.08368E+12,haricots verts extrafins selection  cueillis et ranges main
marque repere epi dor,3.5647E+12,pains grilles  ble complet
carrefour,5.4001E+12,granola crunchy honing  miel
marque repere epi dor,3.5647E+12,biscottes sans sel x 34
marque repere comptoir du grain,3.5647E+12,riz basmati
knorr,8.71257E+12,bouillon legumes
cauvin,3.33659E+12,huile vierge extra biologique
nestle,7.61304E+12,cafe de cereales
schar,8.0087E+12,pane casereccio sglutine
the cocacola company,5.449E+12,pet 125l coca cola cherry
le savoureux,3.26367E+12,thon entier a lhuile dolive
nestle nesquik,7.61304E+12,nesquik poudre cacaotee boite 1kg  20 offert
nissin,5.99752E+12,soba classic
hacendado,8.48E+12,salsa de soja
solis,7.61303E+12,tomate frito
bovetti,3.50194E+12,pate a tartiner bio  40 noisettes  chocolat noir
danone fjord fjord nature,3.03349E+12,fjord nature 125 g x 4
mannapain,26071510,pain de mie 7 cereales et graines
lidl saguaro,20656942,petillante saveur citron vert
lindtsprungli,7.6104E+12,dunkle schweizer schokolade mit chiliextrakt
jordans,5.01048E+12,granola chocolat noir  faible en sucre
mulino bianco,8.07681E+12,fette biscottate integrali
rugenwalder muhle,4.00041E+12,schinken spicker schnittlauch
meggle,40349558,feine butter
nixe,20046248,sardines a la tomate
lidlrolandsondeytrium,20343255,sasanki
danone as,5.41119E+12,alpro fermentiertes sojaprodukt erdbeere skyr style 400g
lovilio  lidl ,20097776,mozzarella lighter
misura,8.00259E+12,fette biscottate
alpro,5.41119E+12,soia
yoplait,3.32977E+12,perle de lait
milbona,4.05649E+12,vanilla flavour quarkbased
leerdammer,8.7218E+12,leerdammer original 16 tranches 400g
gerble,6164010,campagnard sans gluten et sans lactose
isey,5.69085E+12,skyr sans lactose a la myrtille et a la framboise
doritos,5.00033E+12,chilli heatwave tortilla chips
la vache qui rit,3.07378E+12,la vache qui rit
whole earth,5.01184E+12,golden organic corn flakes
arla,6.4133E+12,protein blueberry
oatly,7.39438E+12,oatgurt greek style
tesco,5.01837E+12,6 free range eggs
puget,3.26547E+12,huile dolive vierge extra
robinsons,5.0101E+12,double concentrate apple  blackcurrant squash no added sugar
kelloggs,5.05383E+12,coco pops
pepsi,6.11125E+12,pepsi 1l
tesco,5.0597E+12,salt  vinegar flavoured rice cakes
mr organic,5.06018E+12,italian organic tomato ketchup
aldi specially selected,4.0886E+12,black pepper savoury crackers
aldi,4.0886E+12,the great tiger bloomer
tesco,5.00012E+12,pure vegetable oil
lays,3.16893E+12,lays
ms,29310524,bran flakes ms
bonne maman,3.60858E+12,bonne maman strawberry intense
lidl,4.05649E+12,manuka honey
batts,20635732,worcestershire sauce
strings and things,5.00019E+12,cheesestrings
lidl,4.05649E+12,polpa finely chopped italian tomatoes
sainsburys,355858,lightly sea salted
star,6.11118E+12,vinaigre de cidre de pomme
the tasty catch,5.06024E+12,battered chunky fish fingers
kirkland,1.96634E+11,spring water
chergui,6.11113E+12,daya fraise sghira
saintantonin,3.76002E+12,saint antonin eau minerale naturelle naturelle 1 l
tesco,5.05737E+12,worcester sauce
tesco,5.01837E+12,taco mixed beans
huel,5.0605E+12,huel readytodrink  banana
tesco,5.052E+12,tesco three bean chilli soup
proper,5.06028E+12,barbecue lentil chips
aiguebelle,6.11102E+12,aiguebelle mini
finnebrogue artisan,5.06006E+12,naked bacon
chergui,6.11113E+12,daya mini ananas
graze,5.05596E+12,honey roast crunch
le berger,6.11125E+12,le blanc nature 900g araai
gerble,3.17568E+12,sables bio chocolat noir intense
bjorg,3.22982E+12,biscuits farine de ble et graines de sesame
lu,3.04109E+12,cracotte framboise
innocent,5.03886E+12,innocent jus tutti frutti 900ml
bonne maman,3.17853E+12,petits muffins chocolat
bonduelle,3.08368E+12,taboule au poulet roti
lactel,3.42827E+12,matin leger sans lactose 0 mg
solevita,20093273,pineapple juice saft ananas saft
la fournee doree,3.58722E+12,la gache tranchee
bonne maman,3.60858E+12,mousse au chocolat
carrefour,3.24541E+12,yaourt a la grecque nature
regilaitr,3.04393E+12,lait concentre sucre en tube format economique diamonds
ebro foods panzani,3.03835E+12,panzani spaghetti 500g
saupiquet,3.16596E+12,filets de maquereaux escabeche
le ster,3.25276E+12,20 madeleines longues aux oeufs frais
materne,3.02177E+12,pompotes sans sucres ajoutes
nestle bio nestle dessert,7.61304E+12,nestle dessert noir bio 170g
bjorg,3.22982E+12,son davoine bio
lindt,3.04692E+12,milk hazelnut
costa doro,8.00727E+12,huile dolive vierge extra  il biologico
terres et cereales,3.42156E+12,flakes de sarrasin
marie,3.24883E+12,paella royale aux petites gambas et au safran
hacendado,8.48E+12,proteinas con fresa
hacendado,8.48E+12,zumo pura naranja con pulpa
hacendado,8.48E+12,tortitas de arroz con chocolate blanco
carrefour,3.56007E+12,lentilles
gerble,3.17568E+12,biscuits caramel epeautre
dolcanestle,7.61304E+12,dolca chocolate negro
eridanous,20026370,foglie di vite ripiene di riso
rummo,8.00834E+12,gnocchi di patate
ritter sport,4.00042E+12,cioccolato nocciole intere
nakd,5.06009E+12,raw fruit  nut bar
nestle fitness,7.61304E+12,chocolate granola
bjorg,3.22982E+12,muesli superfruits
nestle san pellegrino,8.00227E+12,aranciata rossa orange sanguine
nestle,3.02329E+12,yaos
vemondo,4.05649E+12,coconut classic
schweppes,3.12448E+12,15l schweppes indian tonic pe
mogu mogu,8.85039E+12,blackcurrant flavored drink with nata de coco
nature valley,8.41008E+12,crunchy maple syrup
brets,3.49792E+12,chips saveur beurre sale
heinz,5.00016E+12,ketchup
the vegetarian butcher,8.71869E+12,what the cluck vegan chicken style chunks
boursin boursin atartinercore cheese,3.07378E+12,boursin vegetal ail  herbes
hacendado,8.48E+12,burger rustico
proper,5.06028E+12,sea salted popcorn
bramwells,4.0886E+12,real mayonnaise
napolina,5.00023E+12,napolina extra virgin olive oil 500ml
selection,6.11124E+12,marrakech orange 1l
heinz,5.00016E+12,cream of chicken soup
pescada,6.11118E+12,thon a huile vegetale
nestle,4.0886E+12,corn flakes
asda,21115202,wheat bisks
aldi,4.0886E+12,lightly salted tortilla chips
babybel,3.07378E+12,babybel
rowse,5.01127E+12,runny honey
tesco,10065907,houmous
auchan,3.59671E+12,pain de mie complet grandes tranches
sainsburys,1167160,butter beans in water
innocent,5.03886E+12,strawberries  bananas
lidlprimadonna,4.05649E+12,olive oil
colmans,8.7141E+12,colmans tartar sauce
tesco,5.05427E+12,light coconut milk
sainsburys by sainsburys,1178395,greek feta
danone,34361451652,gervais le petit suisse
graze,5.05596E+12,sticky toffee oat boosts
lidl,20072377,danpak spreadable lighter
cucina,4.0886E+12,tomato puree
belvitamondelez,7.6222E+12,soft bakes blueberry
rostoy,8.41026E+12,rostoy melocoton 1l
snack a jacks,5.00033E+12,cool sour cream  chive
nairns,6.12322E+11,rosemary  sea salt flatbreads
strong roots,5.39153E+12,crispy skinny fries
off the eaten path,5.00033E+12,caramelised onion  balsamic vinegar pea  bean sticks
sainsburys,1799095,lentil dhal soup
crosta  mollica,5.0602E+12,fiorentina sourdough pizza
hu,1.23E+12,almond butter  puffed quinoa dark chocolate
cuetara,8.43417E+12,krit crackers
jibal jibal,6.11125E+12,yaourt grec
cocacola,59492573,cocacola original 05
oreomondelez,7.6223E+12,original
st michel,3.17853E+12,petites madeleines aux oeufs saint michel
elle  vire savencia,3.45179E+12,le leger 20mg doux barquette
volvic,3.05764E+12,volvic zest citron
solevita,20065355,pur jus citron bio
bonne maman,3.17853E+12,bonne maman  madeleine milk chocolate 300g 106oz
envia natur gut,20681937,bio vollkorn penne rigante
bonne maman,3.17853E+12,bonne maman  le petit quatrequarts pur beurre 300g 10 sachets fraicheur
innocent,5.03886E+12,innocent myrtille cassis pomme cranberry
seeberger,10082584,noix du bresil
sondey,20093716,palets bretons au beurre
lucien georgelin,3.33072E+12,fraise
marie,3.24883E+12,penne au saumon et creme depinards
panzani,3.03835E+12,tomapizza
kelloggs extra pepites,5.05008E+12,cereales extra pepites kelloggs choco noisettes
carrefour original,3.56007E+12,pain grille au ble complet
jacquet,3.02933E+12,tartine ptit dej
pasquier,3.18218E+12,biscottes sans sucres ajoutes
maison colibri,3.70016E+12,la madeleine coque chocolat noir
lune de miel,3.08854E+12,miel de fleurs cremeux pot plastique 500g
lidl maitre jean pierre,4.05649E+12,pain de mie complet sans croute
paquito,3.25039E+12,pj pomme pet 1l
intermarche regain,3.25039E+12,galettes au riz complet bio 130g
lotus,5.41013E+12,lotus biscoff speculoos original pocket  186g 12x2p
fontaneda,8.41E+12,la buena maria original
vico,3.33697E+12,monster munch  produit souffle a base de pomme de terre gout sale
envia,20158132,fromage blanc 32 mg
fairglobe,40896250,bio vollmilchschokolade
sodebo,3.24227E+12,sandwich le mega  poulet roti oeuf x3
brets,3.49792E+12,chips paysanne
lotus,5.41013E+12,gaufres de liege perles de sucre
carrefour bio carrefour,3.56007E+12,pain de mie complet
arla buko,5.71195E+12,buko  der sahnige frischkase
crownfieldlidlbruggen,20003234,musli multifrucht
hacendado,8.48E+12,finas lonchas
lesieur monini,80508816,classic extra virgin oil
yum yum,8.85202E+12,vegetable flavour
lidl stiftung  co kg,20035525,protein bar
milka,4.0257E+12,bial shokolad
gusto,6.42021E+12,pufuleti
tipiak,3.6009E+12,boulgour tradition
italiamo,20487942,pomodori essiccati sundried tomatoes
old el paso,8.41008E+12,wraps de ble nature
milhafre dos acores,5.60105E+12,manteiga acoriana
herta le bon paris,3.15423E+12,herta le bon paris jambon a letouffee sans nitrite x6 210g
hacendado,8.48E+12,mayonesa
benedicta heinz,3.6606E+12,mayonnaise
latta upfield gezahlt nur latta   gezahlt wird nur latta ,8.7192E+12,latta   2 x kerrygold   3x rama
italiamolidl,4.05649E+12,crema balsamico classic
barilla mulino bianco,8.07681E+12,biscotti pan di stelle
mutti,8.00511E+12,concentre de tomates
fiorentini,8.00289E+12,peanut butter
vogels,5.01199E+12,sensational soya  linseed bread
green giant,5.01005E+12,green giant sweetcorn
sainsburys,415668,extra virgin olive oil
tunnocks,5.01098E+12,tunnocks teacakes 6pk al anhar
tesco,5.05101E+12,sesame oil
ovomaltine,7.6121E+12,crunchy cream
heinz,5.00016E+12,vegetable soup
mlekovita,5.90051E+12,kefir
cemoi,3.17329E+12,quadro loriginal
tesco,5.0102E+12,italian finely chopped tomatoes
tesco,5.05775E+12,tomato ketchup
chobani,8.947E+11,greek yogurt nonfat plain
coop,5.00013E+12,coop irresistible super seeded farmhouse
ms food,29294343,cheese twists
savour bakes,4.0886E+12,corn cakes
freshona,40891699,solenye ogurtsy augurken cornichons zoetzuuraigresdoux
bens,3.4874E+12,riz au curry et legumes
bimbo takis,8.4126E+12,takis queso volcano 90g
innocent,5.03886E+12,invigorate
knorr,8.7227E+12,chicken stock cube
tesco,5.05755E+12,cocoa powder
crosta  mollica,5.0602E+12, mollica black olive grissini
tesco,5.05737E+12,red pepper houmous
tesco,5.0597E+12,root vegetables
general millscheerios,16000170032,cheerios
rowan hill,4.05649E+12,malted bloomer
bravo crem,8.00318E+12,bravo crem
innocent,5.03886E+12,invigorate
chergui,6.11113E+12,daya
waitrose,5.00017E+12,hazelnut caramelised cashew  pistachio milk chocolate
sainsburys,146098,natural yogurt
sainsburys,1175424,smoky roasted red pepper houmous
sainsburys,1783230,so organic tomato ketchup
grahams,5.02584E+12,kefir yogurt passion fruit mango and papaya
yo,5.03527E+12,rainbow salmon poke
barcel,8.4126E+12,takis fuego
jaouda,6.11124E+12,soif de lait
danone,6.11103E+12,danone assil saveur coco
hacendado,8.402E+12,chocolate
pilos,4.05649E+12,high protein mango
grafsafter,4.33562E+12,tortilla wraps vollkorn
nestle nesquik nesquik bio,7.61304E+12,nestle nesquik bio cereales 375g
poulain,3.66435E+12,poulain bio 34  de cacao
ebly,3.4874E+12,ble tendre cuisson 10 min ebly 1kg
cruesli quaker,3.16893E+12,cruesli miel et noisettes
gerble,3.17568E+12,gerble  sesame chocolate cookie 200g 71oz
gerble,3.17568E+12,barre amande
daco bello,3.27072E+12,formule boost
nestle menier,3.06994E+12,menier patissier tablette
herta,3.15423E+12,herta bacon 15t  150g
jordans,5.01048E+12,country crisp 4 noix
epi dor,3.5647E+12,muffins complets
pulco,3.12448E+12,sirop citron vert et menthe
cassegrain,3.08368E+12,petits pois et carottes
delabli latelier blini,3.29207E+12,tarama extra
sojasun,3.27322E+12,framboise passion
marque repere epi dor,3.5647E+12,petits pains grilles au ble complet
bjorg,3.22982E+12,boisson amande
u,3.25622E+12,petits pains grilles au ble complet 400g
bouton dor,3.25039E+12,huile dolive bio bo 75cl
st moret savencia,3.27277E+12,saint moret bio
fleury michon,3.30274E+12,la tajine de boeuf et ses legumes du soleil
gerble,3.17568E+12,selegerme
hacendado,8.48E+12,edulcorante adocante de mesa a base de ciclamato  sacarina
connetable,3.26367E+12,filets de maquereaux au naturel
crealine,3.42244E+12,puree de pois casses
lidl,20057206,oeufs frais plein air
the bridge,8.01943E+12,boisson avoine naturel
hacendado,8.48E+12,gazpacho fresco
hacendado,8.48E+12,hummus con pimiento del piquillo asado
bonduelle,3.08368E+12,lentilles cuites dans tres peu de jus
fleury michon,3.30274E+12,le parmentier de boeuf charolais puree a la creme fraiche
fanta,5.449E+12,fanta orange
fleury michon,3.30274E+12,parmentier de poisson a la ciboulette
carrefour bio carrefour,3.52368E+12,bio et equitable
uu bio,3.25622E+12,boisson soja nature
milbona,4.05649E+12,yogurt
cirio cirio  conserve italia soc coop agricola,8.00032E+12,passata verace
la minut,5.94149E+12,mustar de masa
barilla mulino bianco,8.07681E+12,pan goccioli
alesto lidl,20333737,roasted cashewpeanutmix honey  salt
malongo,3.18757E+12,pur arabica des petits producteurs loriginal
hacendado,8.48E+12,rellenos de crema de cacao  avellana sin gluten
briau,3.5715E+12,la brandade de morue parmentiere gratinee
pilos,20790981,greekstyle creamy yogurt
benedicta,3.6606E+12,mayonnaise
parmentier,3.01908E+12,sardines huile d olive vierge
pringles,5.05399E+12,pringles classic paprika
krasnystaw,5.90206E+12,kefir
combino lidl,4.01316E+12,nudeln spaghetti
mercadona,8.48E+12,panecillo 100 integral
lipton,8.72061E+12,yellow label
napolina,5.00023E+12,napolina passata 500g
mcvities,5.00017E+12,ginger nuts
alesto lidl,4.05649E+12,mangostreifen getrocknet
sante a kowalski sp j,5.90062E+12,crunchy cranberry  raspberry  sante
yoplait,3.32977E+12,skyr nature
knorr,5.00018E+12,knorr all purpose seasoning aromat
mcvitie s,50168101,cheddars original biscuits
mornflake,5.01003E+12,creamy superfast oats
rivercote,20891329,scottish rough oatcakes
naturya,5.06024E+12,organic cacao nibs
lee kum kee,78895300024,panda brand oyster flavoured sauce
kingsmill,5.01009E+12,soft white bread
triscuit,44000050986,original made with sea salt baked with 100 whole grain wheat
sensations walkers,5.00033E+12,lime  coriander chutney poppadoms
paxo,5.00035E+12,paxo sage  onion stuffing mix
tesco,5.05114E+12,wholewheat penne
tesco,5.05701E+12,nuts  seeds muesli
mutti,8.00511E+12,sauce tomates cuisinees
yutaka,5.01428E+12,yutaka silken tofu imp
tropicana,5.02231E+12,smooth orange with no bits
milsani milchhof albert,4.06146E+12,hvollmilch 35  fett
suzi wan,4.00236E+12,sauce soja salee
tesco,5.05114E+12,greek feta
walkers,5.00033E+12,ready salted crisps
penn state,5.03244E+12,state baked pretzels sour cream  chive flavour
aiguebelle,6.11102E+12,poudre de cacao
aldi,4.0886E+12,lemon juice
danone,3.03349E+12,hipro facon stracciatella
danone,6.11113E+12,ain saiss
warburtons,5.01004E+12,milk roll sliced white bread
carotino,9.55713E+12,healthier oil for cooking red palm fruit  rapeseed oil
best biscuits,6.11126E+12,fluffy milky
lesieur,3.26547E+12,ketchup lesieur 250 g
tropico,5.449E+12,tropico
chergui,6.11113E+12,daya mini avocat
avery island la mcihenny company tabasco,11210115255,tabasco   red pepper hot sauce
chergui,6.11113E+12,brasse abricot mchmach
sainsburys,1167078,cannellini beans
uncle ben,5.01003E+12,spicy mexican rive
gullon,8.41038E+12,gullon zero snack choco
hacendado,8.402E+12,chocodays
blue dragon,5.01034E+12,medium egg noodles imp
borsec,5.94222E+12,apa minerala naturala plata
plenish,5.06036E+12,organic soya drink
hacendado,8.402E+12,choco avena
tiffany,6.291E+12,wafer sandwich
glico lumondelez mikado,3.01776E+12,mikado chocolat au lait
innocent,5.03886E+12,100 oranges sans pulpe
bjorg,3.22982E+12,pain depices miel
kelloggs,5.05383E+12,kelloggs tresor
fruit shoot teisseire,3.09272E+12,fruit shoot tropical
carrefour,3.56007E+12,galleta de mantequilla
kinder mixte,8.0005E+12,tablette kinder chocolat chocolat au lait x16 200g
begin say,3.17466E+12,sucre cassonade
oasis tropical oasis,3.12448E+12,oasis
eco leclerc eco,3.45097E+12,eau de source de montagne
bn,3.06199E+12,bn  cookies  mini strawberry x 5 175g 62oz
chaussee aux moines lactalis,3.11427E+12,chaussee aux moines 450g
mont blanc creme dessert,3.70028E+12,mont blanc chocolat
nestle dessert tablettes,7.61304E+12,chocolat nestle dessert noir 2x205g
pcd,8.71041E+12,pate darachide
panzani,3.03836E+12,bolognaise
amora unilever,3.25055E+12,amora moutarde miforte verre de table 230g
paysan breton,3.41229E+12,beurre moule demi sel
bio village lucien georgelin,3.56471E+12,10 oeuf frais
st hubert st hubert omega 3,3.36632E+12,st hubert omega 3 750 g doux grand format
red bull,90162565,red bull energy drink
primevere,3.15525E+12,tartine demisel 100 vegetal
le gaulois,3.26698E+12,panes de poulet x2
freshona,20039882,poivrons grilles
cassegrain,3.08368E+12,tajine legume grilles
hacendado,8.48E+12,blanco sin corteza
hacendado,8.48E+12,soja texturizada fina
freshona,20856090,mais doux croquant bio
marque repere les croises,3.5647E+12,primfrais
galbani,8.00043E+12,mozzarella mini
alter eco,3.70021E+12,chocolat noir aux ecorces dorange
nestle,3.38739E+12,fitness cerealien
hacendado,8.48E+12,atun claro en aceite de girasol
carrefour,3.27019E+12,chicoree cafe
hacendado,8.48E+12,cereales de chocolate y avellana
bio village,3.56471E+12,100 cacao maigre non sucre
nestle,3.02329E+12,viennois chocolat
barilla famila barilla,8.07681E+12,linguine pates alimentaires de semoule et de ble dur 500g
lidl,20071943,fruchte hafermusli
la fournee doree,3.58722E+12,pancakes
bonne maman,3.60858E+12,pate a tartiner aux noisettes et au cacao
nissin,8.71243E+12,demae ramen  chicken
benedicta,3.6606E+12,sauce crudites nature
alesto,20032982,californian pistachios  roasted  salted
kraft,68100084245,smooth peanut butter
milka,7.6223E+12,caramelo
belbake,20358228,fast action dried yeast
pilos,20357146,unt de masa
galbusera,8.00219E+12,piu integrali
ferrero nutella,80177128,nutella hazelnut spread with cocoa
herta le bon paris,3.15423E+12,herta le bon paris jambon sel reduit x4  140g
pitch,3.25655E+12,brioche chocolat
alpro,5.41119E+12,oat original
doritos,5.00033E+12,doritos cool original 180g
loyd grossman,5.00035E+12,tomato and chilli
kelloggs,5.05932E+12,special k chocolat au lait
naked,5.06009E+12,raw fruit  nut bar
toblerone,7.62221E+12,milk chocolate large bar
dulcesol,8.41009E+12,integral
tesco,5.05291E+12,pure squeezed orange juice smooth not from concentrate
frank coopers,5.03566E+12,fine cut oxford marmalade
innocent,5.03886E+12,innocent smooth orange juice
nestle,8.44529E+12,quality street
danoneactivia,5.06036E+12,activia rhubarb
chergui,6.11113E+12,yaourt au lait de chevre
nakd,5.06009E+12,raw fruit  nut bars  bakewell tart
hellmanns,48001213487,real mayonnaise
this,5.06068E+12,this isnt pork sausages
marks  spencer,972376,greek style live yogurt
millies,8.71053E+12,100 peanut butter smooth
nixe,20183059,mackrel fillets in spicy tomato sauce
graze,5.05596E+12,peanut butter bars
tesco,5.05775E+12,6 crumpets
pataks,5.01131E+12,2 tikka masala paste pots
carte dor,8.71133E+12,magadascan vanilla
tesco,5.01837E+12,super smooth porridge
tesco,5.05775E+12,lightly salted rice cakes
ricola,7.6107E+12,50g ricola framboise melisse
tesco,5.0514E+12,double cream
taste of,4.05649E+12,light soy sauce
sidi harazem,6.11113E+12,sidi harazem
the village bakery,4.0886E+12,super soft seeded wraps
u,3.25623E+12,beurre de cacahuetes 350g
warburtons,5.01004E+12,crumpet thins
rubies,5.06031E+12,ketchup
tesco,5.0597E+12,sundried tomato  oregano bread with sourdough
belvoir,5.02202E+12,belvoir farms raspberry  lemon cordial
chergui,6.11113E+12,yaourts brasses aux fruits fraise
jibal,6.11125E+12,jibal mangue
star,6.11118E+12,ketchup
vemundo lidl,4.05649E+12,hafer barista
freshona,4.05649E+12,coconut milk
milbona,4.05649E+12,irische butter
mercadona,8.42447E+12,100 integral
eat real,5.06088E+12,veggie straws
maribel,4.05649E+12,crema di arachidi
skyr danone,3.03349E+12,skyr a boire gout fruits rouges
sondey,4.05649E+12,biscuits au germe de ble soja et orange
azura,3.27656E+12,tomates cerises
bimbo,8.4126E+12,natural 100
lu,3.01776E+12,sable des flandres
ethiquable,3.76009E+12,chocolat noir 98  equateur
francine,3.06811E+12,farine de ble t45
lu pelletier,7.62221E+12,pain grille
kango lu,3.05644E+12,kango
roger,3.27367E+12,biscottes aixoises
elle  viresavencia,3.45179E+12,le beurre de condesurvire doux
nestle,3.02329E+12,flanby
carrefour,3.56007E+12,special mie complet
barilla kalkof,8.07681E+12,sous olivkovyi barilla na banete
ondine,3.25039E+12,eau de source
carrefour,3.56007E+12,pois chiches
sprite,54491069,sprite 500ml
knorr,3.01136E+12,bouillon de poule
carrefour bio carrefour,2.02304E+12,la boule bio
belvita lu mondelez,7.62221E+12,belvita petit dejeuner
odyssee,3.25039E+12,batonnets de surimi
crf,3.56007E+12,mayonnaise a la moutarde de dijon
taifun,4.01236E+12,tofu rosso olives et tomates
seeberger,4.00826E+12,nusskernmischung
savencia st moret,3.27277E+12,st moret leger 8 mg
fleury michon,3.09576E+12,blanc de dinde  dore au four
bicentury,8.42321E+12,tortitas de maiz
real thai,8.85814E+12,lait de coco
barilla mulino bianco,8.07681E+12,buongrano integrale
hacendado,8.48E+12,barritas muesli chocolate
saint louis,3.22004E+12,pack sucre en poudre 650g
findus,3.59974E+12,colin dalaska msc  7 cereales  graines
mc cain,8.71044E+12,rosti
hacendado,8.48E+12,galletas de canela
krisprolls,7.31107E+12,krisprolls complets sans sucres ajoutes
alsa,3.02703E+12,flan patissier
crownfield,4.05649E+12,muesli crunchy fruits rouges
panzani,3.03836E+12,sauce basilic aux tomates fraiches de saison
tramier,8.41018E+12,huile dolive vierge extra sans residus de pesticides
lidl vemondo,4.05649E+12,tofu smoked
mutti,8.00511E+12,sauce tomate aux legumes grilles
gerble,3.17568E+12,pain complet au sarrasin
maretti,3.80021E+12,bruschette chips pizza flavour
little moons,5.02732E+12,passionfruit  mango mochi ice cream
vemondo,4.05649E+12,soya blueberry soijajogurtti
weetabix,5.01003E+12,weetabix chocolate 24s  tesco imp
tesco,5.0514E+12,cannellini beans in water
biona organic,5.03272E+12,organic black beans
dolmio,4.00236E+12,bolognese sauce
choco nussa,4.05649E+12,hazelnut chocolate spread
cypressa,5.00036E+12,tahini
sainsburys,1273588,scottish whole rolled oats
arla,5.00018E+12,skyr
hacendado,8.48E+12,almendra sin piel
valencia,6.11125E+12,valencia 100 jus orange 1l
cathedral city,5.0003E+12,mature lighter
crownfield,20719319,tropical granola
clover,5.0003E+12,clover margerine
tesco,5.05775E+12,mature cheddar strength 3
mornflake,5.01003E+12,beta3 oatbran
spoon,5.06042E+12,granola cinnamon  pecan
nixe,4.05649E+12,mackerel fillets
blue dragon,5.01034E+12,sweet chilli sauce imp
kelloggs,5.05383E+12,crunchy nut
dr kargs,4.03363E+12,protein knacke kurbiskern
harvest morn,4.0886E+12,crisp rice
kirkland signature,96619032938,raw  unfiltered honey
ocean sea,4.05649E+12,omega3 fish fingers
lidl,4.05649E+12,taste of gorgeous green
alestolidl,4.05649E+12,cacao  orange 5 raw fruit  nut bars
ligeresa,8.72018E+12,salsa original
chergui,6.11113E+12,yaourt jnane
tops,5.449E+12,fanta tops pomme 15l
tesco,5.0597E+12,plant chef soya alternative to plain yogurt
lidl,4.05649E+12,sourdough crumpets
yutaka,5.01428E+12,korean kimchi
sainsburyshubbards foodstore,1002553,baked beans in tomato sauce
isabel,8.41011E+12,atun gran sabor isabel
forest feast,5.02237E+12,salted dark chocolate almonds
michoc,6.1112E+12,leka cream
heinz,5.00016E+12,tomato sauce for bolognese
itsu,5.06026E+12,vegetable fusion gyoza
cardella,8.69508E+12,cardella spaghetti
arla foods,5.71195E+12,puck
mejora,6.11102E+12,mejora
tesco,5.05797E+12,tesco soft cheese 50 less fat
danone,6.11103E+12,veloute vanilla
cereal bio,3.17568E+12,tofu cuisine pesto et graines de courges
vitalia,8.71998E+12,granola bar vanilla  white cream
organix,5.02412E+12,raspberry  apple soft oaty bars
gerble,3.17568E+12,matin miel
milbona,4.05649E+12,creme dessert saveur chocolat et vanille
jordans,5.01048E+12,oh my crisp   noix
cereal bio,3.17568E+12,sables sesame  pavot
innocent,5.03886E+12,innocent jus ananas  fruit de la passion 900ml
innocent,5.03886E+12,jus dorange avec pulpe
innocent,5.03886E+12,energie cherie
nautica,20466909,28 batonnets de surimi
innocent,5.03886E+12,zest defense
bonne maman,3.17853E+12,financiers amandes
charbonnel et walker ginbis mondelez oreo oreo  mondelez international,7.6223E+12,oreo enrobed white imp
ovive,3.39278E+12,truite fumee des pyrenees
baresa freshona,20198114,tomatenpuree
ivoria,3.25039E+12,pate a tartiner 185 bio  350g
yoplaityop,3.32977E+12,yaourt a boire sucre aromatise
champomy,3.1922E+12,loriginal  jus de pomme petillant
amora,8.7227E+12,amora moutarde douce verre 190g
vrai,3.27322E+12,vrai fromage blanc 500g
la baleine,3.18328E+12,sel de mer fin
president,3.15525E+12,creme fraiche gastronomique
maitre prunille,3.50249E+12,noix de cajou grillees sans sel
valor,8.41011E+12,cacao puro en polvo desgrasado
gerble,3.17568E+12,sables myrtilles germes de riz
kelloggs,5.05383E+12,cereales extra pepites kelloggs chocolat au lait
lactelmatin leger,3.42827E+12,matin leger
maitre prunille,3.50249E+12,melange japonais
caprice des dieux savencia,3.16172E+12,caprice des dieux
carrefour,3.24541E+12,toetilla chips nature
hacendado,8.48E+12,proteinas chocolate
connetable,3.26367E+12,sardines sans aretes au naturel
maple joe,3.08854E+12,ahornsirup
envia,20339906,lait demiecreme
mercadona,8.4149E+12,pan redondo 5 semillas
cauvin,3.33659E+12,huile de noix 2 flaschen
danone gervais gervais suisse nature,3.03349E+12,le petit suisse gervais nature 95 60 g x 6
samia,3.27665E+12,sauce alger
hero,8.41018E+12,confitura de fresas 0 azucares anadidos
harrys,3.22886E+12,harrys brioche tranchee farine complete sans additif 485g
hacendado,8.48E+12,cereales y semillas
syrup,5.407E+12,bio agave syrup
cereal bio,3.17568E+12,steak vegetal
salvetat,3.06832E+12,eau minerale salveta citron
funky veggie funkie,3.77001E+12,ouf la pate a tartiner cacao cacahuetes
mimosa,5.60105E+12,leite meiogordo
diet pepsi pepsi zero pepsico,3.16893E+12,pepsi zero sleek 33 cl
cocacola,5.00011E+12,cocacola
seeberger,4.00826E+12,nutsn berries
danone,3.03349E+12,light free
werthers original,4.0144E+12,storck caramel popcorn classic 140g
dee thai,8.85959E+12,leche de coco
lidlmilbona,4.05649E+12,burrata
gullon,8.41038E+12,zero sin azucares barquillos vainilla
nestle,7.61304E+12,chocolate negro
carrefour bio carrefour,3.56007E+12,croustillant fruits rouges
fleury michon,3.30274E+12,filet de poulet roti
carrefour bio carrefour,3.56007E+12,barres cereales fraise
nestle nescafe,7.61329E+12,nescafe special filtre bio
intermarche les eleveurs vous disent merci,3.25039E+12,lait 12 ecreme uht bq 1l merci
delice danone,6.194E+12,le nature
ovomaltine,7.6121E+12,ovomaltine crunchy cream
meridian,5.01421E+12,smooth cashew butter
fage,5.20105E+12,yogurt
birds eye,5.00012E+12,fish fingers
quaker,5.00011E+12,so simple apple and blueberry imp
knorr,5.00018E+12,chicken stock cubes 8 x
tesco,5.01837E+12,olive spread
waitrose,5.00017E+12,essential waitrose wholewheat biscuits
freshona,4.05649E+12,red kidney beans in water
krisprolls,7.31107E+12,krisprolls froment
tilda,5.01116E+12,tilda genuine goodness basmati rice lime  coriander
calve,8.72018E+12,sabor casero
pataks,5.01131E+12,pataks korma paste pots
by sainsburys,1179101,smooth peanut butter
kelloggs,5.05932E+12,frosted wheats
jaouda,6.11124E+12,press up
moorish,5.06043E+12,smoked humous
sainsburys basics,1163575,chopped tomatoes in tomato juice
kelloggs,5.05932E+12,special k
kelloggs,5.05932E+12,frosties
misura,8.00259E+12,biscotti allo yogurt dolcesenza
peters yard,5.0602E+12,sourdough crispbread
star,6.11118E+12,cornichons
sainsburys,253413,simply granola
alesto,4.05649E+12,cashew crush raw fruit  nut bars
bimbo,6.11126E+12,multigraines
kind,5.00016E+12,protein bar
jaouda,6.11124E+12,desert gourmand caramel jaoda danon
taste of china,4.05649E+12,dark soy sauce
marie,3.24883E+12,nouilles aux crevettes
puck,5.71195E+12,puck
heinz,5.00016E+12,heinz tomato and chilli sauce
ja rewe ja,4.33726E+12,ketchup
tesco,3263976,chia seeds
kettle,5.01776E+12,kettle chips sweet chilli and sour cream
sainsburyssainsburys,1793697,sainsburys basmati rice
kelloggs,5.05932E+12,miel pops loops
ms collection,843430,authentic greek yoghurt 0 fat
taste of,4.05649E+12,wholegrain microwaveable rice
aknaz,6.11125E+12,fromage fondu a tartiner
chergui,6.11113E+12,jben chergui 2
alimani,6.11125E+12,jolay
hellmans,5.00016E+12,good mayonaise imp
jaouda,6.11124E+12,grec
delicia,6.11116E+12,confiture dabricot
carrefour,3.56007E+12,toast crock cereales completes
javana,6.11118E+12,flocons d avoine
marine,6.11126E+12,filets de sardines sans peau sans aretes
bel for all for good,6.11103E+12,la vache qui rit
milbona,4.05649E+12,high protein chocolate rice puddibg
poulain,3.66435E+12,choco crousti
alesto,4.05649E+12,pitted prunes
cocacola,5.94232E+12,coca cola
bonne maman,3.60858E+12,bonne maman pate a tartiner noisettes et cacao
bol,5.06043E+12,protein power soup garden pea  spinach
excelo,6.11126E+12,dolcy chocobar gold
jordans,5.01048E+12,country crisp bio chocolat noir
bjorg,3.22982E+12,soja douceur
cereco terres et cereales bio,3.42156E+12,muesli croustillant chocolat 500 g
bjorg,3.22982E+12,avoine citron  graines de chia
danone danone jockey nature,3.03349E+12,danone fromage blanc 32 de mg 825 x 1
activia activia yoghurt flavours danone,3.03349E+12,activia bifidus saveur noix de coco sans arome artificiel 125 gx 4
knorr,8.7112E+12,knorr soupe liquide legumes du potager 45cl
carrefour,3.24541E+12,4 muffins complet
soignon,3.52323E+12,la buche de chevre maxi format
fleury michon,3.09576E+12,le torchon  cuit a letouffee   25 de sel
malo,3.2787E+12,yaourt nature bio
sodebo,3.24227E+12,dolce pizza  regina
jardin bio lea nature,3.30713E+12,lea nature  pomme vanille bourbon
aldi simplement bon et bio,26029054,pate a tartiner aux noisettes
lactalis president,3.15525E+12,la motte beurre doux pasteurise 82  de mat gr eurre doux pasteurise 82  de mat gr
hacendado,8.48E+12,digestive
tanoshi,3.22982E+12,nouilles poulet teriyaki
sodebo,3.24227E+12,sandwich mega viennois poulet roti oeuf
alter eco,3.70021E+12,70 equateur
maggi,7.61304E+12,kub or
cereal bio,3.17568E+12,ble riz rouge quinoa
cmi carrefour marchandises internationales carrefour groupe carrefour,3.27019E+12,moutarde de dijon
mannapain,26095547,petits pains grilles au ble complet
nixe lidl stiftung  co kg,20043391,filets de maquereaux moutarde
central lechera asturiana,8.4103E+12,leche uht entera
scholetta,26057385,chocolat noir
hacendado,8.48E+12,margarina ligera
hacendado,8.48E+12,cereales  fibra
carapelli,8.00247E+12,huile dolive vierge extra bio delicato
petit navire,3.01908E+12,thon entier au naturel albacore
dmk milsani,4.06146E+12,streichfein ungesalzen
marque repere rustica,3.5647E+12,vinaigre de cidre
vitador,20998141,kokosnussol
nature valley,16000502666,crunchy oats  honey
andros,3.60858E+12,dessert au lait damande et au chocolat
vergers gourmands,4.05649E+12,puree de pommes sans sucres ajoutes
eat natural,50663569,almond and apricot with a yoghurt coating fruit and nut bar
hacendado,8.48E+12,aceite de oliva virgen extra
arvid nordquist,8.0087E+12,kringler salinis glfri 60g schar 60g
hacendado,8.48E+12,cookies sin gluten y sin lactosa
fiorentini,8.00289E+12,peanut butter creamy
carrefour bio carrefour,3.56007E+12,muesli 35 fruits noix et graines
barilla,8.07681E+12,pesto basilico e peperoncino 195g
flora,8.7192E+12,plant butter
quorn,5.0195E+12,quorn pieces
naturis,4.05649E+12,apfelsaft aus apfelsaftkonzentrat
vita coco,8.98999E+11,coconut water pressed coconut
la vache qui rit bel,3.07378E+12,la vache qui rit legere 16 portions
roshen,4.82308E+12,brut truedark chocolate bar 80
toque du chef,4.05649E+12,gnocchi a poeler
leonce blanc,3.17406E+12,confiture de framboise 70
hacendado,8.48E+12,mostarda
heinz,50157969,tomato ketchup
daves killer bread,13764027121,good seed organic bread
nocilla,8.41001E+12,original
juver,8.41071E+12,zumo juver disfruta melocot 1l
bio village marque repere,3.56471E+12,muesli croustillant 3 noix
gran luchito,5.06032E+12,tortilla chips
pipers crisps pipers,5.03306E+12,pipers anglesey sea salt crisps
lindt,7.6104E+12,les grandes 34 hazelnut dark
nestle lindahls,3.02329E+12,white chocolate yoghurt
kelloggs,5.05932E+12,plain wheats
herta tresor de grand mere,3.15423E+12,herta tgm pate brisee pur beurre 280g
cest qui le patron  la marque du consommateur,3.70034E+12,beurre bio doux
sodebo,3.24227E+12,salade  compagnie  montmartre
flora superdrug,5.00023E+12,fabric plasters
innocent,5.03886E+12,innocent strawberries and bananas
sabra,7.29011E+12,hummus garlic  red pepper
doves farm,5.01177E+12,organic wholemeal digestive biscuits
maestrosaida,6.19401E+12,degustation  chocolat noir 72 cacao
weetabix,5.01003E+12,wheetos
mockingbird,5.06041E+12,raw boost
sainsburys by sainsburys,553179,porridge oats 15kg
lidlmilbona,4.05649E+12,whole milk natural yoghurt
bramwells,4.0886E+12,whole grain mustard
kelloggs,5.05383E+12,kellogg bran flakes
napolina,5.00023E+12,cannelloni beans
be,6.11126E+12,fluffy
by sainsburys,436151,tahini
kallo,5.01367E+12,belgian milk chocolate
aldi,4.0886E+12,dried cranberries
excelo,6.11126E+12,silvia duo cacao
blue dragon,5.01034E+12,thai red
carrefour biocarrefour,3.56007E+12,biscuits avoine chocolat
bonne maman,3.60858E+12,lemon curd
taifun,4.01236E+12,black forest tofu
jibal,6.11125E+12,ferme vanille
pollen  grace,5.06047E+12,mezze houmous  rainbow veg grain bowl
kirkland,96619885718,unsalted mixed nuts
milbona,4.05649E+12,high protein milchreis  klassik
vitamin aqua,5.94233E+12,pere si afine mg
nestle,5.90002E+12,nesquik
andros,3.04532E+12,100 pur jus oranges
ivoria,3.25039E+12,pate a tartiner
bjorg,3.22982E+12,galettes riz sesame
st hubertst hubert 41,3.36632E+12,st hubert 41 500 g doux ss hdp
carrefour bio carrefour,3.27019E+12,petit beurre tablette chocolat noir
lu mondelez prince,5.41004E+12,prince gout chocolat
kambly,7.61022E+12,flutes aux 3 graines
saint louis,3.22004E+12,etui bec verseur sucre en poudre saint louis sucre 1kg
u,3.25622E+12,lait demiecreme
marque repere les croises scamark filiale e leclerc,3.5647E+12,emmental rape 29 mat gr
favorina,20037710,panettone classico
nestle lion,5.90002E+12,nestle lion barres de cereales 6x25g
sodebo pastabox,3.24227E+12,pastabox  tortellini ricotta epinards sauce au parmesan
chabrior,3.25039E+12,pain grille au ble complet  bio
rians,3.18467E+12,la faisselle
na nature addicts,3.6092E+12,fruit stick framboise
maille mini,8.7227E+12,maille mini cornichons petits croquants bocal 210g
lou perac,3.02326E+12,la brique pur brebis
barilla,8.07681E+12,pesto rustico  basilico  zucchine
cocacola,5.449E+12,cola
carrefour reflets de france,3.24539E+12,sel de guerande igp
bonne maman,3.04532E+12,marmelade oranges ameres  bonne maman
knorr unilever,8.7227E+12,soupe thai  nouilles champignons et pousses de soja  d ty swp
u,3.25622E+12,biscottes aux 6 cereales x36  300g
sondey,20927905,madeleines coquilles
ker cadelac,3.25942E+12,ker cadelac  marble cake 500g 176oz
jardin bio,3.47882E+12,pates farcies aux legumes a la sauce tomate bio
barilla,8.07681E+12,coquillette
etoile dor,20358785,comte
marque repere oeufs de nos regions,3.5647E+12,oeufs frais plein air omega3 x 12
st hubert st hubert omega 3,3.36632E+12,st hubert omega 3 sans huile de palme demi sel
bio village marque repere,3.56471E+12,vinaigre de cidre bio
deli deli reform walter rau lebensmittelwerke,40264769,deli reform das original
marque repere eleclerc leclerc,3.5647E+12,eau minerale naturelle des alpes
cereal bio,3.17568E+12,puree lentilles corail potimarron
hacendado,8.48E+12,quinoa
hacendado,8.48E+12,jamon cocido
maison tino,3.33831E+12,parmentier de canard
aldi alpenmark alpenmark hofburger aldi,4.06146E+12,frischkase natur
u u bio,3.25622E+12,boisson avoine  1l
ethiquable,3.76009E+12,chocolat noir 74 cote divoire
les mousquetaires regain selection des mousquetaires,3.25039E+12,boisson avoine bio 1l
saint jean,3.26614E+12,supremes souffles nature 4x120g
fleury michon,3.09576E+12,le tranche fin  degustation
pierre martinet,3.28178E+12,mes carottes rapees a la ciboulette
cereal bio,3.17568E+12,teriyaki
regain regain bio,3.25039E+12,boisson soja nature bio 1l
vemondo,20879983,bevanda nocciola
bjorg,3.22982E+12,crousti avoine superfruits
danone les 2 vaches,3.66134E+12,skyr bio nature
novi,8.00638E+12,cremanovi
benedicta,3.6606E+12,mayonnaise en tube
flying goose brand,8.85366E+12,sriracha
fleury michon,3.30274E+12,le moelleux
carrefoursimpl,3.56007E+12,lait demiecreme
balocco,8.0011E+12,cruschelle
giba,6.13076E+12,guedila
debeukelaer,4.00152E+12,prinzenrolle
president,3.15525E+12,tendrissime
chef gourmand,5.94114E+12,paine cu seminte feliata
belvita,7.62221E+12,soft bakes choc chip
alesto,20772970,snack mix
hacendado,8.48E+12,classic cafe soluble
kraft,68100084276,smooth peanut butter
gullon,8.41038E+12,avena con chocolate negro  sin azucares anadidos
bells healthcare pure,5.01022E+12,dairy free sunflower spread
lidl mister choc,4.05649E+12,mister choc facon speculos
vico,3.33697E+12,monster munch crazy original
poms,5.449E+12,poms slim 25cl
combino,4.01316E+12,penne rigate nudeln
mc cain mccain,8.71044E+12,mccain frites just au four classique
la espanola,8.41066E+12,extra virgin olive oil
bramwells,4.0886E+12,real mayonnaise
heinz morrisons,50457366,heinz ketchup
linda mccartneys,5.05605E+12,red onion  rosemary sausages
flying goose flying goose brand,8.85366E+12,sriracha
tesco,5.00012E+12,tesco pure clear honey 454g
colmans,8.7141E+12,mint sauce
hacendado,8.48E+12,flan de huevo proteinas hacendado 0 mg
yoplait,3.32977E+12,petits filous fromage frais strawberry  raspberry
tesco,5.0544E+12,bourbon creams
nestle,7.61329E+12,honey cheerios
suzi wan,4.00236E+12,sauce soja salee
waitrose duchy organic,5.00017E+12,houmous
arla,5.00018E+12,arla bob
vimto,5.01044E+12,vimto original cordial nas 1l
aldi,4.0886E+12,thins  multiseed flatbreads
branston,5.00023E+12,baked beans
aldi bramwells,4.0886E+12,cream of tomato soup
fuel,5.0602E+12,super berry granola
lidlbatts,4.05649E+12,real mayonnaise
walkers,5.00033E+12,baked cheese  onion flavour
biotiful,5.06034E+12,kefir vanilla
aicha,6.11102E+12,confiture dabricots
chergui,6.11113E+12,yaourt au lait de chevre
rude health,5.06012E+12,organic coconut drink imp
stokes,5.06009E+12,real ketchup 485 g
savour bakes,4.0886E+12,cream crackers
mccain,5.01023E+12,home chips
old el paso,8.41008E+12,fajita mix smoky bbq imp
bramwells,4.0886E+12,dijon mustard
bottle green,5.02181E+12,pomegranate and elderflower cordial
mccain,5.01023E+12,naked oven chips
ms,29062140,organic baked beans in rich tomato sauce
tesco,5.05427E+12,wholemeal pitta tesco
star,6.11118E+12,sauce cheezy easy
loyd grossman,5.00035E+12,tikka masala
filet de maqueraux a la sauce tomate,6.11116E+12,filet de maqueraux a la sauce tomate
revey,6.11127E+12,delice de cacahuetes
chergui,6.11113E+12,chergui citron sghir
rocks,5.02376E+12,tasty summer fruits
liebig,3.03682E+12,mouline de 12 legumes
sainsburys,356282,multiseed wholemeal farmhouse loaf
tesco,5.0597E+12,green olive and rosemary sourdough
albane,6.11127E+12,raibi
dmbio,4.06645E+12,kokosol
tobigo,6.11126E+12,tobigo
milbona,4.05649E+12,high protein rice pudding
milbona,4.05649E+12,milbona high protein chocolate  caramel desert
solesta,4.06146E+12,extra virgin olive oil
twix mars,5.00016E+12,twix 5x2
cocacola,5.94232E+12,coca cola
danone,3.03349E+12,activia bienetre  digestif
alesto lidl,4.05649E+12,milled flaxseed
andros,3.60858E+12,andros be nuts cremeux
top chef,6.11126E+12,mayonnaise
hacendado,8.48E+12,semillas de chia
gerble,3.17568E+12,gerble  miel chataigne graines de lin
salakis,3.02326E+12,salakis herbes de provence
kinder,8.0005E+12,cereale
pulco,3.12448E+12,citronnade loriginale
st michel,3.17853E+12,doonuts
nestle la laitiere,3.02329E+12,la laitiere creme aux oeufs
bonduelle,3.08368E+12,coleslaw a la moutarde a lancienne
cote dor,7.62221E+12,180g aman cara cote d or
amora ra,8.71257E+12,amora sauce samourai 255g
jordans,5.01048E+12,muesli bio noix  graines
regilait,3.04393E+12,lait entier en poudre
cereal bio,3.17568E+12,quinoa et boulgour a lindienne
chabrior intermarche,3.25039E+12,biscottes nature
daunat,3.36765E+12,caesar poulet roti
bio village marque repere,3.56471E+12,poudre cacaotee bio 32 de cacao max havelaar
tourtel twist,3.08022E+12,tourtel 275 cl tourtel twist lime 00 degre alcool
atlantic,20427627,2 panes au cabillaud
bel leerdammer leerdammer original,8.7218E+12,leerdammer maxi portion
fleury michon,3.09576E+12,eminces de poulet  rotis au four
karelea lea nature,3.76008E+12,biscuits craquants saveur citron
giovanni ferrari,8.00123E+12,parmigiano reggiano
vico,3.33697E+12,vico extra craquantes
wwweight watchers,3.16635E+12,tagliatelles au poulet  champignonscreme
casa azzurra,3.76006E+12,ricotta
latelier blini,3.29207E+12,guacamole extra
belbake,20003142,mehl weizenmehl type 405
moulin de valdonne,3.27204E+12,sirop de grenadine
u,3.25622E+12,pain grille au ble complet 500g
jardin bio jardin biologique lea nature,3.47882E+12,sauce tomate basilic jardin bio
artiach,8.41018E+12,dinosaurus
saupiquet,3.16596E+12,filets de maquereaux marinade au citron et a lolive
old el paso,8.41008E+12,tortillas sans gluten
orangina,3.12448E+12,orangina
crealine,3.42244E+12,puree de carottes
volvic,3.05764E+12,volvic essentiel bio
sodebo,3.24227E+12,sandwich le mega poulet roti mayo legere x3
carrefour,3.56007E+12,houmous
carrefour,3.56007E+12,90 cacao noir
orlando,8.41007E+12,tomate frito
le guerandais,3.44585E+12,sel de guerande
incarlopsa,8.42138E+12,jamon serrano
oatly,7.39438E+12,oatly bio haferoat
prozis,5.60083E+12,peanut butter crunchy
bien,3.76005E+12,pain mie sandwich bio cereales 500g
hacendado,8.48E+12,gazpacho tradicional
lidl sondey,20005573,jaffa cakes
hacendado,8.48E+12,mozzarella
belbake lidl navarre,20115685,chapelure
sondey,20408923,tortitas de maiz
hacendado,8.48E+12,quesco fresco cabra
hacendado,8.48E+12,sirope de agave
vitador,4.05649E+12,huile vierge de noix de coco bio
karelea lea nature,3.4563E+12,karelea epautre noisette
arlabuko,5.71195E+12,buko  balance
belin,7.62221E+12,croustilles gout emmental
cereal bio,3.17568E+12,coeur de burger  texas bbq
la fournee doree,3.58722E+12,briochburger
gerble gerble bio,3.17568E+12,gerble  organic chocolate cookie flavored w banana 132g 47oz
nestle fitness,7.61304E+12,granola miele
alsa,3.02703E+12,flan entremets au chocolat
benedicta,3.6606E+12,sauce crudites nature legere
fleury michon,3.30274E+12,4 tr jambon simplement bon sans couenne
saguaro,4.05649E+12,eau minerale naturelle
amora,8.71052E+12,amora ketchup 5 ingredients flacon souple 273g
galbusera,8.00219E+12,buonicosi
herta,3.15423E+12,herta allumettes nature conservation sans nitrite  2x75g
alprodanone,5.41119E+12,soya original
lidl,20471750,scottish porridge oats
chabrior,3.25039E+12,forme  nature 440g
my milk,8.03407E+12,kefir
danone,3.03349E+12,hipro saveur coco
hacendado,8.48E+12,carne de kebab pollo
carrefour bio carrefour,3.56007E+12,barres cereales graines et amandes
u,3.25623E+12,cereales granola noix  graines 350g
cocacola cocacolalight,50112579,coca cola zero
brillante,8.41018E+12,quinoa real blanca y roja
hacendado,8.48E+12,salsa light
ricola,7.6107E+12,50g ricola eucalyptus
filippo berio,8.00221E+12,extra virgin olive oil
freshona,20425661,mais sweetcorn
sante,5.90062E+12,crunchy nut  almond
milka,7.6222E+12,avellanas enteras
hacendado,8.48E+12,maxi pavo peru
abram lyle  sons lyle tate and lyle,5.01012E+12,black treacle
pringles,5.05399E+12,texas bbq sauce
higgidy family kitchen,5.00037E+12,utterly butterly spread imp
mizkan,5.06034E+12,crosse and blackwell branston pickle 720g
danone,3.03349E+12,cottage cheese
unieagle,16229912437,sriracha
tesco,5.00012E+12,plain flour
gullon,8.41038E+12,cuore di cereale biscotti di avena con frutti rossi
tesco,5.0519E+12,smooth peanut butter
lancashire farm,5.03525E+12,greek style natural yogurt
yakult,8.71311E+12,yakult original
heinz,5.00016E+12,cream of tomato soup
by sainsburys,388023,fruit  fibre
robinsons,5.0101E+12,crushed lime  mint
rowan hill bakery,4.05649E+12,seeded tortilla wraps
graze,5.05596E+12,cocoa orange oat boosts
quaker,5.00011E+12,quaker original
the spice tailor,5.05268E+12,classic butter chicken kit
lidl,4.05649E+12,runny honey
vico,3.33697E+12,chips de lentilles
bertinet bakery,5.06024E+12,malted wheat sourdough
jacksons,5.05614E+12,multiseed bloomer
urban fruit,5.06014E+12,gently baked mango
bear bear nibbles,5.06014E+12,yoyos raspberry multipack 5 x
stockwell,5.05775E+12,wheat biscuits
aldispecially selected,4.0886E+12,hand cooked crisps
brets,3.49792E+12,chips saveur tartiflette
nestle,6.43436E+11,nesquik
innocent,5.03886E+12,energise super smoothie
bjorg,3.22982E+12,biscuits fourres a lamande
hulala,8.00799E+12,hulala
biotiful,5.06034E+12,kefir drink mango
warburtons,5.01004E+12,4 fruity teacakes
harvest morn,4.0886E+12,multigrain dino shape
proper,5.06028E+12,salt and vinegar lentil chips
valencia,6.11125E+12,abtal
kelloggs,5.05932E+12,special k granola chocolate
hll,6.11125E+12,yaourt coco
danone,6.11103E+12,yaourt
tiger bite,4.0886E+12,sriracha hot chilli sauce
hacendado,8.48E+12,margarina con sal
vita kids,6.11124E+12,boisson orange pasteurisee
by sainsburys,1810325,natural cottage cheese
sainsburys,461498,100 nuts smooth peanut butter
dr oetker,4.00172E+12,ristorante pizza mozzarella
heinz,5.00016E+12,sweet chilli
merchant gourmet,5.05622E+12,rich black dahl with black lentils  coconut cream
pulco,3.12448E+12,pulco citron gingembre
bruggen,4.00871E+12,copos de avena
tobigo,6.11126E+12,tobigo
hacendado,8.402E+12,mango
danonevolvic,3.05764E+12,15l fraise volvic
innocent,5.03886E+12,jus dorange sans pulpe
tipiak,3.6009E+12,fine chapelure de pain
lesieur,3.26548E+12,lesieur
bonne maman,3.17853E+12,bonne maman  petits cakes fruits 300g 106oz
general mills old el paso,8.41008E+12,tortilla chips
terres et cereales bio,3.42156E+12,tartines craquantes au sarrasin
societe,30005501,societe creme
bjorg,3.22982E+12,le biscuit de natty
gerble,3.17568E+12,moelleux saveur citron
gerble,3.17568E+12,chocolat noir sans sucres ajoutes
latelier blini,3.29207E+12,houmous bio
cassegrain,3.08368E+12,petits pois  carottes
casa azzurra,3.76006E+12,gran padano aop
lustucru lustucru selection,3.24093E+12,ravioli boeuf
cereal bio,3.17568E+12,facon chili
bn,3.06199E+12,mini bn chocolat
lucien georgelin,3.33072E+12,preparation abricot pomme
lune de miel,3.08854E+12,miel de fleurs
entremont,3.12393E+12,comte le fruite
brets,3.49791E+12,chips nature ancienne
lidlsolmartoque du chef,20645342,gaspacho
picard,3.27016E+12,paella a la valenciana
picard,3.27016E+12,aiguillettes de poulet a la moutarde et au citron ecrasee de pommes de terre et carottes
saladinettes,20638757,coleslaw choux blanc et carottes
hacendado,8.48E+12,pan tostado cereales y semillas
belin,3.01776E+12,chipster
alpro,5.41119E+12,alpro hafermandeldrink 1l
findus,3.59974E+12,tranches panees de colin dalaska msc
maille unilever,8.7121E+12,maille vinaigre balsamique de modene 25 cl
lorenz norma,4.0171E+12,salzstangel
plein air,20057237,oeufs
rugenwalder muhle,4.00041E+12,veganes muhlen cordon bleu
hacendado,8.48E+12,tomate frito
lu mikado,3.01776E+12,cioccolato al latte
paulig,5.41251E+12,6 tortilla nature
jardin bio,3.4563E+12,tartines craquantes quinoa pois chiche
aquariusthe cocacola company,5.449E+12,aquarius naranja
bio village,3.56471E+12,pate a tartiner aux noisettes
old el paso,46000815213,guacamole
milka,7.6223E+12,choco biscuits
tipiak,3.6009E+12,polenta
merci,3.25039E+12,miel de france cremeux
golden sun,4.05649E+12,bio basmati reis
lidl vemondo,20562663,vegan hazelnootpasta
lete,80412021,acqua minerale naturale frizzante lete
mutti,8.00511E+12,double concentre de tomates bio
gerolsteiner,4.00151E+12,gerolsteiner medium
maison tino,3.33831E+12,lasagnes de boeuf a la creme de mozzarella
jord arla,5.71195E+12,nordic oat drink
carrefour bio carrefour,3.56007E+12,puree damandes completes
yoplait,3.32977E+12,creme fraiche entiere
milbona,4.05649E+12,feta
bimo,6.13001E+12,ambassadeur noir precieux 70 cacao
cuveco as,5.06011E+12,premium ginger beer
hacendado,8.48E+12,proteinas mousse chocolate
maitre jean pierre,4.05649E+12,biscotte au froment
vereia,3.80075E+12,priasno krave mliako 3
lidl milbona,4.05649E+12,mascarpone
pilos,20017675,pilos unt sarat
herta knacki,3.15423E+12,herta knacki saucisses 100 pur porc sans nitrite x6 210g
president,3.22802E+12,krave maslo 82
galbusera,8.00219E+12,piu integrali ricchi di fibre segale
maretti,3.80021E+12,bruschette sour cream
hacendado,8.48E+12,crema de calabaza y zanahoria
allos hofmanufaktur gmbh whole earth,5.01367E+12,bioerdnussbutter mit knackigen erdnussstuckchen
st dalfour,5.01427E+12,st dalfour mermelada de frambuesa
heinz,5.00016E+12,beanz no added sugar
ww weight watchers,3.17568E+12,wraps proteines
skyr danone,3.03349E+12,skyr fraise
milsani,2.00605E+12,skyr
aldi savoury bakes,4.0886E+12,original rye crispbread
elpozo,8.41084E+12,jamon cocido extra 1954
tonys chocolonely,8.71768E+12,dark chocolate almond sea salt 51
mcvites,5.00017E+12,mcvities milk choc digestives 266g
anchor,5.00018E+12,anchor
rowse,5.01127E+12,organic honey
nandos,6.00377E+12,perinaise periperi mayonnaise mild
kallo,5.01367E+12,lentil  pea veggie cakes  caramelised onion chutney flavour
strong roots,5.39153E+12,the pumpkin  spinach
tesco,5.01837E+12,mixed bean salad in vinaigrette
bio maggi,8.585E+12,bouillon kub bio volaille
ms food,797016,super nutty wholefood
oatly,7.39438E+12,oat drink organic
kania lidl zuckerfrei,4.05649E+12,tomato ketchup
waitrose,5.00017E+12,waitrose belgian dark chocolate 72
honey maid,44000004637,grahams
daucy,3.0178E+12,ratatouille cuisinee a la provencale daucy 380g
marks and spencer,246255,soft golden wholemeal farmhouse
lidl,4.05649E+12,lidl high protein greek yog
lidl,4.05649E+12,lentil bites
valencia,6.11125E+12,abtal
lidl,20016210,all butter scottish shortbread fingers
graze,5.05596E+12,sweet chilli crunch
asda extra special,5.05717E+12,wholemeal and rye sourdough
waitrose,5.00017E+12,wheat  rye sourdough bread
graze,5.05596E+12,peri peri crunch
pip  nut,5.06037E+12,crunchy sweet  salty peanut butter
inspired cuisine,4.0886E+12,4 panini rolls
allinsons,5.01007E+12,very strong wholemeal bread flour
taste the differencesainsburys,393645,taste the difference vanilla ice cream
sainsburys,322768,medium egg noodles
la baleine,3.18328E+12,sel et mineraux marins
excelo,6.11124E+12,sandwichs choc
mission,8.437E+12,wraps ble complet
lesieur,6.11102E+12,lesieur
heinz,8.41007E+12,tomato frito
azura,3.50418E+12,tomates cerises melangees
bol,5.06043E+12,immunity power soup butternut squash  chilli
chergui,6.11113E+12,chergui sport
birds eye,5.00012E+12,fish fingers
muesli croustillant quaker,3.16893E+12,quaker muesli croustillant myrtilles  baies de goji
lu mondelez,3.01776E+12,la paille dor aux fraises
danone,3.03349E+12,danone le nature 125 g x 16
bjorg,3.22982E+12,gaufres caramel bio
u u bio,3.25623E+12,pate a tartiner aux noisettes sans huile de palme 350g
saint michel,3.17853E+12,le palmier
lumondelez international,5.41004E+12,tuc original  biscuits sale
cocacola,5.449E+12,cocacola zero zero
pure via,3.32976E+12,pure via 65 morceaux
haribo,3.10322E+12,tagada loriginale
brun,3.01776E+12,brun  14 wafers vanilla flavor 146g 52oz
cappuccino gold cappuccino nescafe,3.03371E+12,nescafe gold cappuccino cappuccino
lindt,3.04692E+12,lindor noir
nescafe,7.61303E+12,nescafe cappuccino noisette cafe soluble boite de 270g
andros,3.60858E+12,gourmand  vegetal au lait de coco brasse fraise
intersnack france vico,3.33697E+12,la classique nature
chabrior,3.25039E+12,petits pains grilles au ble complet
carrefour,3.56007E+12,fusilli ble complet
materne,3.02177E+12,pompotes pommepoire
ricola,7.6107E+12,schweizer krautertee
lune de miel,3.08854E+12,miel de fleurs
sondey,20349486,mini brownies lidl
nudossi,4.01809E+12,nudossi ohne palmol
confetteria raffaello ferrero,5.41355E+12,raffaello fines gaufrettes enrobees de noix de coco fourrees noix de coco avec amande entiere ballotin de 18 pieces
cacolac,3.18155E+12,cacolac nature boite 25 cl
toque du chef chef select,4.05649E+12,tortelloni pesto basilico
bonduelle,3.08368E+12,haricots rouges facon chili
bonduelle,3.08368E+12,poelee la mediterraneenne
jardin bio jardin biologique lea nature,3.30713E+12,sauce tomate provencale
pepsico quaker,8.7101E+12,cruesli chocolate
hacendado,8.71878E+12,cebolla frita
madrange,3.18094E+12,le jambon superieur a letouffe
marque repere epi dor,3.5647E+12,pain au seigle complet
primevere,3.15525E+12,primevere bio doux
carrefour,3.56007E+12,huile dolive
de cecco,8.00125E+12,penne rigate no 41
freshona,20004330,gewurzgurken
sante,5.90062E+12,oatflakes
bjorg,3.22982E+12,muesli avoine chocolat
ethiquable,3.76028E+12,guatemala grand cru alta verapaz
oatly,7.39438E+12,ikaffe
heura,8.43702E+12,burgers natures
cirio,8.00032E+12,passata
crownfield,20719326,raisin  almond granola
u,3.25623E+12,pate a tartiner aux noisettes 400g
delicedanone,61941304,jockey
pure via,3.32976E+12,pure via roux
elephant,8.72061E+12,mon infusion bio gingembre citron
lipton,5.00012E+12,peach ice tea
nestle,3.02329E+12,lindahls pro stracciatella
kelloggs,5.00013E+12,fruitn fibre
cassegrain,3.08368E+12,ratatouille  quinoa a la provencale
aldi,4.0886E+12,dried apricots
heinz,5.00016E+12,cream of mushroom  soup
harvest morn,4.0886E+12,bitesize wheat shreds
simplement bon et bio,2.00605E+12,muesli noix
hacendado,8.48E+12,picos camperos de jerez
amoy,5.01093E+12,straight to wok medium noodles
rana,8.00167E+12,aubergine parmigiana fresh tortelloni
morrisons,5.01025E+12,pittas wholemeal
mrs elswood,50409709,sandwich sliced gherkins
lidl vita dor,4.05649E+12,peanut butter
harvest morn,4.0886E+12,protein granola honey and seeds
lidl,4.05649E+12,clear honey
village bakery,4.0886E+12,lightly seeded loaf
tesco,5.05755E+12,salted popcorn
lidl vemondo,4.05649E+12,no milk hafer 35 fett
sainsburys,1849738,pure canadian maple syrup
mrs crimbles,5.01082E+12,macaroons
linwoods,5.01689E+12,flaxseed sunflower pumpkin  chia seeds  goji berries
chergui,6.11113E+12,0  finesse poire
cadbury,7.62221E+12,mini eggs
sultan,6.11107E+12,moment of relaxation
montezumas,5.06072E+12,absolute black orange  cocoa nibs
by sainsburys,369695,wholewheat fusilli
sol de alba,8.42146E+12,king kotes  corn fried barbecue flavoured
patersons,5.01075E+12,clotted cream shortbread fingers
rivercote,4.05649E+12,savoury crackers lightly salted
bramwells,4.06146E+12,tomato ketchup
the paleo foods co,5.06038E+12,low sugar grainfree granola
naked,5.02231E+12,green machine
heinz,8.41007E+12,tomate ketchup heinz
valencia,6.11125E+12,abtal
prime prime hydration,8.5004E+11,prime hydration ice pop
sainsburys,272513,baked beans
asda,20337148,scottish shortbread fingers
hacendado,8.402E+12,gelatina proteinas frutos silvestres
bledina,3.04109E+12,nursie
plant menu,4.06146E+12,organic smoked tofu
carrefour,3.56007E+12,le pain
walkers,5.1E+11,ready salted crisps
yeo valley,5.00025E+12,organic unsalted butter
president,3.22802E+12,comte le montarlier
bounty,5.00016E+12,bounty
reina,8.42076E+12,kefir reina 600g
mondelez international,7.6222E+12,tuc original
st michel,3.02347E+12,sable de retz le veritable
nestlefitness,3.38739E+12,chocolate con leche
danette danette creme dessert danone,3.03349E+12,danette chocolat 125 g x 4
bjorg,3.22982E+12,galettes aux 4 cereales
terres et cereales bio,3.42156E+12,corn flakes sans sucres ajoutes
joker,3.12335E+12,joker le bio multifruit 1l
haribo,3.10322E+12,600g happy box haribo
carrefour,3.27019E+12,fromage blanc nature 0
bio village marque repere,3.56471E+12,tartine  cuisson
danone veloute veloute nature,3.03349E+12,danone veloute nature
biscoff lotus,5.41013E+12,the original speculoos
yoplait,3.32977E+12,yaourt nature sucre
marque repere epi dor,3.5647E+12,pain de mie seigle et cereales
president,3.15525E+12,beurre president 12 sel
lu,3.01776E+12,grany chocolat au lait noisettes
carrefour,3.56007E+12,basmati
saupiquet,3.16595E+12,filets de maquereaux grilles
latelier blini,3.29207E+12,tzatziki extra
mixe,20041663,sardines a lhuile de tournesol
sodebo,3.24227E+12,sandwich le mega baguette thon oeuf sauce cocktail
nestle garden gourmet,7.61304E+12,les bouchees soja et ble
curly intersnack vico,3.33697E+12,curly cacahuete
le moulin du pivert,3.26835E+12,fourres choc
alvalle,5.41019E+12,gazpacho loriginal
cereal bio,3.17568E+12,orge lentilles vertes riz rouge au naturel
maribel,20000646,visnovy dzem
saint alby,20334734,rillettes de poulet roti en cocotte
alpro,5.41119E+12,alpro fermentiertes sojaprodukt heidelbeere 500g
envia,4.05649E+12,yaourt au lait de brebis nature
alsa,3.01136E+12,levure de boulanger briochin
marque reperenotre jardin,3.5647E+12,pois chiches
alesto,20840808,chouchou
lucien georgelin,3.57242E+12,cereales crocchoc
liebig,3.03681E+12,veloute de potiron  carottes bio
fleury michon,3.09576E+12,le superieur  a letouffee
paturages,3.25039E+12,skyr nature
marque repere rustica scamark filiale e leclerc,3.5647E+12,moutarde de dijon
jardin bio lea nature,3.76002E+12,pois casses a la paysanne bio  300 g  jardin bio
lidlmilbona,20047214,mozzarella grated
delisse marque repere,3.5647E+12,yaourt a la grecque nature
lapiculteur yves michaud,3.08854E+12,miel lapiculteur
malo,3.27869E+12,empresure caramel
schar,8.0087E+12,crackers
cereal bio,3.25901E+12,tofu nature a cuisiner
crownfield,20775018,muesli coustillant
ritter sport,4.00042E+12,marzipan dark chocolate with marzipan
president,3.22802E+12,beurre leger doux 40 mg
gullon,8.41038E+12,vitalday crocant chocolate integral con copos de avena
lidl,20917609,kong strong wild power sugar free
barilla mulino bianco,8.07681E+12,galletti mb 350g int eu
alpro,5.41119E+12,skyr vanille
milbona,4.05649E+12,creme joghurt mild pfirsich maracuja
alpro,5.41119E+12,alpro sojadrink banane 1l
le petit basque,3.28025E+12,skyr nature au lait de brebis
hacendado,8.48E+12,pan tostado 100 integral de trigo
baresafreshona,40879345,chopped tomatoes in tomato juice
amora,8.71052E+12,mayonnaise 5 ingredients
president,3.22802E+12,beurre doux
u u bio,3.25623E+12,flocons davoine paquet 500g
alpro,5.41119E+12,dessert vegetal citron vert
fanta,5.449E+12,pet 125l fanta orange
milbona,4.05649E+12,quark hp peach and maracuja
fleury michon,3.30274E+12,blanc de dinde dore au four
bjorg bio nutri ,3.22982E+12,ptit nature 5 cereales
dulano,20437022,delikatess edelsalami
santanna,8.02014E+12,acqua minerales naturale santanna sorgente rebruant
mondelez,4.00034E+12,philadelphia naturell
tuc,5.99871E+12,tuc sour cream  onion
dorset cereals,5.01836E+12,luscious berry  cherry muesli
fin carre way to go,4.05649E+12,milk chocolate caramel seasalt
fleischer selbst gemacht the wholesome bar uberti,1.23457E+11,peanut butter crunch
herta tarte en or,3.15423E+12,herta tarte en or pate feuilletee 30 mg 230g
isey,5.69085E+12,skyr sans lactose cheesecake au citron
vemondo,4.05649E+12,soya vanilla flavour
nescafe,6.11102E+12,nescafe classic
petit navire,3.01909E+12,rillettes de thon aux olives vertes
galbusera,8.00219E+12,biscotti cereali g granola e frolla
babybel,3.07378E+12,minibaby light
quorn,5.0195E+12,quorn sausages
aldicowbelle,4.0886E+12,semiskimmed milk
aldi,4.0886E+12,harvest morn corn flakes
rowse,5.01127E+12,honey
oatly,7.39438E+12,creamy oat
village bakery,4.0886E+12,8 tortilla wraps white
ocean sea,20177089,salmon ahumado en lonchas
danone,3.03349E+12,hipro creme dessert vanille
carrs,5.00017E+12,melts original
sultan,6.11107E+12,al ambar the vert en grains
asda,20337087,british milk semi skimmed
st michel,3.17853E+12,la galette fourree
terra delyssa,6.19151E+12,huile dolive vierge extra
tesco,5.05701E+12,high fibre bran tesco
aldi,4.0886E+12,soft cheese lighter
linda mccartney,5.05605E+12,vegemince
tesco,5.05737E+12,halloumi
oxo,5.00018E+12,oxo 24 beef stock cubes
bonne maman,3.04532E+12,bonne maman blackcurrant conserve
yeo valley,5.01407E+12,half fat creme fraiche
sainsburys,1219098,mayonnaise
aldi,4.0886E+12,clear honey
blue diamond almonds,41570112717,almond breeze
sainsburys,1729313,halloumi
lidl,20942021,mixed beans
tesco,5.00036E+12,cous cous
hacendado,8.48E+12,black chocolate 72 with almonds
savour bakes,4.0886E+12,thins rosemary  sea salt flatbreads
valencia,6.11125E+12,nectar orange
popchips,5.00024E+12,pop chip bbq
bimbo,6.11126E+12,comple
tesco finest,5.0597E+12,amber maple syrup
danone,6.11121E+12,coeur de lait
kurkure,8.90149E+12,kurkure
dr oetker,5.00025E+12,fine dark cocoa powder
jacobs,8.7146E+12,samar cafe
lidl roman hill bakery,4.05649E+12,both in one tortilla wraps
lee kum kee,78895141849,kee chiu chow chilli oil
by sainsburys,461481,crunchy peanut butter
mackays,6.37793E+11,scottish strawberry preserve
parachute,8.90109E+12,parachnute 100 pure coconut oil
potts,5.06018E+12,potts beef stock
ms,722803,lightly sea salted hand cooked crisps
excelo,6.11124E+12,mary trini
belvita,7.6222E+12,breakfast honey  nut
maribel,4.05649E+12,sirop derable
hacendado,8.402E+12,barrita frutos secos
grahams,5.02584E+12,kefir yogurt
yeo valley organic,5.03659E+12,kefir honey fermented yoghurt
tobigo,6.11126E+12,tobigo
milka,7.6222E+12,milka strawberry
sainsburys taste the difference,1538229,moroccan spiced chicken  chickpea soup
danone,3.04109E+12,nursie
nestle,3.02329E+12,yaos
danone,3.03349E+12,skyr a boire fruits exotiques
harrys,3.22886E+12,brioche tressee nature allegee en sucres sans additifs 450g
carlotti,6.11125E+12,carlotti chocolate negro 60 cacao
danone,3.03349E+12,hipro creme dessert saveur chocolat noisette
bjorg,3.22982E+12,fourres myrtilles
nestle lion lion bio,7.61304E+12,lion bio cereales 400g
lindt lindt  sprungli,8.01311E+12,pate a tartiner 25 de noisettes
danone veloute veloute nature,3.03349E+12,danone veloute nature 125 g x 8
cocacola,5.00011E+12,pet 50cl coca cola zero
kelloggs special k,5.05008E+12,barres de cereales special k chocolat au lait
gerble,3.17568E+12,biscuit muesli avoine gerble
st hubertst hubert 41,3.36632E+12,st hubert 41 250 g doux ss hdp
pelletier,3.01776E+12,biscottes gout brioche  les gourmands pelletier
bel leerdammer,8.7218E+12,leerdammer leger
bio village marque repere,3.56471E+12,galette de mais
u,3.25622E+12,huile dolive vierge extra bouteille 1l
marque repere les croises,3.5647E+12,beurre tendre doux 82 mg
lidl maribel,20000639,extra dzem od marelice
crownfield,20775025,muesli croustillant noix et miel
hacendado,8.48E+12,queso fresco burgos desnatado 0 mg de vaca
belboursinboursin atartinercore cheese,3.07378E+12,boursin ail  fines herbes
vitaquell,4.00325E+12,vita coco
cmi carrefour marchandises internationales carrefour groupe carrefour,3.56007E+12,100 pur jus  pomme
carrefour,3.24541E+12,haricots rouges
president,3.22802E+12,beurre doux 82 mg gastronomique
st hubert st hubert omega 3,3.36632E+12,st hubert omega 470 g doux
cote dor,7.6224E+12,mignonnette noir  orange
heinz,8.41007E+12,heinz
duploferrero,40084015,duplo einzelriegel
lutti,3.11674E+12,200g scoubidou lutti
crealine,3.42244E+12,puree de courgettes
ferrero,3.22392E+12,couscous grain moyen
crealine,3.42244E+12,lecrase pommes de terre aux 2 carottes
marque repere peche ocean,3.5647E+12,filets maquereau naturel
u,3.25622E+12,eau de source de montagne dauvergne
maizena maizena unilever,8.7121E+12,maizena fleur de mais
cvc capital partners continental foods royco,3.03681E+12,creme de champignons
golden sun,4.05649E+12,lentilles vertes
aquariusthe cocacola company,5.449E+12,bebida isotonica limon
bjorg,3.22982E+12,avoine cuisine
karelea lea nature,3.76002E+12,fine gaufre
connetable,3.26367E+12,sardines huile olive ve label rge 135g cble
lune de miel,3.08854E+12,miel de fleurs liquide
damiano,8.00235E+12,amandino puree damandes grillees
alsaunilever,8.7227E+12,sucre vanille x 12 sachets
tanoshi,3.22982E+12,sauce soja
hacendado,8.48E+12,salsa barbacoa
de cecco,8.00125E+12,linguine ndeg 7
cereal bio,3.17568E+12,hache vegetal facon bolognaise au soja
oluf lorentzen as mutti,8.00511E+12,tomater hakkede okologisk 400g mutti
carrefour,3.24541E+12,houmous pois chiche  sesame
auchan auchan bio,3.59671E+12,huile dolive vierge extra assemblage dhuiles dolive origine ue et non ue
carrefour,3.56007E+12,filets de maquereaux au naturel
ferrero,8.0005E+12,kinder schokobons white
nestle nesquik,8.00055E+12,nesquik
villars,7.61004E+12,chocolat villars noir 85 100g
seeberger,4.00826E+12,mango
lindl sondey sonday,20193089,galletas 0 azucares anadidos
mondelez mondelez international toblerone,7.6145E+12,toblerone dark chocolate bar
hacendado,8.48E+12,crema cacao
hacendado,8.48E+12,tostadas sin gluten
cheetos,8.4102E+12,cheetos
bjorg,3.22982E+12,tofu nature
crownfield,20052454,corn flakes
hacendado,8.48E+12,pan integral
brets,3.49792E+12,chips nature loriginale nutriscore b
eat real,5.02649E+12,hummus chips tomato and basil
primadonna,4.05649E+12,olivenol
velpitar,5.94114E+12,paine grau intreg
cocacola,4965802,diet coke
orlando,8.41007E+12,ketchup
pringles,5.05399E+12,pringles hot  spicy
carrefour biocarrefour,3.56007E+12,croustillant tout chocolat
mulino bianco pan di stelle,8.07681E+12,pan di stelle
hacendado,8.48E+12,eritritol y sucralosa
tesco,5.05018E+12,sweetcorn in water
u,3.25623E+12,pate a tartiner aux noisettes 750g
lotus,5.41013E+12,biscoff creamy
crownfield lidl,4.05649E+12,crunchy high protein muesli frutos secos  frutos de casca rija
sante,5.90062E+12,sante gold granola
la mere poulard,3.47286E+12,le petit beurre
cadbury,7.62221E+12,dairymilk buttons
the fishmonger aldi,4.0886E+12,mackerel in tomato sauce
carrefour carrefourclassic,3.56007E+12,kaonuts
shrqychergui,6.11113E+12,finess
mccain,5.01023E+12,frozen baked jacket potatoes
glenryck,5.01082E+12,pilchards
charlie binghams,5.03367E+12,fish pie
stockans,5.01517E+12,orkney thick oatcakes
tyrrells,5.06004E+12,furrows sea salted imp
popchips,5.06029E+12,sea salt  vinegar potato chips
filippo berio,8.00221E+12,sun dried dried tomato pesto
la boulangere,3.76005E+12,pain de mie grandes tranches mais  graines 500g
nestle,3.02329E+12,lindahls kvarg raspberry
kelderman german style rye bread,8.71048E+12,kelderman rye bread german style
tesco,5.05291E+12,pressed apple juice not from concentrate
natilait,6.19144E+12,lait demi ecreme
tesco,5.01837E+12,tesco mackerel in tomato sauce
borderfields,5.06013E+12,borderfields english pressed rapeseed oil
everyday essentials,4.0886E+12,chopped tomatoes in tomato juice
tilda,5.01116E+12,tilda steamed brown basmati and quinoa
caterers pride tesco,5.052E+12,fruit  nut muesli
yeo valley,5.03659E+12,greek style
raos homemade,7.47479E+11,marinara
nairns,6.12322E+11,gluten free cheese oatcakes
danube,5.01082E+12,crimbles coconut macarons imp
by sainsburys,1399653,cocoa
yep valley organic,5.03659E+12,greek style natural yogurt
sharwoods,5.0002E+12,tikka masala mild curry sauce
tesco,5.05701E+12,cottage cheese
sainsburys,284493,dijon mustard
heinz,5.00016E+12,plant based tomato soup
marks  spencer,345033,luxury hot cross buns
nairns,6.12322E+11,stem ginger oat biscuit breaks
dr oetker,96081280,madagascan vanilla
sainsburys,322775,wholewheat noodles
itsu,5.06026E+12,brilliant broth classic ramen
terra delyssa,6.19151E+12,huile dolive
pascual,8.41013E+12,bi frutas tropical
rugenwalder muhle,4.00041E+12,vegane pommersche fein
sainsburys,1294231,sainsbury tortillas
savour bakes,4.0886E+12,cream crackers
the foodie market,4.0886E+12,dried bananas
the foodie market,4.0886E+12,chickpea fusilli
the bakery,580311,soft granary farmhouse
knorr,61110021,knorr melange a bouillon halal boeuf
kiri,6.11103E+12,kiri 80p
panier de yoplait,3.32977E+12,panier de yoplait abricot nectarine
sauce shop,7.02383E+11,sauce shop buffalo hot crafted with fermented jala
milbona,4.05649E+12,vanilla rice pudding
wasa,7.3004E+12,wasa tartine croustillante sensation aux flocons davoine  touche de sel 265g
tesco,2.83839E+11,in store baked sourdough bloomer
harrys,3.22886E+12,pain de mie american sandwich nature sans sucres ajoutes maxi 825g
ebro foods panzani,3.03835E+12,panzani coquillette 500g
st michel,3.17853E+12,crepes bretonnes
joker,3.12334E+12,le fruit  orange sans pulpe
lidl,20554729,choco nussa
carrefour,3.27019E+12,carottes rapees au jus de citron
perrier,3.17973E+12,pet 50cl eau gazeuse perrier
bonne maman,3.17853E+12,biscuits a la cuillere
materne,3.02176E+12,pompotes bio  pomme bio
innocent,5.03886E+12,super smoothie energy 750ml
bonne maman,3.04532E+12,confiture extra de myrtilles
henaff,30000117,le pate henaff
bonduelle,3.08368E+12,riz a la provencale au thon  basilic
milka mondelez,3.04514E+12,milka  riz croustillant
la fournee doree,3.58723E+12,10 pains au lait
malo,3.2787E+12,yaourt a la vanille bio
fleury michon,3.09576E+12,blanc de poulet   25 de sel
lu,3.04109E+12,cracotte gout choconoisette
calincalin standardyoplait,3.32977E+12,fromage blanc au lait demiecreme
picard,3.27016E+12,aiguillettes de poulet au miel et aux epices semoule
marque repere frucci,3.5647E+12,sirop de grenadine
elle  vire,3.16192E+12,les minibeurre doux
aldimilsani,26006024,lait demiecreme
nestle garden gourmet,7.61304E+12,falafels pois chiches
barilla,8.07681E+12,pates coquillettes 1kg
bonduelle,3.08368E+12,macedoine de legumes en conserve
volvicvolvic juicy,3.05764E+12,volvic juicy fraise
bio village,3.56471E+12,corn flakes
chene dargentduc de coeur,20024857,tomme de brebis
lindt,3.04692E+12,excellence noir menthe intense
seeberger,4.00826E+12,mandeln feine spezialitaten
maille unilever,8.71257E+12,moutarde a lancienne
andros,3.60858E+12,pomme chataigne
boss,3.12335E+12,pet 1l joker le fruit pomme
le gall,3.25292E+12,beurre de baratte grand cru a la creme maturee non pasteurisee doux
parmentier,3.01908E+12,sardine huile tournesol et citron parmentier boite 16
lesieur,3.01136E+12,mayonnaise fine et douce
lindtlindt  sprungli,3.04692E+12,creation creme brulee
carrefour reflets de france,3.24539E+12,cancoillotte igp fabriquee en franchecomte
jardin bio lea nature,3.47882E+12,duo de quinoa aux legumes
bridelight,3.22802E+12,bridelight 12 portions gout emmental 3mg 200g
fleury michon,3.30274E+12,la paella valenciana poulet roti chorizo et fruits de mer
cassegrain,3.08368E+12,lentilles preparees
lutti,3.11674E+12,longfizz
amora,8.7121E+12,amora sauce pommes frites flacon souple 260g
sojasun,3.27322E+12,boisson de soja calcium  vitamine d
calve,5.41003E+12,pate de cacahuete pindakaas
schar,8.0087E+12,pain campagnard aux graines
royco,3.03681E+12,gratinee oignons et croutons
wheaty,4.03228E+12,vege orientales epicees
philadelphia,7.6223E+12,krauter philadelphia
bouton dor selection intermarche,3.25039E+12,margarine omega 3 50 bq 500g
hacendado,8.48E+12,pina en su jugo
barilla,8.07681E+12,pesto rustico pomodori secchi
altho brets,3.49791E+12,chips a lancienne sel de guerande brets
marque repere grainea,3.56471E+12,grainea muesli pepites croustillantes chocolat noir
gronvang food aps lidl vemondo,4.05649E+12,bio kokonuss mit reis
hacendado,8.48E+12,lasagna bolonesa
florelli,3.76008E+12,grissini artigianali romarin
carrefour biocarrefour,3.56007E+12,corn flakes
lidlbon gelati,4.05649E+12,eis mandel
gullon,8.41038E+12,sandwich sabor yogurt
papadopoulos,5.201E+12,caprice
fleury michon,3.30274E+12,le superieur 25 de sel  conservation sans nitrite
maggi,7.61304E+12,maggi fond de veau degraisse boite
mutti,8.00511E+12,polpa
misura,8.00259E+12,crackers integrali
uliveto,8.00849E+12,acqua minerale naturale
multibev,5.06011E+12,premium ginger beer
lidl baresa lidl,20199876,aurinkokuivattuja tomaatteja
mulino bianco,8.07681E+12,fiori dacqua
hacendado,8.48E+12,choco gotas negro
pringles,5.05399E+12,texas bbq  sauce
herta tarte en or,3.15423E+12,herta tarte en or pate brisee sans huile de palme 230g
carrefour bio carrefour,3.56007E+12,barre cereales chocolat
oasis,3.12448E+12,pet 15l oasis ice yea peche
fleury michon,3.30274E+12,jambon de porc label rouge sans nitrite
hacendado,8.48E+12,light
pot noodle,5.00012E+12,473396 ltapes pot moodle chicken  mushroom flavou
mondelez,5.90675E+12,barni lapte
lindt,3.04692E+12,excellence noir supreme corse 70 cacao
finn crisps,6.4105E+12,finn crisp  multigrain
grafschafter,4.05649E+12,pure kornkraft haferbrot
pepsico,4.0608E+12,pepsi max 2l
u,3.25623E+12,cereales muesli chocolat  amandes 400g
hovis,5.01E+12,hovis granary thick bread
isey,5.69085E+12,skyr
yoplait,3.32977E+12,skyr noix de coco
terres et cereales bio,6110273,tartines craquantes sarrasin
gullon,8.41038E+12,mini fish
hacendado,8.48E+12,pasas sultanas
primadonna,4.05649E+12,olivenol
nestle san pellegrino,8.00227E+12,carbonated natural mineral water
mcvities,5.00017E+12,hobnobs milk chocolate
cravendale,5.00018E+12,cravendale filtered whole milk
pataks,5.01131E+12,aubergine pickle
the cocacola company,5.00011E+12,cocacola carbonated softdrink with cola taste
juver,8.41071E+12,zumo juver disfruta pina brik 1l
vivera,8.7183E+12,plant shawarma kebab
hacendado,8.48E+12,pure de batatas
kelloggs,5.00013E+12,kellogs just right 500g
asda,21062513,passata
merevale,4.0886E+12,12 british free range eggs
jif,51500240946,creamy peanut butter
the foodie market,4.0886E+12,smooth peanut butter
kelloggs,5.05932E+12,special k classic
crownfield simply somptous,20086855,premium tropical muesli
puget,3.26547E+12,huile dolive vierge extra
tesco,5.05114E+12,low fat special flakes rice  wholewheat
alesto,4.05649E+12,fruity linseed mix semi
carrefour,3.56007E+12,kaonuts
dr oetker fertigessen,4.00172E+12,ristorante pizza quattro fromaggi
lidlprimadonna,4.05649E+12,mild olive oil
tesco,5.05775E+12,organic chickpeas in water
tesco,5.00044E+12,cream of tomato soup
oxo vivat,5.00018E+12,vegetable stock cubes
tesco,5.0597E+12,ready to eat smoked salmon
four seasons,4.0886E+12,red kidney beans
sheldons,5.02353E+12,lancashire oven bottom muffins
waitrose,5.00017E+12,extra virgin olive oil houmous
new covent garden soup co,5.05605E+12,spiced butternut soup
grahams,5.02584E+12,cottage cheese
lidl,4.05649E+12,chips de legumes
the spice tailor,5.05268E+12,fiery goan curry
creamfields,5.05797E+12,mature cheddar
tesco,5.05775E+12,wholemeal loaf
lu,7.6222E+12,le petit chocolat
tesco finest,5.05291E+12,0 fat greek yogurt
waitrose  partners,5.00017E+12,dark chocolate
rivercote lidl,20472290,sea salt crackers
the deli,4.0886E+12,moroccan style falafels
mission,5.03603E+12,wheat  white mini wraps
heinz,5.00016E+12,heinz tomato ketchup
danone,3.03349E+12,skyr nature
aldiactileaf,4.06146E+12,coconut milk
heinz,5.00016E+12,seriously good mayonnaise
by sainsburys,245128,golden syrup
marks and spencer,496223,wholemeal seeded farmhouse
marks  spencer,104975,single origin  intense dark cacao
the foodie market,4.0886E+12,green pea penne
ilkgun,8.69508E+12,confiture de fraise
jaouda,6.11124E+12,grec boire
tesco,5.0597E+12,salt  pepper crackers
my vay aldi devauge gesundkostwerk mona naturprodukte,4.06146E+12,biohaferdrink natur
liebig,3.03682E+12,veloute de 12 legumes
grafschafer,4.33562E+12,nature wrap de ble
bounty,5.00016E+12,bounty 2er
aicha,6.11102E+12,pate a tartiner noisettes  et cacao
tobigo,6.11126E+12,tobigo gusty
nestle nesquik nesquik extra choco,7.61303E+12,nesquik gout extra choco poudre cacaotee boite 600g
le gaulois,3.26698E+12,lescalope cordon bleu  dinde
brioche pasquier,3.25654E+12,pains au lait format familial
oeufs de  france,20057251,stephanie eleveur
sojasun,3.27322E+12,sojasun citron
jardin bio lea nature,3.47882E+12,quinoa poulet et sesame
carrefour bio carrefour,3.24541E+12,oeufs de poules elevees en plein air conformement au mode de production biologique categorie a
alvalle,5.41019E+12,alvalle gazpacho tomate menthe  basilic 1 l
muller,4.0255E+12,kalinka kefir
fuze tea,5.449E+12,the vert glace saveur citron vert  menthe
marque repere les croises,3.5647E+12,emmental francais
bonne maman,3.17853E+12,madeleine citron
soignon,3.39423E+12,le chevre type et cremeux
paquito,3.25039E+12,100 pur jus orange sans pulpe
lu,3.04828E+12,lulu
savencia st moret,3.27277E+12,st moret
maggi,3.03371E+12,arome maggi  bouteille 1kg
auchan,3.59671E+12,flocons davoine
maille,8.7227E+12,maille vinaigrette legere huile dolive12pointe dolive noire 36 cl
lesieur,3.03681E+12,"sauce salade legere 
a la moutarde a lancienne"
taureau aile,3.03835E+12,riz pour risotto
cereal bio,3.17568E+12,tartines craquantes riz chataigne
knorr,8.7141E+12,knorr bouillon de poule bio 60g
jacquet,3.02933E+12,pain de mie au cereales et aux graines
envia,20020729,creme fraiche entiere 30mg
lu mondelez tuc,7.6223E+12,flavour cheese
nos regions ont du talent,3.56471E+12,cancoillotte nature
taureau aile,3.03836E+12,riz mediterraneen de camargue
panzani,3.03835E+12,torti tomates  epinards
carrefour,3.56007E+12,pur sirop derable
monique ranou,3.25039E+12,carottes
paturages,3.25039E+12,emmental francais rape
bonduelle,3.08368E+12,haricots rouges cuits dans tres peu de jus
marque repere turini,3.5647E+12,torsades au ble complet
vemondo,20659318,bebida de avena calcio
cassegrain,3.08368E+12,courgettes cuisinees a la provencale
heinz,8.7157E+12,tomato ketchup 50  de sucres et sel
marque repere notre jardin,3.5647E+12,haricots rouges 12
rapunzel,4.00604E+12,beurre de cacahuete crunchy
marque repere tokapi,3.5647E+12,cacahuetes non salees
kelloggs,5.05383E+12,allbran choco
kara,8.8863E+12,creme de coco onctueuse
siggis,3.02329E+12,skyr myrtille
ferrero mon cheri,4.0084E+12,mon cheri 15 st
heinz,87157260,tomato ketchup
grafschafter snack food poco loco el tequito,20119676,tortillas a base de farine de ble
lindt,8.00334E+12,lindor latte
carrefour,3.27019E+12,noir amandes entieres
meggle,4.0349E+12,meggle butter streichzart  ungesalzen
gaia,8.71181E+12,faux gras
tanoshi,3.22982E+12,ramen saveur boeuf
knoppersstorck,40144450,knoppers nussriegel einzelpackung
nestle chocapic,8.4101E+12,chocapic
alpenhain,4.00375E+12,obazda
harrys,3.22886E+12,harrys pain de mie 100 mie complet sans croute sans sucres ajoutes
hacendado,8.48E+12,6 maxi tortillas trigo wraps
corny schwartauer werke,4.0118E+12,corny free schoko
hacendado,8.48E+12,cocktail mezcla
hacendado,8.48E+12,cereales con achicoria
nestle levissima spellegrino,80000532,acqua minerale
sprite,5.449E+12,sprite gout original
evian,3.06832E+12,eau
marque repere grainea,3.56471E+12,flocons davoine  grainea
lidl tastino,20171841,roggen vollkornknackebr
lidlsondey,4.05649E+12,digestive avena
lidl  alesto,20005702,cruspies paprika
terra creta estate,5.2001E+12,huile dolive vierge extra de crete
hacendado,8.48E+12,mozzarella
taifun,4.01236E+12,tofu fume
carrefour simpl,3.56007E+12,chicoreecafe soluble
ehrmann,4.00297E+12,high protein chocolate mousse
cocacola,5.7407E+12,cocacola
hochlandalmette,4.00267E+12,crema de branza cu verdeata
bio village marque repere,3.56471E+12,pain de mie au ble complet
salakis,5.20226E+12,feta aop brebischevre
combino,4.05649E+12,a la provencale
hacendado,8.48E+12,quesitos light
sojade,3.27323E+12,so soja natural
blues eurospin,8.0176E+12,acqua minerale naturale
olympus,5.94188E+12,priasno krave mliako 37
bonduelle,3.08368E+12,concombre fromage blanc ciboulette
go nuts,3.77001E+12,beurre de cacahuetes bio
herta le bon paris,3.15423E+12,herta le bon paris jambon sel reduit sans nitrite x6210g
bodymass,8.71884E+12,multivitamin
hochland,5.9029E+12,krema sirene klasik
the foodie market,4.0886E+12,crunchy peanut butter
ferrero,80050278,ferrero t3 rocher fergulf
dari,6.11109E+12,couacous dari
petit navire,3.01909E+12,rillettes de thon
alpro,5.41119E+12,special petitdej a lavoine
lidl,4.05649E+12,pan integral sin azucares anadidos
alpro,5.41119E+12,kokosnuss
regents park,3.51385E+12,crumpet
almette,4.00267E+12,almette
tropicana,5.02231E+12,smooth orange juice
robinsons,5.0101E+12,fruit creations orange  mango
benco,3.70028E+12,benco
hatherwood,20018931,digestives
innocent,5.03886E+12,innocent smoothie for kids
tesco,5.05755E+12,natural yogurt
yoplair,3.32977E+12,frubes
mornflake,5.01003E+12,oats
leerdammer,8.7218E+12,leerdammer original  mildnussig
harvest morn,4.0886E+12,red fruit benefit
heinz,5.00016E+12,heinz mayo
arla,5.71195E+12,chocolate flavoured shake
hacendado,8.48E+12,bebida arroz
farrington oil,5.06011E+12,mellow yellow rapeseed oil
tesco,5.05775E+12,wholemeal tortilla wraps
pilgrims choice,5.01893E+12,extra mature cheddar
warburtons,5.01004E+12,6 soft white rolls sliced
doves farm,5.01177E+12,wholemeal spelt flour
schweppes,5.449E+12,schweppes
kallo,5.01367E+12,belgian dark chocolate
sainsburys,280457,wholemeal bread
green  blacks,5.01184E+12,blacks organic cooking dark chocolate bar
crisp n dry,5.00023E+12,crispn dry 100 rapeseed oil
trip,5.07E+12,trip cbd infused elderflower mint
stockwell  co,5.05775E+12,tuna chunks
mcvities,5.00017E+12,hobnobs
jordans,5.01048E+12,granola triple nut
deluxe,20512156,west country butter with sea salt crystals
eat plants free of palm,8.71047E+12,spread without palm oil
sainsburys,1097719,multigrain hoops
tesco,5.05755E+12,mozzarella
yeo valley,5.03659E+12,yeo valley organic natural yoghurt
the groovy food company,5.0387E+12,organic date syrup
vadasz,5.01029E+12,superbeet kimchi
morrisons,5.01025E+12,italian chopped tomatoes in tomato juice
waitrose,5.00017E+12,organic vanilla ice cream
sainsburys taste the difference,356268,sunflower and pumpkin soft farmhouse
twinings,70177259075,luxury chocolate drink
clay oven bakery,5.06015E+12,garlic  coriander naan bread
sainsburys,426800,classic houmous
rude health,5.06012E+12,almomd milk
belvoir farm,5.02202E+12,blueberry  blackcurrant  cordial
graze,5.05596E+12,salt  vinegar crunch
cholula,49733830119,cholula hot sauce
riyas,5.06042E+12,garlic and coriander naan bread
jaouda,6.11124E+12,jben jaouda2
crosta and mollica,5.0602E+12,pizzeria stromboli spicy salami
haagendazs,3.41558E+12,strawberries  cream ice cream
marks and spencer,405799,thick white super soft loaf
crownfield lidl,4.05649E+12,special flakes nature
kiri,6.11103E+12,kiri 72p
jaouda,6.11124E+12,drink happy vanille
montezumas,5.06072E+12,happy hippy 74 cocoa organic orange  geranium dark chocolate
mutti,8.00511E+12,tomaty protiortye
bahlsen,4.0171E+12,choco leibniz  dark
central danone,6.11103E+12,lben pasteurise
marque repere,3.56471E+12,grainea
sondey,4.05649E+12,galettes de mais bio
magnum,8.71133E+12,glaces amande
chergui,6.11113E+12,chergui creme de cuisson
be biscuits,6.11126E+12,fun
ja,4.33726E+12,delikatessmayonnaise mit 80  rapsol
crownfield,4.05649E+12,scottish porridge oats
amora,8.7227E+12,amora sauce barbecue flacon souple 490g
le ster,3.25529E+12,pancakes au lait frais
lu mondelez,3.04109E+12,cracotte fraise
pepsi,3.50211E+12,pepsi 15l
lustucru,3.03836E+12,lustucru quinoa facile
cocacola,90357473,cocacola sans sucres
amora,8.7227E+12,amora moutarde douce flacon souple 260g
petit navire,3.01908E+12,thon entier au naturel cuisson vapeur
harrys,3.22885E+12,pain 100 mie complet
le lait dici le lait d ici,3.49608E+12,jaime le lait dici
curly intersnack vico,3.33697E+12,pate a tartiner curly cacahuete
andros,3.04532E+12,preparation citrons presses
la laitiere,3.02329E+12,marons laitiere
ekibiole pain des fleurs,3.38038E+12,tartines craquantes bio a la chataigne sans gluten
nestlele lait concentre sucre,7.61304E+12,nestler lait concentre sucre 4 mg boite 397g
nestle,7.6101E+12,nesquick
carrefour,3.27019E+12,emmental rape fondant
milka,7.6222E+12,haselnusscreme
andros,3.60858E+12,peche morceaux genereux
les 2 vaches,3.66134E+12,les 2 vache vanille
fromageries des chaumes le brebiou savencia,3.22211E+12,le brebiou des pyrenees
carrefour bio carrefour,3.56007E+12,4 galettes de ble noir
puget,3.26547E+12,huile dolive
bonne maman,3.60858E+12,confiture cerise intense
sondey,20857028,envitas miel  pepites de chocolat
lindt,3.04692E+12,150g lindor lait lindt
bio village marque repere,3.56471E+12,oeufs bio x6
grand fermage,3.52323E+12,beurre moule biologique doux
savencia tartare,3.27277E+12,tartare ail  fines herbes
rians,3.18467E+12,panna cotta
carrefour,3.27019E+12,celeri remoulade
bjorg,3.22982E+12,terrine forestiere
president,3.03222E+12,president croque emmental 12 tranches 200g
andros,3.60858E+12,gourmand et vegetal riz au lait de coco
thomy nestle,40056050,senf  mittelscharfer delikatess senf
liebig,3.03681E+12,bio mouline de legumes verts
carrefour bio carrefour,3.56007E+12,huile dolive vierge extra
grillon dor,3.42156E+12,krounchy chocolat
soleou,3.25981E+12,huile olive vierge extra bio
alnatura alnatura gmbh,4.10442E+12,hafer drink natur
carrefour,5.4001E+12,biscottes sans sel ajoute
bisson  ekibio,3.76001E+12,choco bisson cacao
bjorg,3.22982E+12,soja cuisine fluide
borsa,3.1745E+12,biscottes a la farine complete
amora,8.7141E+12,amora sauce barbecue 285g
kelloggs tresor,5.05008E+12,cereales tresor kelloggs chocolat lait  1kg
lucien georgelin,3.33072E+12,fraise bio
nestle san pellegrino momenti sanpellegrino,8.00227E+12,sanpellegrino momenti boisson gazeuse aromatise clementine peche 33cl
cereal bio,3.17568E+12,pad thai
pastoret,8.42479E+12,kefir
ferrero,40084725,milchschnitte einzelpackung
coca cola,5.00011E+12,coca cola zero sugar
philadelphia,7.6223E+12,philadelphia balance
saveurs de nos regions,20712280,galettes de pontaven
almette,4.00247E+12,frischkase natur
ferrero kinder,8.0005E+12,kinder joy
danone veloute veloute aux fruits veloute fruix,3.03349E+12,danone veloute fruix panache 125 g x 16
brossard,3.66014E+12,savane tout choco
maison tino,3.33831E+12,parmentier de boeuf aubrac
mimosa,5.60105E+12,manteiga tradicional com sal
bonduelle,3.08368E+12,la poelee rustique bonduelle 750g
hacendado,8.48E+12,pac 2 latas  filetes de caballa del sur en aceite de oliva
yum yum,8.85202E+12,duck flavour
dobrogea,5.94101E+12,eugenia original biscuiti cu multa crema cu cacao
hacendado,8.48E+12,arroz redondo
mars mms mms  mars incorporated,4.0111E+12,peanut
natural hapiness,8.7113E+12,amandes
liebig,3.03681E+12,pasta soup  tomates et vermicelles
wasa,7.3004E+12,original au seigle
hacendado,8.48E+12,aceite de girasol refinado 02o
schar,6175019,pain campagnard aux graines
hacendado,8.48E+12,cacahuete frito con sal
heinz,8.7157E+12,mayonnaise
philadelphia,8.00159E+12,philadelphia original
kind,5.00016E+12,dark chocolate nuts  sea salt
saint agaune,3.45016E+12,saint agaune fine saveur de viande sechee
cheerios,16000275263,cheerios
hacendado,8.48E+12,panecillo tostado
linwoods,5.01689E+12,semillas de lino molidas en frio
harvest basket,4.05649E+12,pure de patata
envia,4.05649E+12,skyr
suny bites,8.7184E+12,banana chips
galbusera,8.00219E+12,gran saraceno
heinz,8.7157E+12,mayonesa original
maretti,3.80021E+12,bruschette chips
carrefour carrefour sensation carrefour,3.56007E+12,emotion
brillante,8.41018E+12,sabroz arroz integral
misura,8.00259E+12,misura privolat
heinz,8.7157E+12,ketchup
u,3.25623E+12,pain multicereales 500g
lustucru,3.24093E+12,tagliatelles aux oeufs frais
freshona,20266745,piquillo paprika
tyrrells,5.06004E+12,handcooked crisps lightly sea salted
bonduelle,3.08368E+12,bonduelle lunch bowl dinkel gartenerbse kirschtomate 3083681139723  gegarte verzehrfertige mischung aus dinkelweizen erbsen schwarzaugenbohnen kirschtomaten gegrillter paprika grunen oliven 3  nativem olivenol extra gewurzt
blue dragon,5.01034E+12,bdragon sweet chilli sqzy 380g
danone,34361704642,skyr nature
nutella,9800895007,hazelnut spread with cocoa
harrys,3.22886E+12,beau  bon seigle
jordans,5.01048E+12,frusli juicy red berries chewy cereals bars 6 x 180g
la vache qui rit,3.07378E+12,frommage
cocacola,49000042566,coke zero
alara,5.01679E+12,organic fruits  seeds muesli
aldi,4.0886E+12,fruit  nut mix
tesco,5.0519E+12,crunchy peanut butter
purdeys,5.02412E+12,rejuvenate natural energy
doves farm,5.01177E+12,plain white flour free from gluten
vitalait,6.19151E+12,yaourt nature
philadelphia,7.6222E+12,scan to win brunch in wine light new york philadel
off the eaten path,5.00033E+12,sea salt flavour pea and bean sticks
post,8.84912E+11,grapenuts cereal
alpen,5.01003E+12,swiss style muesli
aldi,4.0886E+12,raisins  cranberries
fanta,5.449E+12,fanta tropical exotic
valley spire,4.05649E+12,british mature cheddar strength 4
doritos multibev pepsoco,8.7104E+12,nacho cheese
cachet,87172652,duo penotti
hacendado,8.402E+12,penne rigate integral
charlie bighams,5.03367E+12,charlie bingham lasagne
tesco,5.05701E+12,dark soy sauce
lu,9141209,bourn vita 500gram pauch
pataks,5.01131E+12,pataks tikka sauce 450g
the groovyfood company ecover,5.0387E+12,organic extra virgin coconut oil
worldwide foods,4.0886E+12,wholegrain wild  red rice
tesco,5.05797E+12,greek yoghurt
walkers,5.00033E+12,lightly salted
al boustane,6.11118E+12,nectar mangue
ryvita thins three cheese,5.05097E+12,three cheese flatbreads
village bakery,4.0886E+12,wholemeal medium sliced
sainsburys,1835588,granola
tesco,5.00011E+12,daddies favourite brown sauce
willow,50295401,willow butter
sainsburys,358767,vegetable oil
alpro,5.41119E+12,danone alpror joghurt soja natur 400g
pipers pipers crisp co,5.03306E+12,pipers burrow hill cider vinegar  sea salt crisps
anchor,5.00025E+12,lighter spreadable
by sainsburys,1893946,balsamic vinegar of modena
green  blacks,7.6222E+12,smooth
lidl,4.05649E+12,tiger bloomer
asda,5.05717E+12,white sourdough
jaouda,6.11124E+12,drink happy
deliciously ella,5.06048E+12,almond butter  salted caramel cups
chergui,6.11113E+12,lben
star,6.11118E+12,mayonnaise
tesco,5.05427E+12,petit pains
assylor,6.11125E+12,pain tacos maxi
piccadeli,6.291E+12,roxta
hacendado,8.48E+12,patatas fritas 0 sal
chosen foods,8.15074E+11,mayonnaise
elephant,8.72061E+12,tisane nuit tranquille
sepia,5.40014E+12,sepia filletes of mackerel in oil
sainsburys,392211,dominican dark chocolate
merchant gourmet,5.05622E+12,whole chestnuts
jaouda,6.11124E+12,yaourt grec jaouda
tesco,5.05797E+12,tuna chunks in spring water
le nature,6.11127E+12,albane
marks  spencer,163514,chicken stock
rigoni di asiago,8.05258E+12,nocciolata pate a tartiner cacao  et noisettes
maitre jeanpierre,4.33562E+12,10 pains au lait
aldi,4.0886E+12,multigrain crackers
hacendado,8.402E+12,zumo naranja
arizona,2.00605E+12,beurre de cacahuetes 100 naturel
st hubert,3.36632E+12,loriginal
hacendado,8.42447E+12,pan 100 integral fino
tops,5.449E+12,ice tops cola 15l
alesto,20202408,pecan nuts
carrefour,3.56007E+12,biscottes ble complet
bjorg bjorg bio nutri,3.22982E+12,soja figue
cote dor fraft foods,5.41008E+12,100g cote dor noir original
bjorg,3.22982E+12,lunettes fraise
entremont,11239303,trio gourmand  tomme fruitee emmental gruyere igp france
jardin bio,3.76002E+12,huile vierge de coco
ferrero,3.22392E+12,couscous grain moyen
lactel,3.42827E+12,lait chevre
daucy,3.0178E+12,haricots verts extra fins ranges daucy 440g
baresa,20033347,490g 950g
president,3.22802E+12,emmental rape fondant 3x70g
michel et augustin,3.76012E+12,lincroyable mousse chocolat noir
lotus lotus bakeries,5.41013E+12,lotus dinosaurus original chocolat lait 225g 4x3p
carrefour,3.56007E+12,vegetal falafels pois chiche coriandre
intermarche paturages,3.25039E+12,fromage frais nature 32 4x100g
milka,7.62221E+12,milka choc  choc
fleury michon,3.09576E+12,blanc de poulet  roti a la broche
marque repere les croises tables du monde,3.5647E+12,parmigiano reggiano
carrefour bio carrefour,3.24541E+12,soja a la vanille
latelier blini,3.29207E+12,houmous extra citron confit  coriandre
pulco,3.12448E+12,fraise et citron
la boulangere,3.76005E+12,8 pains au lait frais bio a la farine complete 280g
yoplait,3.17658E+12,yorik
liebig,3.03681E+12,mouline de legumes bio
gervais gervais suisse nature,3.03349E+12,le petit frais gervais nature 39  60 g x 12
combinola doria,20003937,sugo di pomodoro bolognese
kania,20226572,persillade provencale
badoit,3.06832E+12,bulles de fruits citron fraise
sondey,20089986,envitas cereales completes et pepites de chocolat
tanoshi,3.22982E+12,pois wasabi
nestle,8.4101E+12,nescafe classic natural
hacendado,8.48E+12,stevia
marie,3.16635E+12,escalope milanaise dinde 100 filet
nestle kit kat ball kitkat,3.03371E+12,kitkat ball billes au chocolat au lait 250g
u u bio,3.25622E+12,crackers bio emmental et graines de courge paquet de 200g
carrefour,3.56007E+12,100 pur jus orange sans pulpe
le pain des fleurs ekibio,3.38038E+12,tartines bio craquantes multicereales sans gluten
bjorg,3.22982E+12,seitan veggie
liebig liebig pursoup,3.03681E+12,pur soup  veloute de legumes du soleil
connetable,3.26367E+12,sardines genereuses au piment
nestle,3.02329E+12,yaos le yaourt a la grecque stracciatella 4x125g
cocacola,5.00011E+12,coca cola
clipper,5.02199E+12,infusion bio
rapunzel,4.00604E+12,beurre de cacahuete crunchy
alesto,40876191,mix energie
picard,3.27016E+12,4 portions de colin dalaska
rugenwalder muhle,4.00041E+12,vegane muhlen schnitzel
rummo,8.00834E+12,penne rigate ndeg66
jardin bio lea nature,3.76002E+12,compote pommes
biocoop,3.76012E+12,galettes aux flocons davoine fourrees chocolat noir
oreo,7.6223E+12,original
delisse marque repere,3.5647E+12,lait entier
cereal bio,3.17568E+12,quinoa royal  carottes jaunes et cumin
cristaline,3.27408E+12,cristaline eau de source 6x15l
bien,3.76005E+12,pain de mie grandes tranches nature sans sucres ajoutes 500g
materne pom potes,3.02176E+12,pom potes pomme banane
toblerone,7.6145E+12,toblerone white
nocilla,8.41001E+12,nocilla original
charal,3.18123E+12,steak hache charal authentique
italiamo mister choc,20871765,leshnikov krem s natrosheni leshnitsi i kakao
hacendado,8.48E+12,pasta de sesamo tahini
lotus,5.41013E+12,biscoff
baresa,20443382,baresa geschwarzte oliven
hacendado,8.48E+12,galletas maria sin gluten
equador,3.56471E+12,noir extra 99
nestle,5.01003E+12,weetabix
lidl envia,4.05649E+12,petits fromages frais
jardin biologique,3.4563E+12,beurre de cacahuete creamy
herta le bon paris,3.15423E+12,herta le bon paris jambon conservation sans nitrite x2  70g
andros,3.60858E+12,andros gourmand et vegetal delice chocolat
barilla,8.07681E+12,pesto alla genovese
jordans,5.01048E+12,country crisp miel  noix
rama upfield gmbh,8.7192E+12,butter
lays lays,3.16893E+12,recette a lancienne
balocco,8.0011E+12,fagottini
tesco,5.01837E+12,large free range eggs
balconi,8.00159E+12,wafers alla vaniglia
saintmalo,3.52104E+12,surimi sticks  saint malo 200 g
linda mccartney,5.01401E+12,vegetarian 14lb burgers
primadonna,20691776,extra virgin olive oil
doritos,8.4102E+12,doritos texmex
harmony,6.11124E+12,sauce de soja
cereal bio,3.17568E+12,curry thai
tesco,5.05797E+12,golden syrup
pavesi,8.01336E+12,pavesini 200 gr
by sainsburys,253352,nutty muesli
tesco,5.00012E+12,sunflower oil
deluxe,20472313,rosemary crackers
heinz,5.00016E+12,spaghetti hoops
barilla,8.07681E+12,pesto genovese senza aglio 190g
bodymass,8.71884E+12,protein cookie double chocolate
tesco,5.0514E+12,three bean salad in water
sante,5.90062E+12,multi fit granola with mixed nuts
lipton,8.72061E+12,the vert menthe intense menthe verte  menthe poivree
goodfellas,5.011E+12,stonebaked thin margherita pizza
onken,7.6109E+12,onken cherry
tesco,5.00012E+12,fusilli
tesco,5.0519E+12,mango chutney
triscuit,44000051693,original
ja,4.33726E+12,haferflocken
joyfuel,3.6092E+12,barre proteinee
tesco,5.05775E+12,extra mature cheddar
organix,5.02412E+12,apple rice cake cloud
tesco,5.00044E+12,strawberry conserve
natures bakery,47495013054,fig bar raspberry
remedy,9.35027E+12,organic raspberry lemonade kombucha
aldibrooklea,4.0886E+12,fat free natural yogurt
sainsburysby sainsburys,358477,baked beans
waitrose,5.00017E+12,wholemeal pitta
manilife,5.06056E+12,rich cocoa smooth peanut butter
kind,5.00016E+12,caramel almond  sea salt bar
hacendado,8.48E+12,palitos frutos secos
charlie bighams,5.03367E+12,chicken tikka masala  pilau rice
kiri,3.07378E+12,tartiner greek style kiri
tesco,5.05775E+12,tesco plant chef 4 spicy bean burgers
arla,4.10029E+12,dessert lacte protein caramel sale
sainsburys,1594577,creme fraiche
nairns,6.12322E+11,fruit oat biscuit breaks
yew tree dairy,5.00021E+12,2 lemon  pepper fish fillets
bio  me,5.06085E+12,cashew  almond glutenfree granola
activia gut health,5.06036E+12,yoghurt with walnut  oats
simply msmarks  spencer,819268,pure honey
chergui,6.11113E+12,jnane
sultan,6.11107E+12,tisane pure camomille
kind,5.00016E+12,kind protein dark chocolate nut
fage,5.20105E+12,fruits strawberry
olivio,5.00023E+12,olivio oil
ideal,6.11118E+12,flan
le moulin antonin,3.77001E+12,huile dolive vierge extra le moulin antonin
lidl,4.05649E+12,crock biscuit gout chocolat
auchan,1.12121E+11,petits pois carotte
bol,5.06043E+12,one pot meal spanish butter bean stew
bio  me,5.06085E+12,apple  cinnamon gutloving porridge
jibal,6.11125E+12,jibal nature
sainsburys,1142945,taste the difference brown sourdough bloomer
lidl,4.05649E+12,muesli crunchy chocolat noir noisettes grillees
hacendado,8.402E+12,salsa miel y mostaza
hacendado,8.402E+12,mermelada melocoton 0
albane,6.11125E+12,le vrai leben
tesco,5.0597E+12,plant chef organic firm tofu
revey,6.11127E+12,pate a tartiner aux noisettes
everyday essentials,4.0886E+12,lightly salted tortilla chips
yoplait,3.32977E+12,yaourt brasse et probiotiques nature
be,6.11126E+12,melty
nairns,6.12322E+11,marmite  cheese oatcakes
aldi,4.05649E+12,dark maple syrup
tropicana,3.50211E+12,tropicana pamplemousse rose 1 l
lu mondelez international,3.01776E+12,granola chocolat noir
yoplait,3.32978E+12,hop parfum framboise
heinz,8.7157E+12,tomato ketchup 50 weniger zucker  salz
carrefour bio carrefour,3.56007E+12,8 pains au lait
carrefour,3.24541E+12,pomme
la boulangere,3.28423E+12,8 pains au chocolat pur beurre 400g
yoplait,3.32978E+12,yop parfum vanille
u u bio,3.25622E+12,lait demiecreme sterilise uht
nestle ricore,7.61303E+12,ricore noir intense cafe  chicoree boite 240g
les 2 vaches,3.66134E+12,les 2 vaches yaourts brasses nature 115 g x 4
liebig,3.03681E+12,veloute de potiron
entremont,3.12394E+12,degustation fruite  gourmand
compagnie generale de conserve sultanines,3.0178E+12,pois chiches sultanines 265g
pierre martinet,3.28178E+12,taboule au poulet a la ciboulette
rians,3.18467E+12,la creme brulee
amora,8.7112E+12,amora vinaigrette legere saveur moutarde
carrefour,3.56007E+12,fromage blanc nature
michel et augustin,3.76012E+12,grand coeur fondant chocolat noisettes
marque repere epi dor,3.5647E+12,tartines craquantes froment
u,3.25623E+12,thon listao au naturel peche ligne 140g
bonne maman,3.60858E+12,mousse aux oeufs frais chocolat au lait
cereal bio,3.17568E+12,falafels pois chiches epinards menthe
rocheval,26003511,eau de source sainte cecile ou cristal roc
carrefour,3.27019E+12,brioche tranchee
lutti,3.11674E+12,lutti guimauve chocolat
paysan breton,3.21893E+12,le lait ribot
jardin bio lea nature,3.76002E+12,lentilles vertes
la fournee doree,3.58722E+12,chinois creme patissiere
envia,20330675,mousse fouettee sur fromage blanc nature
nestle,3.03371E+12,nescafe special filtre loriginal cafe soluble boite de 25 sticks
geramont,3.16171E+12,kase geramont
bonduelle,3.08368E+12,puree delice  courgettes celeri brocolis pois  delice vert
bio village marque repere,3.56471E+12,beurre doux bio 82 mg
bonne maman,3.04532E+12,confiture de figues violettes
cesar moroni,3.18145E+12,chorizo doux
bonne maman,3.04532E+12,bonne maman  mirabelle plum jam 370g 13oz
regain,3.25039E+12,soja cuisine bio 20 cl
ferrero,80050100,nutella  go
paturages,3.25039E+12,fromage blanc 0 de matiere grasse
schweppes,3.12448E+12,schweppes zero indian tonic
intermarche ivoria,3.25039E+12,chocolat noir dessert
picard,3.27016E+12,curry de lentilles corail et legumes
carrefour bio carrefour,3.27019E+12,ratatouille
soy,3.25901E+12,seitan en tranches
la belle chaurienne,3.24536E+12,cassoulet au canard
marque repere notre jardin,3.5647E+12,lentilles
gayelord hauser,3.22982E+12,levure de biere  selenium
bjorg,3.22982E+12,galettes cereales lentilles et curry
vahine,3.17914E+12,levure chimique
saint michel,3.17853E+12,madeleines
carrefour simpl,3.24541E+12,fromage blanc
soleou,3.25981E+12,huile olive ve bio
carapelli,8.00247E+12,huile dolive vierge extra bio classico
saguaro,4.05649E+12,eau petillante
cocacola,54492790,cherry
gallina blanca,8.4103E+12,yatekomo pollo
la belle chaurienne,3.24536E+12,cassoulet au canard
ital passion,3.76008E+12,grissini artigianali
hero,8.41018E+12,mermelada de fresas de temporada
saint eloi,3.25039E+12,lentilles preparees
picard,3.27016E+12,4 rostis de legumes et cheddar
nestle,3.38739E+12,chocolate fitness special k
delacre ferrero,3.11643E+12,bruges assortment biscuits
carrefour carrefour sensation,3.56007E+12,crunchy chocolat noir intense
ybarra,8.41009E+12,mayonesa
hacendado,8.48E+12,queso fundido sandwich
hacendado,8.48E+12,maiz
hacendado,8.48E+12,queso fresco vaca
sunny delight,8.4141E+12,florida
philadelphia,7.62221E+12,original
hacendado,8.48E+12,galletas tradicionales
mondelez international toblerone,7.6145E+12,milk chocolate bar
don simon,8.41026E+12,limonada natural light
carrefoursimpl,3.56007E+12,morceaux de thon
pringles,5.05399E+12,sour cream  onion
le fromage fouette madame loik paysan breton,3.41229E+12,fromage tartinable ail et fines herbes
suzi wan,4.00236E+12,nouilles aux oeufs
alsa,3.02703E+12,flan entremets au bon gout de vanille
rama,8.7192E+12,cremefine zum kochen 7 fett
weihenstephan,4.00845E+12,butter
pita original,8.71454E+12,pita original
fleury michon,3.30274E+12,le rougail saucisse et son riz creole
hacendado,8.48E+12,tomate
devin,3.8E+12,devin izvorna
italiamo,20216702,sfogliatine glassate
devin,3.8E+12,loading
leroux,3.06714E+12,chicoree nature
crownfield,20310622,miusli s leshnitsi
milbona,4.05649E+12,parmigiano reggiano aop en copeaux
italiamo,4.05649E+12,le sfoglie
lavazza,8.00007E+12,cafe il mattino lavazza
maxi sticks,3.80012E+12,khruskhrus
u u bio,3.25623E+12,cereales muesli croustillant fruits rouges sachet 350g
cocacola,5.449E+12,cocacola sans sucres sans cafeine
fleury michon,3.30274E+12,poisson a la bordelaise  ecrase de pommes de terre
cheetos,8.4102E+12,rizos sabor
hacendado,8.48E+12,chocolate negro 72
lorina,3.55172E+12,pet 125l lorina limonade doub
jordans,5.01048E+12,bio country crisp
milbona,4.05649E+12,queso fresco original
robinsons,5.00015E+12,robinsons apple  blackcurrant
hacendado,8.48E+12,cacao avellana
fleury michon,3.30274E+12,tendre poulet gout roti 4 tranches
hacendado,8.48E+12,hamburguesas de berenjenas
rivercote,40874319,original rye crispbread
lidl,4.05649E+12,protein bar chocolate brownie
isey,5.69085E+12,skyr sans lactose stracciatella
hacendado,8.48E+12,pan cereales sin gluten
jacobs,5.00014E+12,twiglets original
sante,5.90062E+12,vitamin coconut bar
ferrerokinder,8.0005E+12,kinder tronky
coop,5.00013E+12,semiskimmed milk
stockwell  co tesco,5.05755E+12,roasted  salted peanuts
birds eye,5.00012E+12,chicken dippers
valencia,6.11125E+12,nectar orange 0
kellys,8.69508E+12,kellys fitness club crunchy muesli with dried fruit
tesco,5.05755E+12,clear honey
napolina,5.01006E+12,tomato puree
the laughing cow,3.07378E+12,light cheese triangles
findus,3.59974E+12,epinards branches a la creme
itsu,5.06026E+12,rice noodles satay flavour
kelloggs,5.05932E+12,choco pops cereals
doritos dr organic,5.00033E+12,doritos mild salsa 300g
belazu,5.03034E+12,rose harissa paste
tuc,5.00017E+12,tuc
marks  spencer,515221,medium wholemeal super soft loaf
tesco,5.00044E+12,lasagne pasta
mccain,5.01023E+12,crispy french fries
asda,5.05478E+12,asda extra special wholemeal  bread
heinz,50457014,heinz seriously good squeezy mayonnaise
tesco,5.05114E+12,wholegrain mustard
rowan hill bakery,20720018,plain bagels
sharwoods,5.0002E+12,night time teabags x20
rakusens,5.01011E+12,matzo
whole earth,5.01367E+12,golden roasted peanut butter drizzle imp
mama,8.85188E+12,mama instant rice noodles
aldi,4.0886E+12,bolognese pasta sauce
georgelinlucien georgelin,3.33072E+12,oranges clementines citrons sans sucres ajoutes
cauldron,5.01368E+12,morrocan falaffels
philadelphia,21000612239,cream cheese
morrisons patak s,5.01131E+12,pataks plain pappadums x 8
ms marks  spencer marks and spencer,246231,soft white
tilda,5.01116E+12,indian style pilau rice
tesco,5.05232E+12,orzo
daves killer bread,13764027220,organic bread
tesco,5.0519E+12,vegetable stock cubes
milbona,4.05649E+12,greek natural yogurt
hellmanns,8.72018E+12,light mayo
bisto,5.00035E+12,bisto gravy
prime,8.50004E+11,prime blue raspberry
bisto,5.00035E+12,beef gravy
leaderfood,6.11124E+12,leaser chips fromageoignons
belbake,4.05649E+12,golden syrup
lizis,5.06004E+12,low sugar maple  pecan granola imp
new covent garden soup co,5.05605E+12,lentil  smoked bacon soup
sainsburys,176422,mixed bean salad
sainsbury,1098037,sundried tomato antipasto
pepsi,6.11125E+12,pepsi pet
sainsburys,181495,stonebaked margherita hand stretched pizza
biome,5.06085E+12,oats  plenty super seedy  nutty porridge
sainsburys,179768,fast action dried yeast 8 sachets
excelo,6.11126E+12,momo white
michoc,6.1112E+12,leka cream
sainsburys sainsburys basic,1483246,mozzarella
marks  spencer,29310456,grano high fibre seeded
naturya,5.06024E+12,superfood organic hot chocolate
arla,4.10029E+12,kaergarden
hacendado,8.402E+12,arandanos
azura disma international,3.50418E+12,tomates cerises allongees
danone,3.03349E+12,danone hipro  fruits rouges
it,6.11127E+12,gouter
dmbio,4.0678E+12,haferdrink natur
hacendado,8.402E+12,pan integral de molde sin corteza
ja rewe,4.33726E+12,remoulade
chergui,6.11113E+12,lshrky brwtyn
milka,7.6222E+12,milka triple chocolat avec morceaux de biscuits
yoplait les laitiers responsables,13297703,brasse citron au lait entier
innocent,5.03886E+12,innocent jus pomme  framboise 900ml
bonne maman,3.17853E+12,gaufres au sucre perle
yop gf yoplait,3.32977E+12,yop parfum vanille
entremont,3.12393E+12,lemmental francais extra fin
ferrero nutella,3.01762E+12,nutella
lactel,3.42827E+12,lait matin leger bio
jacquet,3.02933E+12,22 tranches sans croute nature sans sucres ajoutes
sojasun,3.27322E+12,sojasun chocolat
bio village marque repere,3.56471E+12,moutarde de dijon bio
actimel danone,3.03349E+12,actimel 100 g x 12 original
carrefour bio carrefour,3.27019E+12,cookies chocolat noisettes
activia activia yoghurt fruits danone,3.03349E+12,activia fraise
weetabix,5.01003E+12,weetabix avena suave oatibix
knorr,8.7141E+12,knorr soupe liquide mouline de legumes varies du potager 1l
fruit dor proactiv pro activ proactiv proactiv expert,8.7192E+12,proactiv expert tartine et gourmet sans huile de palme
marque repere les croises,3.5647E+12,coeur de creme
lumondelezpepito,3.01776E+12,mini rollos chocolat au lait  coeur fondant au lait
alter eco,3.70021E+12,chocolat noir aux eclats damandes
lu,7.62221E+12,lu the pocket
tramier,3.01724E+12,olives vertes denoyautees 25 sel
ebro foods panzani,3.03835E+12,coquillettes
sojasun,3.27322E+12,dessert cafe 4x100 g
cmi carrefour marchandises internationales carrefour carrefour original groupe carrefour,3.24541E+12,chips a lancienne nature
entremont sodiaal,3.12393E+12,emmental francese
pierre martinet,3.28178E+12,trio de lentilles a la moutarde a lancienne  vegetal
cocacola cocacola company the coca cola company,5.00011E+12,cocacola
petit navire,3.01908E+12,thon entier au naturel albacore
les creations producteur  commercant,3.25039E+12,tablette degustation chocolat noir 70  100g
too good,3.24555E+12,sel et poivre
cocacola,5.449E+12,cocacola zero
douceurr knorrr,3.01136E+12,knorr soupe deshydratee douceur de 9 legumes 3 portions
garbit,3.26106E+12,taboule aux tomates fraiches
twinings,5.05595E+12,the vert
hacendado,8.48E+12,aceite de oliva virgen extra
central lechera asturiana,8.4103E+12,leche semidesnatada
carrefour carrefour classic,3.56007E+12,mais
lustucru selection,3.24093E+12,gnocchi a poeler
hacendado,8.48E+12,yogur natural con azucar de cana
barilla,8.0768E+12,tortiglioni  barilla
tanoshi,3.22982E+12,nouilles japonaises saveur boeuf teppanyaki
maitre prunille,3.50249E+12,amandes grillees sans sel
carrefour,3.56007E+12,dipster
le moulin du pivert,3.26835E+12,ptit dej bio cereales et chocolat
ferrero kinder,8.0005E+12,kinder cards familypack 20days
marque repereturini,3.5647E+12,pesto verde
hacendado,8.48E+12,stevia
hacendado,8.48E+12,pipa calabaza natural
odyssee,3.25039E+12,truite fumee  120g
one day more,5.90288E+12,granola au chocolat et framboises
hacendado,8.48E+12,panela
schararvid nordquist norge as,8.0087E+12,choco chip cookies
st hubert bio st hubert bio  vegetal st hubert,3.36632E+12,st hubert bio  vegetal demi sel 230g ss hdp
bonduelle,3.08368E+12,la poelee champetre
mulino bianco,8.07681E+12,tarallucci mb 350g int eu
eat natural,5.0138E+12,dark chocolate bar with cranberries and macadamias
crownfieldlidlbruggen,20884291,muesli croccante
wasa,7.3004E+12,wasa delicate thin crackers sea salt 180g we
misura,8.00259E+12,fibrextra
twinings,5.05595E+12,infusion ayurveda
lidlsondeyinter biscuits,20005542,butterkeks mit vollmilch schokolade
leclerc,3.56471E+12,muesli
bellarom,20083786,goody cao
bio village marque repere,3.56471E+12,biscotte
italia ponti,8.00101E+12,glassa allaceto balsamico di modena igp
elephant,8.71133E+12,infusion a froid detox cranberry framboise hibiscus
fleury michon,3.30274E+12,le superieur a letouffe
hacendado,8.48E+12,cacahuete tostado 0 sal anadida
rewe bio,4.33726E+12,korniger frischkase
sodebo,3.24227E+12,pastabox carbonara
nature valley,8.41008E+12,nature valley crunchy
gallo,8.41007E+12,pesto a base de albahaca
hacendado,8.48E+12,arroz largo
snacks of the world,8.7113E+12,kingsize peanuts unsalted
milbona,20094508,crefee mit feinen  krautern
crownfieldlidlbruggen,4.05649E+12,schoko musli
grissinbon,8.00141E+12,le fresche biscottate integrali
doritos,3.16893E+12,doritos salsa douce
danone as,5.41119E+12,alpro sojadrink barista 1l
natural happiness,8.7113E+12,noix de cajou
gullon,8.41038E+12,cuor di cereale
leangreenvithitvithit,5.03403E+12,hit lean  green apple  elderflower  mate tea  lcarnitine
mulino bianco,8.07681E+12,nascondini mb 330g int eu
exquisa,4.0193E+12,skir naturalen
hacendado,8.48E+12,ciclamato y sacarina
skippy,37600110754,creamy peanut butter
aldi,4.0886E+12,crunchy peanut butter
violife,5.20239E+12,tranches saveur cheddar
panzani,3.03835E+12,panzani spaghetti n5
cadbury,5.03466E+12,cadbury hot chocolate
herta le bon paris,3.15423E+12,herta le bon paris jambon sel reduit sans nitrite x2 70g
tesco,5.00044E+12,mixed nuts and raisins
florelli,3.76008E+12,pesto alla genovese
doritos pepsico,5.60136E+12,snack aper matutano doritos texmex 120g
highgate fayre lidl,20436568,clear honey
snack a jacks,5.00011E+12,snacks a jacks chocolate chip rice cakes 180g
danone,3.03349E+12,skyr fraise
emporiumaldi,4.0886E+12,british mature cheddar
auchan,3.59671E+12,biscottes a la farine complete sans sucres ajoutes
milko,5.90082E+12,kefir
moser roth,4.0886E+12,organic peruvian 85 cocoa dark chocolate
kp,5.00024E+12,kp dry roasted peanuts
coral,8.41071E+12,galleta boer sabor coco
nakd,5.06009E+12,bakewell tart bar
amora,8.72018E+12,amora moutarde douce verre de table 230g
the foodie market aldi,4.0886E+12,seed mix semi
nature valley,8.41008E+12,avoine  miel
flora,8.7192E+12,flora rica en omega 3
william saurin,3.26106E+12,riz coco curry et poulet roti
pipers,5.03306E+12,pipers lye cross cheddar  onion crisps
mondariz,8.41204E+12,agua mineral natural
allinsons,5.01582E+12,dried active yeast
ginsters,5.01072E+12,cornish pasty
sainsbury,1217155,6 british free range eggs
bonne maman,3.04532E+12,wild blueberry conserve
orangina,8.43519E+12,orangina zero
the paleo foods co,5.06038E+12,pecan  almond grainfree granola
chergui,6.11113E+12,finesse cereale
granola,7.6222E+12,granola cookie coeur extra moelleux
belbake,20035846,strong white bread flour
lustucru,3.76034E+12,long grain incollable
lidl alesto,4.05649E+12,pumpkin seeds
natures path organic,58449770565,pumpkin seed  flax granola
brooklea,4.0886E+12,greek style natural yoghurt
bens,5.01003E+12,basmati
arla,6.4133E+12,protein raspberry yogurt
aldi bramwells,4.0886E+12,vegetable stock cubes
sainsburys,1644432,parmigiano reggiano dop
cullysully,5.39151E+12,smoked haddock  salmon chowder
rostoy,8.41026E+12,melocoton
loyd grossman,5.00035E+12,tomato  basil
hula hoops,5.00024E+12,hula hoops salted
nature valley,8.41008E+12,oaty  crispy avoine  cacao x 5 barres de 23 g
tesco,3284193,balsamic drizzle
asda,5.05717E+12,extra special wholemeal multigrain sliced loaf
go raw,8.10032E+11,organic sprouted pumpkin seeds
marks  spencer,29360642,collection crafted white sourdough
jaouda,6.11124E+12,jutos
arla,8.71817E+12,protein yoghurt strawberry
gullon,8.41038E+12,maria
sainsburys,74988,strawberry conserve
ms,29296088,sunflower and spelt loaf
hacendado,8.402E+12,yogur griego
amora,8.72018E+12,mayonnaise de dijon
chosen foods,8.15074E+11,avocado oil spray
jaouda,6.11124E+12,soif
tastino,4.05649E+12,tortilla  tortilha
harrys,3.22886E+12,100 mie nature
sainsburys,474030,white sourdough bloomer
sondey,4.05649E+12,galettes de riz complet
plenish,5.06036E+12,plenish barista organic almond drink
coca cola,5.94232E+12,cola doza
rowan hill,4.05649E+12,white pitta bread
latta upfield deutschland,8.7192E+12,latta halbfettmargarine
bjorg,3.22982E+12,boisson vegetale coco
teisseirefruit shoot,3.09272E+12,fruit shoot
charles vignon,3.1119E+12,muesli bio croustillant 3 chocolats
jardin bio,3.47882E+12,ketchup
danone jockey jockey fruits,3.03349E+12,jockey straciatella 120 g x 4
vrai,3.27322E+12,le nature brebis nature
francine,3.06811E+12,farine de ble supreme
belin,3.05644E+12,triangolini sesame
danone danone jockey nature,3.03349E+12,danone fromage blanc 32 de mg nature 100 g x 8
chabrior,3.25039E+12,biscottes completes x36
bio organiclidlsondey,20884697,meis waffeln mit meersalz bio
orangina schweppes schweppes,3.12448E+12,pet15l schwzero indian tonic
chene dargent lidl,20024642,camembert
tipiak,3.16544E+12,couscous moyen
carrefour groupe carrefour,3.27019E+12,sirop de grenadine
chabrior faissole intermarche,3.25039E+12,biscottes completes x36  bio
carrefour biocarrefour,3.27019E+12,biscottes
carrefour,3.56007E+12,le gourmand cereales et graines
bonne maman,3.17853E+12,tartelettes framboise
oasisoasis tropicalorangina schweppes,3.12448E+12,mon tropical
carrefour classic carrefour,3.56007E+12,emmental rape
cereal bio,3.17568E+12,tendres carres de ble  oignons pomme de terre emmental
kelloggs tresor,5.05383E+12,cereales tresor kelloggs chocolat noisettes
sondey,20132170,speculoos
marque repere epi dor,3.5647E+12,pains au chocolat x 8
envia,20620400,yaourt nature
lu mikado,3.01776E+12,glico mikado  go  chocolat au lait
lustucru,3.03835E+12,riz basmati
cereal bio,3.17568E+12,orge  pruneaux a la marocaine
3ds bugles benenuts lays pepsico,3.16893E+12,benenuts 3ds bugles gout bacon
bio village marque repere,3.56471E+12,bio village  miel de fleurs
haribo,3.10322E+12,schtroumpfs
francine,3.06811E+12,ma levure boulangere
fairsimplement bon et bio,26083827,chocolat noir bio 70 cacao
liebig,3.03681E+12,veloute 6 legumes bio
bjorg,3.22982E+12,amande proteines
carrefour bio carrefour,3.56007E+12,pur jus de citron
saveurs de nos regions,20840839,preparation de fruits clementines et oranges de corse
marque repere comptoir du grain,3.5647E+12,riz complet
marque repere les croises,3.5647E+12,emmental rape
go nuts,3.77001E+12,beurre de cacahuetes bio
grace,5.03514E+12,lait de coco
cristaline,3.25438E+12,cristaline eau de source au jus de fruits fraise 50cl
bio village marque repere,3.56471E+12,lait amande intense bio
gerlinea,3.17568E+12,crousti chocolat
tramier,8.41018E+12,optima bio olive
clipper,5.02199E+12,the vert
bouton dor les creations,3.25039E+12,chips de legumes
curly intersnack vico,3.33697E+12,curly cacahuete loriginal
heinz,8.7157E+12,tomato ketchup
fisch iglo fisch iglo offen 10 stuck iglo tkfisch,4.25024E+12,fischstabchen
jardin bio,3.4563E+12,pate a tartiner choco noisette
savencia st moret,3.27277E+12,st moret frischkase nature
alnatura alnatura gmbh,4.10442E+12,erdnussmus fein
hacendado,8.48E+12,aceite de oliva virgen extra gran seleccion
maille,3.03681E+12,moutarde a lancienne
wasa,7.3004E+12,volkoren cracker
alpina,3.25297E+12,avoines
liebig,3.03681E+12,mouline de legumes
hacendado,8.48E+12,yogur al estilo griego stracciatella
haribo,3.10322E+12,300g dragolo haribo
hacendado,8.48E+12,salchichas frankfurt
hacendado,8.48E+12,30 lonchas de queso fundido sabor suave
le fromage fouette madame loik paysan breton,3.41229E+12,paysan breton  le fromage fouette madame loik  figue noix de nos regions francaises
marque repere ptit deli,3.5647E+12,deli matin allege de 30 en sucres aux pepites de chocolat
vita dor,20239220,mayonnaise a la moutarde de dijon
danone,3.03349E+12,hipro 25g proteines chocolat
bonne maman,3.60858E+12,confitures moins sucree  fraise  framboise intense
mercistorck,4.0144E+12,bonboni mersi
hacendado,8.48E+12,maria choco
carrefour,3.56007E+12,sardines au citron  basilic
carrefour,3.56007E+12,guacamole extra
hacendado,8.48E+12,galletas relieve
milbona privatmolkerei bechtel,20917906,joghurt mild cremig geruhrt
barillamulino bianco,8.07681E+12,cioccograno mb 330g
marque repere les croises,3.56471E+12,comte
petits filous pots yoplait,3.32977E+12,fromage frais sucre aromatise enrichi en vitamine d
manner,9.00033E+12,original neapolitaner
marque repereptit deli,3.5647E+12,deli matin multicereales
hacendado,8.48E+12,limon exprimido
ethiquable,3.76009E+12,chocolat noir feves de cacao
fleury michon,3.30274E+12,le superieur a letouffee  conservation sans nitrite
la laitiere,3.02329E+12,mousse chocolat
baresa freshona,20878108,tomate frito
eleclerc eco  eco leclerc,3.45097E+12,lait demiecreme  sterilise uht
bonne maman,3.17853E+12,petites tartelettes chocolat caramel
alesto,20005672,erdnusse pikant gewurzt
envia,20527488,lait saveur cacao
hp foods,5.00011E+12,hp sauce 255g
essalsabil,6.13058E+12,voda
gullon,8.41038E+12,cookies de cacao con chips de chocolate sin gluten
snacks of the world,8.7113E+12,nuts  raisins unsalted
barilla,8.07681E+12,tortiglioni pates alimentaires de semoule et de ble dur 500g
rice up,3.80023E+12,puffasztott barna rizs
natural happiness,8.7113E+12,nut mix
bresso savencia,3.27277E+12,bresso 100 pflanzlich  krauter der provence
cevital,6.13023E+12,lalla khedidja
nestle san pellegrino,8.00227E+12,spellegrino
mateg,6.13079E+12,swl  mrgryn
alfredolidltrattoria  alfredo,4.05649E+12,pizza cuite sur pierre  margherita
milbona,4.05649E+12,goldessa
kanialidl,20201845,rotisseur french mustard
oreo,7.6223E+12,oreo original
ww weight watchers,3.17568E+12,biscuits petit dejeuner
latelier blini,3.29207E+12,houmous a la libanaise thym et sesame dore
arborea,8.00272E+12,latte parzialmente scremato
yosoy,8.42335E+12,oat milk
galbusera,8.00219E+12,cereali g  granola e frolla
toque du chef,4.05649E+12,tajine de boeuf
oasisoasis tropical,3.12448E+12,oasis tropical
gran pavesi,8.01336E+12,gpav cracker salato pav 560 gr
null la vache qui rit,3.07378E+12,la vache qui rit
freshonakidneybohnen,4.05649E+12,kidney bohnen
sainsburys taste the difference,1121124,kalamata olive bloomer
liebig,3.03681E+12,mouline legumes du potager
barilla,8.07681E+12,pesto genovese
maille,8.72018E+12,maille mout vdt eau 245g
san pellegrino nestle,8.00227E+12,sanpellegrino
doritoswalkers,5.00033E+12,doritos tangy cheese
mcennedy,4.05649E+12,cranberry drink
piatnica,5.90053E+12,smietana 18
bonne maman,3.17853E+12,petites madeleines
merveilles du monde,3.77002E+12,tablette lait noisettes et amandes pilees
nurishh,3.07378E+12,rape gran vegiano
natures path,58449770206,heritage flakes cereal
kingsmill,5.01009E+12,wholemeal
princes,5.00023E+12,corned beef
san pellegrinonestle,8.00227E+12,aranciata rossa
ligeresa,8.72018E+12,salsa original
asda,5.05141E+12,tomato puree
milbona,20775995,halloumi
proper,5.06028E+12,proper corn lightly sea salted
sainsburys,1137637,semi skimmed milk
remedy,9.35027E+12,organic kombucha raspberry lemonade
bonne maman,3.60858E+12,reduced sugar raspberry extra jam
john west,5.00017E+12,tuna chunks in spring water
lurpak,5.7409E+12,lupark spreadable lighter
gourmet,8.7192E+12,pro active
bimbo,8.4126E+12,pan integral 84
lune de miel,3.08854E+12,miel
innocent,5.03886E+12,apple juice
hipro,34361690334,hipro saveur coco
bio  me,5.07E+12,apple  cinnamon granola
fullgreen waitrose,5.06042E+12,riced cauliflower
rivercote,20891299,lightly salted rice crackers
tesco,5.05775E+12,honey  almond granola
natural jif,51500243213,peanut butter spread
heinz,5.00016E+12,minestrone soup
ms food,395496,all butter pistachio and almond cookies
daucy,3.0178E+12,aubergines cuisinees a la provencale daucy 380g
bramwells,4.0886E+12,brown sauce
arla,4.01624E+12,skyr creamy natural
tesco,5.05427E+12,tesco greek style yoghurt 4 x
kirkland,96619225798,beurre de noix melangees avec graines
asda,5.06309E+12,corn flakes
beyond meat,8.50004E+11,beyond burger
marks  spencersimply ms,819589,tomato ketchup
tesco,5.052E+12,sundried tomato
heinz foods uk ltd,5.00016E+12,bullseye original bbq sauce
the coconut collab,5.06043E+12,gut health light and creamy
sainsburys,332071,baked beans reduced sugar  salt
mr hughs,5.06027E+12,extra virgin rapeseed oil
grahams,5.02584E+12,grahams gold smooth
tesco,5.05291E+12,guacamole
star,6.11118E+12,tomato ketchup
co op,5.00013E+12,chocolat noir irresistible 70
rugenwalder muhle,4.00041E+12,veganer hauchgenuss klassisch  typ hahnchen
crownfield,4.05649E+12,protein porridge chocolate
orangina,6.11124E+12,orangina
chergui,6.11113E+12,fawakih
deliciously ella,5.06048E+12,chocolate orange dipped almonds
heinz,6.29009E+12,heinz tomato ketchup
danone,5.06006E+12,actimel strawberry
dairylea,7.62221E+12,cheese triangles
itsu,5.06026E+12,rice noodles chickn ramen
jasons,5.02513E+12,jasons sourdough grains and seeds
hacendo,8.402E+12,crema de calabacin
aldi,4.0886E+12,light soy sauce
sainsburys,374743,pesto
jaouda,6.11124E+12,mixy aux cereales
sainsbury,1054200,multiseed loaf
chergui,6.11113E+12,yaourt brasse bulgare
fleury michon,3.30274E+12,wokgo  poulet et riz au curry coco
sainsburys,1766820,chunky cod fillet fish fingers
be,6.11126E+12,bunny
chergui,6.11113E+12,chergui maxi brasse
jaouda,6.11124E+12,mixy fraise
aknaz,4.00267E+12,cream cheese
pirati,4.05649E+12,bravcove parky
carrefour bio,3.56007E+12,carrefour bio galettes de mais salees
jacobs,5.00017E+12,twiglets 6 pack
mattersons,5.00034E+12,turkey rashers
oatly,7.39438E+12,oatly barista organic oat drink
envia,4.05649E+12,specialite laitiere myrtille mure cassis
savour bakes,4.06146E+12,italian crackers with 6 extra virgin olive oil
eat real,5.06088E+12,hummus chips tomato  basil flavour
lurpak,5.7409E+12,lurpak plant based
freeway,20068295,iced tea saveur peche
u,3.25622E+12,cereales muesli croustillant aux 4 noix paquet de 500g
carrefour,3.27019E+12,10 pains au lait
bio village marque repere,3.56471E+12,biscottes germe de ble x 34
ferrero kinder,8.0005E+12,chocolat kinder chocofresh fourre lait noisette x5
bio village marque repere,3.56471E+12,galettes riz complet
herta,3.15423E+12,herta allumettes de bacon 2x100g  200g
daddy,3.16544E+12,sirop dagave bio
bonne maman,3.04532E+12,confiture bonne maman 4 fruits
rugenwalder muhle,4.00041E+12,vegane muhlen salami klassisch
marque repere tablette dor,3.5647E+12,chocolat dessert patissier
ethiquable,3.76009E+12,puree damande complete tunisie
crownfield,20104214,musli bar apple
maribel,20000660,mustikkahillo
tropicana,3.50211E+12,tropicana pommes pressees pink lady 1 l
candia,3.53363E+12,grandlait bio
le gaulois,3.26698E+12,nuggets extra croustillant x10
cfr coeur de lion savencia,3.17658E+12,coulommiers lextracremeux
nestle,3.02329E+12,yaos yaourt a la grecque vanille
u,3.25623E+12,lait 12 ecreme
formule express picard,3.27016E+12,gnocchis au chevre et aux epinards et a la sauce tomate
jardin bio lea nature,3.47882E+12,puree pomme poire williams
courmayeur,8.02488E+12,courmayeur eau minerale naturelle 1l
bridelight,3.15525E+12,bridelight le ptit gourmand allege 5mg 250g
jardin bio,3.4563E+12,quinotto legumes verts parmesan
picard,3.27016E+12,saumon aux epices tandoori riz noir et petits legumes
benedicta,3.6606E+12,tartare sauce aux cornichons et aux capres
saveurs de nos regions,20290221,sardines huilolive extra vst gil
etoile dor,20681517,emmental
la fermiere la fermiere,3.27923E+12,riz au lait vanille de madagascar 2 x 160g
findus,3.59974E+12,tranches panees de cabillaud msc
simplement bon et bio,26034461,sirop dagave
carrefour,3.27019E+12,12 oeufs frais de poules elevees en plein air
vitador,20183363,mayonnaise moutarde de dijon
lidl,20995751,bio vollkorn penne
oasis,3.25151E+12,oasis sorbet tropical
paturages,3.25039E+12,fromage blanc nature a 32 de matiere grasse
marque repere natvie,3.5647E+12,tartine et cuisson omega3
chabrior intermarche,3.25039E+12,grand mie 7 cereales
carrefour,3.27019E+12,huile dolive vierge extra
lindt,7.6104E+12,lindt chocoletti lait praline noisettes
suchard,3.66435E+12,rochers  chocolat au lait
jardin bio lea nature,3.76002E+12,tartines craquantes avoine
nestle,5.00019E+12,after eight
fleury michon,3.30274E+12,poulet  puree de courgettes pointe de creme fraiche
maizenaunilever,8.7111E+12,harina fina de maiz
chabrior intermarche,3.25039E+12,coeur mie complet 500g
milka,7.6222E+12,pate a tartiner milka aux noisettes
lesieur,3.01136E+12,mayonnaise classique
nestle san pellegrino momenti sanpellegrino,8.00227E+12,sanpellegrino momenti boisson gazeuse aromatisee grenade cassi 33cl
carrefour,3.24541E+12,beurre tendre doux
les volailles du chef toque du chef,4.05649E+12,cordons bleus de poulet
lidl milbona,4.05649E+12,mozzarella
kara,8.8863E+12,lait de coco fluide
carrefour biocarrefour,3.56007E+12,miel de fleurs liquide
kub or maggi,7.61304E+12,maggi kub or 32 cubes  128g
marque repere tables du monde,3.5647E+12,tables du mondes  tortillas chips original
ricola,7.6107E+12,ricola eucalyptus
marque repere les croises,3.5647E+12,buche de chevre fondante
chantesel,20796273,sel fin
saint eloi,3.25039E+12,saint eloi riz complet cuisson 10 mn etui 500gr
nescafe,3.03371E+12,nescafe nes cafe soluble
carrefoursimpl,3.56007E+12,sucre en poudre
treblec,3.48305E+12,farine de sarrasin
saveurs de nos regions,20840792,pruneaux dagen
alnatura,4.10442E+12,agavendicksaft
evernat,3.39641E+12,biscuits croquants avoine chocolat
nestle,5.00019E+12,after eight
famille michaud,3.08854E+12,miel de france
lindt,4.00054E+12,lapin dor chocolat au lait
ferrero kinder,5.41355E+12,schoko bons
bisson,3.76001E+12,sables authentiques epeautre
dulano saint alby,40897837,fine de poulet
snaktastic,20071097,flutes feuilletees fromage
carrefour,3.56007E+12,miel de fleurs
marque repere notre jardin,3.5647E+12,flageolets verts extra fins
kinderferrero,4.0084E+12,milchschnitte 10erpack
seeberger,4.00826E+12,cashew kerne nusse
loacker,8.00038E+12,classic napolitaner  loacker
heinz,5.00016E+12,sauce algerienne
hacendado,8.48E+12,perlas de mozzarella
violife,5.20239E+12,violife 100 vegan original flavour slices
gullon,8.41038E+12,maria sin gluten
carrefour bio carrefour,3.56007E+12,chocolat patissier noir corse 70 cacao
tanoshi,3.22982E+12,ramen saveur poulet teriyaki
petit navire,3.01908E+12,filets de maquereaux huile dolive vierge extra
heinz,5.90078E+12,mayomix
le jardin de corentin,3.33072E+12,pate a tartiner noisette cacao
rummo,8.00834E+12,rummo linguine ndeg13
pepsi,5.41019E+12,pepsi max
crownfield,20067274,choco shells
liebig,3.03681E+12,veloute de poireaux et pommes de terre
gerble,3.17568E+12,gerble  no sugar added apple blackcurrant cake filling 180g 64oz
volvic,3.05764E+12,touche de the noir
milbonalidl,20959968,mantequilla light
castello,20269944,iodized sea salt
rio mare,8.00403E+12,tonno rio mare oliva
sappe public company limited,8.85039E+12,mogu mogu
ikea,1.40202E+12,mild mustard
misura,8.00259E+12,dolcesenzafrumento avena e riso
nestle san pellegrino,8.00227E+12,essenza  saveur citron  zeste de citron
vitasia,20561864,soba noodles
le stern,3.25529E+12,madeleines sorties du four
herta knacki,3.15423E+12,herta knacki saucisses 100 pur porc x6  210g
ferrero,8.0005E+12,ferrero rocher haselnuss white
go on,5.90062E+12,peanut butter smooth
le bon paris herta,3.15423E+12,herta le bon paris jambon au torchon sans nitrite x4  140g
kujawski,5.90001E+12,olej rzepakowy z pierwszego tloczenia filtrowany
tunnocks,50823093,milk chocolate caramel wafer
chio,5.94145E+12,pombar
valensina,4.00949E+12,orangensaft
lipton,3.16893E+12,the vert glace
reeses,34000400126,creamy peanut butter
alesto lidl,6104696,almonds
philadelphia,7.6222E+12,philadelphia
terres et cereales,3.42156E+12,muesli au chocolat
marque repere,3.56471E+12,muesli croustillant tout chocolat
lidl,20978075,peanut butter
ethiquable,3.76028E+12,tablette de chocolat 100 cacao varietes native perou
danone,3.03349E+12,skyr vanille
aldi petit pre,2.00605E+12,nature a tartiner
waitrose,5.00017E+12,fruit and nut muesli
kanialidl,4.05649E+12,jemny kecup
mr organic,5.06018E+12,organic baked beans
nocciolata,8.05258E+12,pate a tartiner cacao noisette
lindt,3.04692E+12,excellence noir orange sanguine de sicile
smuckers,51500017005,natural creamy peanut butter
jamie oliver,5.0301E+12,incredible curried chickpeas
tesco,5.00012E+12,basmati rice
waitrose,5.00017E+12,salted tortilla chips
napolina,5.00023E+12,butter beans in water
happyvore,3.76032E+12,knax vegetales  gourmandes
alesto,4.05649E+12,soft pitted apricots
the cooperative loved by us,5.00013E+12,8 wraps
morrisons,5.01025E+12,chickpeas
morrisons the best morrisons,5.01025E+12,morrisons authentic greek yogurt
natural happiness,8.7113E+12,melange de fruits et de noix
tesco,10061282,houmous
haribo,5.01204E+12,tangfastics
the food doctor,5.06002E+12,6 seed  cereal original pitta
sainsburys,1550368,unsweetened soya
wilkin  sons ltd,43647160010,strawberry preserve
morrisons,5.01025E+12,tomato puree
kettle,5.01776E+12,mature cheddar  red onion
pataks,5.01131E+12,pataks korma sauce 450g
crownfield lidl,4.05649E+12,muesli crunchy
heinz,5.00016E+12,baked bean in tomato sauce
the laughing cow,3.07378E+12,cheese spread
mighty,5.06067E+12,ultimate oat barista
ocean spray,31200452009,cranberry classic
tesco,10001417,tesco cashew nuts
tesco,5.05162E+12,creme fraiche
tesco,5.00012E+12,strong white flour
grandessa,4.0886E+12,clear honey
nature valley,8.41008E+12,sweet and salty nut
knorr,8.72018E+12,knorr bouillon de legumes 15 tablettes 150g
malo,3.27869E+12,yaourt
sainsburys,1817928,strawberry granola
chergui,6.11113E+12,jnane saveur coco
aldi,4.0886E+12,butter croissant
bens,5.01003E+12,bens express rice long grain 220g
vemondo,4.05649E+12,bio organic almond drink plant  based
maribel,4.05649E+12,marmelade erdbeere
hacendado,8.48E+12,palitos delicias  surimi
abram lyle  sons,5.01012E+12,lyles golden syrup
tesco,5.0544E+12,plain poppadom
ideal,6.11118E+12,flan banane
tesco,5.05951E+12,2 bake at home multigrain baguettes with sourdough
tesco,5.03102E+12,2 bake at home baguettes
remedy remedy drinks remedy kombucha,9.35027E+12,organic kombucha
worldwide foodsaldi,4.0886E+12,long grain rice  classic
uncle ben,5.01003E+12,bens mexican style
waitrose,5.00017E+12,ciabatta rolls
waitrose,5.00017E+12,rich  velvety mayonnaise
tesco,5.05478E+12,tesco salted spreadble
chergui,6.11113E+12,fawakih li b7al daya
jaouda,6.11124E+12,perly max
montezuma,5.06072E+12,milk chocolate buttons 38
nutella ferrero,80051411,nutella
hacendado,8.402E+12,100frutas
by sainsburys,1810387,lighter soft cheese
baxters,5.01243E+12,sauerkraut
lidl deluxe,4.05649E+12,mango chutney
morrisons,5.01053E+12,dominican republic dark chocolate 72
coca cola,5.00011E+12,coca cola 033
jaouda,6.11124E+12,fruity
siggis,3.02329E+12,skyr stracciatella
kirkland signature,96619450008,natural peanut butter creamy
becel,8.7192E+12,gold butter vegan
bonne maman,3.60858E+12,caramelised apple spread
chergui,6.11113E+12,maxi brasse
milky food,6.11125E+12,cream cheese
lidl,4.05649E+12,deluxe madagascar vanilla ice cream
chergilui,6.11113E+12,dessert gourmand chocolat
sainsburys,1002942,wholegrain malties
aldi,4.06146E+12,canned tomatoes
henrrys,6.11126E+12,flipo
confipote materne,3.02176E+12,confipote confiture allegee en sucres pot fraise 350g
nestle nesquik,7.61304E+12,nesquik moins de sucres poudre cacaotee
st michel,3.17853E+12,galettes au bon beurre bio
nestle chokella,5.90002E+12,nestle chokella cereales 350g 
danettedanone,3.03349E+12,danette saveur vanille
andros,3.04532E+12,jus de pommes pressees
bio village marque repere,3.56471E+12,pain grille au ble complet
st michel,3.17853E+12,madeleines
nature de france,3.42221E+12,2 cordons bleus de poulet bio
volvic,10576403,volvic touch wasser
gerble,3.17568E+12,genoise chocolat orange gerble sans sucres
carrefour,3.56007E+12,100 pur jus orange sans pulpe
carrefour bio carrefour,3.27019E+12,confiture de fraises
jardin bio lea nature,3.76002E+12,coconut milk
innocent,5.03886E+12,jus orange  carotte
caprisonne caprisun,4.00018E+12,caprisonne multivitamin
thomy nestle,7.6101E+12,mayonnaise
carrefour,3.56007E+12,mozzarella
michel et augustin,3.76012E+12,petits sables beaufort
carrefour bio carrefour,3.56007E+12,amande intense
activia activia yoghurt cerealsfibres danone,3.03349E+12,activia muesli amande quinoa graines de chia 170 g x 1
lumondelez,3.01776E+12,la coqueline fraise
tipiak,3.6009E+12,cereales de campagne
cereal bio,3.17568E+12,les tendres carres ble petits pois courgette  curry
daunat,3.36765E+12,xxl poulet roti crudites
president,3.15525E+12,la motte de beurre aux cristaux de sel
lactel,3.42827E+12,lait bio demiecreme
duc de coeur,20057602,8 crepes with chocolate flavour filling
bonne maman,3.60858E+12,coeur coulant au chocolat
carrefourcarrefour extra,3.56007E+12,feta  fromage
pierre martinet,3.28178E+12,ma salade de lentilles a la lyonnaise
lindt,3.04692E+12,excellence noir zeste de citron vert
nestle nescafe,8.0003E+12,nescafe cafe viennois cafe soluble
bio village marque repere,3.56471E+12,ratatouille a la provencale
lu,3.01776E+12,prince chocobarre  barre cerealiere au chocolat
brioche pasquier,3.25654E+12,ptits pains facon bretzel
carrefour,3.56007E+12,ricotta
bresso,4.0004E+12,krauter der provence
kub magginestle,7.61303E+12,maggi bouillon kub boeuf
royco,3.03681E+12,soupe a lindienne
soy,3.25901E+12,tofou nature
carrefour classic,3.27019E+12,fromage de chevre
hacendado,8.48E+12,postre lacteo proteinas con mango y maracuya 0 mg 10 g proteinas
nestle la laitiere,3.02329E+12,semoule au lait
ferrero,8.0005E+12,bouchees mon cheri liqueur cerise x16  168g
heinz,5.00016E+12,worcester sauce
seeberger,4.00826E+12,seeberger walnusskerne 4008258130018 walnusskerne
carrefour sensation,3.56007E+12,wraps
lactalis president,3.22802E+12,president coulommiers extra fondant 350g
crealine,3.42244E+12,la puree brocolis
maggi,7.61304E+12,maggi bouillon volaille
cote dor mondelez,7.6224E+12,noir praline
miel lapiculteur,3.08854E+12,miel lapiculteur montagne
chabrior intermarche,3.25039E+12,brioche tranchee
zweifel vaya,7.6101E+12,bean salt snack
milka,7.6223E+12,caramel et noisettes
galbani,8.00043E+12,galbani ricotta 250g 12mg
casa azzurra,3.76006E+12,parmigiano reggiano aop 200g
carrefour,3.56007E+12,puree de tomates nature
epi dor,3.5647E+12,wrap
red bull,9.00249E+12,bte 25cl red bull sans sucre
maison tino,3.33831E+12,brandade de morue parmentiere gratinee
cirio cirio la polpa rustica,8.00032E+12,rosii cirio diced tomatoes
bjorg,3.22982E+12,avoine sesame
le ster,3.24361E+12,madeleine
les mousquetaires paturages selection des mousquetaires,3.25039E+12,naturais 150g
famille michaud lune de miel,3.08854E+12,miel et gelee royale la force au naturel
hellmanns,8.41013E+12,gran mayonesa
valor,8.41011E+12,chocolate puro con almendras
u,3.25622E+12,cafe soluble chicoree  250g
florelli,3.76008E+12,tomates sechees
intermarche ivoria,3.25039E+12,pate a tartiner 13 shp  750g
carapelli,8.00247E+12,huile dolive vierge extra
tanoshi,3.22982E+12,sauce soja reduite en sel 40
nature valley,8.41008E+12,protein peanut  chocolate cereal bar
meo,3.26134E+12,cafe
hacendado,8.48E+12,mejillones en escabeche
bouton dor,3.25039E+12,moutarde de dijon 370 gr
u,3.25623E+12,pois chiches  boite 265g
latelier poisson,3.59974E+12,colin dalaska extra croustillant msc
bouton dor,3.25039E+12,cacahuetes grillees sans sel ajoute
hacendado,8.48E+12,canela molida
chocoquik guldenhof,1.23457E+12,chocolat en poudre
smartwater,5.449E+12,smart water
cereal bio,3.17568E+12,tofu fume
hacendado,8.48E+12,ajo y perejil
nutella,80751151,nutella pate a tartiner noisettescacao barquette 15 gr
harvest basket,20047900,wedges lidl
schar,6174971,pain campagnard sans gluten
panzani,3.03836E+12,sauce pesto tomatesbasilic cisele 200g
na  nature addicts,3.6092E+12,tortilla pops finement sale
kinder ferrero,4.0084E+12,pingui
lustucrulustucru selection,3.24093E+12,gnocchi a poeler roll 300g
gullon,8.41038E+12,vitalday crocant original
mondelezmoreni,7.6223E+12,vafla moreni maxx
gerble,6163743,gerble choco noisette
aldichoceurwiha,4.06146E+12,nussknacker  vollmilchschokolade
mulino bianco,8.07681E+12,fette biscottate integrali
hacendado,8.48E+12,datiles desecados sin hueso
lidl solevita,4.05649E+12,pomerancovy dzus
caldas de penacova,5.60557E+12,agua mineral natural
beyond meat,1.23E+12,beyond burger
jensen  co as,80444916,la crema spalmabile di soia
leerdammer,8.7218E+12,leerdammer le moelleux 6 tranches 150g
lidl,4.05649E+12,ironmaxx protein bar
galbusera,8.00219E+12,buonicosi senza zuccheri aggiunti
maretti,3.80021E+12,pecheni khlebni krgcheta s vkus gbi i smetana
bodymass,8.71884E+12,vegan protein chocolat
bnina double saveur,6.13076E+12,soumame bnina
daddy,3.16543E+12,sucre cassonnade
alpro,5.41119E+12,alpro packed with protein strawberry raspberry
joker,3.12335E+12,defense kiwi banane  orange
nixe,4.05649E+12,miettes de thon a la tomate
costa brava,8.4214E+12,jamon serrano gran reserva
tesco,3341186,tuna chunks in spring water
sante,5.90062E+12,sante tropical muesli whole grain oat 350g
daco bello,3.27072E+12,amandes grillees
hacendado,8.48E+12,batido cacao 0 azucares anadidos
kioene,8.02789E+12,mini burger vegetale agli spinaci
kotlin,5.90039E+12,ketchup iagodny
combino,4.01316E+12,fussili
dulcesol,8.41009E+12,sandwich sotille integral
mondariz,8.41204E+12,agua mineral
linwoods,5.01689E+12,cold milled flaxseed almonds brazil nuts walnuts  coq10
deluxe,4.05649E+12,super nutty granola
innocent,5.03886E+12,mangoes apples  passion fruits fruit smoothie
campo largo,20475581,butter beans in water
jif,51500255650,peanut butter spread
stute,4.00642E+12,stute no sugar added strawberry extra jam imp
yeo valley,5.03659E+12,whole blue
carrefour bio carrefour,3.56007E+12,muesli de superfrutas sin azucares anadidos
lidl vemondo,4.05649E+12,milch mandel ohne zucker
nature addict,3.6092E+12,rice cracker paprika
nestle,5.01148E+12,nestle nesquik cereal 375g
httpxcom,8.07681E+12,plumcake
haribo,5.01204E+12,starmix
aldi,4.0886E+12,tomato puree double concentrate
nomadic,5.39112E+12,yogurt  oats crunchy clusters chocolate
bio village marque repere,3.56471E+12,boisson noisette
ms,18166,ultimate crumpets
natures bakery,47495112900,fig bar blueberry
gullon,8.41038E+12,digestive biscuits
krokola merveilles du monde,3.77002E+12,tablette noir noisettes et amandes pilees
tastino,20065553,protein bread
kiddylicious,5.06004E+12,kiddylicious fruity bakes  fraise  132g 6x1p
nutrail,8.19562E+11,nut granola blueberry cinnamon sweet  crunchy
mccain,5.01023E+12,home chip
fry light,5.00044E+12,mild and light rapeseed oil cooking spray
suzi wan,4.00236E+12,sauce soja sans sel ajoute
kelloggs,5.05932E+12,special k granola mixed berries
valley spire,4.05649E+12,british extra mature cheddar strength 5
hacendado,8.48E+12,queso rallado especial fundir
yeo valley,5.03659E+12,fruity favourites yoghurts
the village bakery,4.0886E+12,fluffy crumpets
tesco,5.0597E+12,honey nut corn flakes
danone,34361588136,hipro
vemondo,4.05649E+12,no milk hafer 18 fett
kelloggs,5.05932E+12,crunchy nut clusters chocolate
tesco,5.05232E+12,roasted mixed nuts  salted
asda,5.05717E+12,plain breadsticks
sainsburys,1768558,5 fairtrade bananas
heinz,8.41007E+12,puree de tomates
bens,3.4874E+12,riz aux legumes du soleil
by sainsburys,487641,olive spread
aldi,4.0886E+12,spicy red kidney beans
manomasa,5.01776E+12,serrano cholli  yucatan honey
tesco,10066140,red seedless grapes
marks  spencer,29310760,corn flakes
savour bakes,4.0886E+12,salt  vinegar rice cakes
yorkshire provender,5.05605E+12,moroccan vegetable tagine soup
prime,8.5004E+11,prime meta moon
worldwide foods,4.0886E+12,wholegrain rice  quinoa
aicha,6.11102E+12,fig jam
sainsburyssainsburys,433228,red pesto
carrefour,3.56007E+12,flocons davoine complete
alimani,6.11125E+12,manyana
candy kittens,5.06038E+12,wild strawberry gourmet sweets
hacendado,8.402E+12,yogurt proteinas coco
star,6.11118E+12,moutard a lancienne
plenish,5.06036E+12,plenish barista oat
jibal,6.11125E+12,yaourt
freshona lidl lidl freshona,4.05649E+12,coconut milk light
sainsburys,497121,prosciutto by sainsburys
taste the difference sainsburys,343473,taste the difference luxury sourdough crumpets
kraft,8.7157E+12,mayonnaise
sharwoods,5.00035E+12,fine egg noodles
snack day,4.05649E+12,tortilla wraps
hovis,5.01E+12,seed sensations malted wholegrains
milbona,4.05649E+12,liegeois saveur chocolat
savour bakes,4.0886E+12,multigrain crackers
deli kitchen,5.01212E+12,sliced foccacia
emporium,4.06146E+12,halloumi
wildfarmed,5.06501E+12,seeded bread
lidl,4.05649E+12,muesli
the tofoo co,5.03447E+12,original seitan
vemondo,4.05649E+12,hafermilch barista
mars,5.90095E+12,mars
byluk,6.22301E+12,byluck
harrys,3.22886E+12,american sandwich nature
picard,3.27016E+12,pizza 4  saisons
confipote,3.02176E+12,confipote confiture allegee en sucres pot abricot 350g
elle  vire savencia,3.48034E+12,carre frais bio
belin,3.05644E+12,minizza tomate herbes de provence
rem,3.01776E+12,gouters rem parfum chocolat
le ster le patissier,3.25529E+12,madeleines longues  perles de sucre
brossard,3.66014E+12,brossard  brownie familial pepites de chocolat 285gr
bordeau chesnel savencia,3.02472E+12,rillettes du mans sans graisse ajoutee
fuze tea,5.449E+12,fuze tea
elle  vire savencia,3.45179E+12,elle  vire creme fleurette entiere 31mg brique 33cl
andros,3.04532E+12,compote de pommes morceaux
primevere,3.15525E+12,actif vegetal sans huile de palme
nestle chocapic,3.38739E+12,chocapic  strong in chocolate 
cfr coeur de lion savencia,3.17658E+12,le bon brie
lu,7.62221E+12,granola loriginal
u,3.25622E+12,chocolat noir degustation 85 de cacao tablette de 100g
dulano selection,20398972,gebraden ham  jambon roti
bonduelle,3.08368E+12,puree delice  haricots verts courgettes epinards pois creme  4 saveurs
francine,3.06811E+12,farine de ble bio
bonne maman,3.04532E+12,confiture chataigne
elle  vire,3.45179E+12,le beurre lidl 82 mg doux
geant vert,3.25447E+12,coeurs de palmiers
carrefour reflets de france,3.56007E+12,sables normands
fromagerie guilloteau pave daffinois,3.30791E+12,loriginal
belkirikiri gouter,3.07378E+12,kiri gouter 8 portions format famiial
u,3.25622E+12,petit beurre 200g
la fermiere,3.27923E+12,yaourt brasse creme de marrons 2 x 160 g
lutti,3.11674E+12,250g bubblizz lutti
herta knacki,7.61304E+12,herta knacki veggie saucisses vegetales x4 140g
findus,3.59974E+12,batonnets colin dalaska msc
jardin bio lea nature,3.30713E+12,haricots verts extrafins coupes
arla,4.01624E+12,skyr
gerble,3.17568E+12,moelleux tout chocolat sans sucres
kub or maggi,7.61303E+12,bouillon degraisse
aldi zespri catania sungold zespri,94001129,kiwi sungold
la boulangere,3.76005E+12,4 baguettes viennoises completes sans sucres ajoutes 340g
carrefour reflets de francebazin andre,3.56007E+12,veritables knacks dalsace
marie,3.16635E+12,lasagnes a la bolognaise
cote dor,7.6224E+12,lait praline double lait
jardin bio jardin bio logique,3.47882E+12,lentilles cuisinees aux petits legumes
fresh gourmet,8.41013E+12,crispy oignons original
lidlmilbonapilos,20692230,skyr natural
marque repere rustica,3.5647E+12,huile de tournesol
seeberger,4.00826E+12,cranberries gesusst
agidra,3.58028E+12,pain de mie complet
soleou,3.25981E+12,huile dolives vierge extra bio
volvic,3.05764E+12,essentiel citron pamplemouse et romarin
maison briau,3.57149E+12,la brandade de morue parmentiere
carrefour bio carrefour,3.27019E+12,ravioli vegetariens
lotus,5.41013E+12,lotus gaufre de liege chocolat au lait 363g 7x1p
liebig,3.03681E+12,veloute de potiron
saupiquet,3.16595E+12,filets de maquereaux grilles avec un trait dhuile dolive
itineraire des saveurs,3.25039E+12,houmous  ids 180g
intermarche itineraire des saveurs selection intermarche,3.25039E+12,parmigiano reggiano aop rape 12 mois lc 60g
cvc capital partners continental foods royco,3.03681E+12,bouillon a la chinoise
sos,8.41083E+12,arroz sos
liebig,3.03681E+12,delice de potiron chataigne
st michel,3.02347E+12,galettes au bon beurre
muesli crunchy,3.58028E+12,muesli crunchy
ivoria,3.25039E+12,tablette bio degustation  chocolat noir perou 85  100g
nestle nesquik,7.6101E+12,nesquik
barilla barilla piccolini,8.07681E+12,pates mini penne rigate piccolini 500g
freshona,20622374,melocoton en almibar
hacendado,8.48E+12,arandanos deshidratados
cassegrain,3.08368E+12,haricots blancs cuisines carottes et laurier
ovive,3.39278E+12,truite fumee aquitaine
hacendado,8.48E+12,palomitas pipocas microondas sal
savencia st moret,3.27277E+12,st moret leger 8 mg  bolv
ferreromixtetic tac,8.0005E+12,bonbons tic tac x110 pastilles menthe  54g
solevita lidl,4.05649E+12,jus de citron vert
auchan auchan gourmet,3.59671E+12,pain de table cereales
bonneterre,3.39641E+12,boisson vegetale a base davoine
antonio alvarez,8.43701E+12,jamon de trevelez
kelloggs special k,5.05383E+12,nuts granola  seeds
coppenrath feingeback gmbh,20036126,spiced biscuits
hacendado,8.48E+12,galletas animadas
knorrr unileverr,3.01136E+12,knorr soupe deshydratee douceur dasperges 3 portions
turinimarque repere,3.5647E+12,tortellini ricotta epinards aux oeufs frais
italiamo,20469900,pesto siciliano
nestle nestle nesquik,7.61303E+12,nestle nesquik cerealien
nestle lion,7.61304E+12,nestle lion cereales 105 kg
snack day,20121877,galletas saladas
milbona,4.05649E+12,les carres cremeux
crownfield lidl,4.05649E+12,muesli crunchy chocolat noir et noisettes grillees
vitasia,20441951,glass noodles
hacendado,8.48E+12,mostaza de dijon
nixe,20350383,filets de maquereaux a lescabeche
oreo,7.62221E+12,chocolate sandwich cookies
snacks of the world,8.7113E+12,noix de cajou non salees
cap roussetferrigno ferrigno,3.25187E+12,sardines a lhuile de tournesol
alpro,5.41119E+12,delicately smooth macchiato flavour
arvid nordquist norge as schar,8.0087E+12,curvies original gluten free
garofalo,3.70094E+12,pesto verde
liebig lieb,3.03681E+12,veloute de tomates
paulaner,4.0666E+12,paulaner spezi
mms,40111490,chocolate
roshen,4.82308E+12,dark bubble chocolate
acecrem srl acentino acetaia giuseppe cremonini srl,20148508,vinaigre balsamique de modene
milka,7.62221E+12,milka oreo
tomi,5.94149E+12,ketchup dulce
sodebo,3.24227E+12,pastabox  pates fraiches fromages italiens
innocent,5.03886E+12,as de pink
envia,4.05649E+12,creme legere liquide 12
paturages,3.25039E+12,skyr
hacendado,8.402E+12,blanco
bonduelle,3.08368E+12,haricots verts extra fins
funnyfrisch,4.00359E+12,linsen chips paprika style
terres  cereales bio,3.42156E+12,muesli croustillant chocolat proteines
carrefour bio carrefour,3.56007E+12,tartines craquantes sarrasin
sante,5.90062E+12,sante granola raspberry and strawberry
bonduelle,3.08368E+12,celeri remoulade au fromage blanc
siggis,3.02329E+12,skyr mangue passion
rugenwalder muhle,4.00041E+12,veganer schinken spicker bunte paprika
kelloggs,5.05932E+12,krave choco nut flavour
reine de dijon,3.56349E+12,moutarde de dijon
u,3.25623E+12,tartines craquantes au ble complet 250g
waitrose,5.00017E+12,greek style natural yogurt
go on,5.90062E+12,sante baton proteinowy go on kakaowy
jif,51500720011,creamy peanut butter
lovilio,20240547,mozza
nutribrex,5.06041E+12,nutribrex gluten free
lustucru lustucru selection,3.24093E+12,lustucru tortellini jambon cru 250g
aldimerevale,4.0886E+12,free range eggs medium
mcvities,50168064,penguin biscuit bar
la boulangere,3.76005E+12,brioche muffin x 5 250g
kelloggs tesco,5.05008E+12,thyme
tesco,5.01837E+12,lemon juice
accro,3.77002E+12,hache vegetal
florbu,8.41141E+12,muesli  raisin cookies 185g
quaker,5.00011E+12,oat so simple  golden syrup flavor
san nicasio,8.43602E+12,san nicasio crisps imp
stockwell  co tesco,5.05775E+12,stockwell  co muesli 1kg
lidl,4.05649E+12,sweet chilli dipping sauce
creamfields,5.05755E+12,natural yogurt
carrefour,3.56007E+12,cassonade
gullon,8.41038E+12,gullon hearts of cereal breakfast
fruypis,8.43701E+12,kaskaras pipas de girasol con sel
biona organic,5.03272E+12,organic kimchi
delacre,3.11643E+12,cookies classique
general mills,16000487727,cheerios grandkids imp
arla cravendale,5.00018E+12,semi skimmed milk
meridian,5.06013E+12,peanut butter
nature valley,8.41008E+12,protein salted caramel nut
jim jams,5.06038E+12,hazelnut chocolate spread
itsu,5.06026E+12,chicken gyoza dinner dumplings
harvest basket,4.05649E+12,susskartoffel pommes
morrisons,5.01025E+12,wheat biscuits
by sainsburys,120562,brown rice
bens,3.4874E+12,riz basmati
al boustane,6.11118E+12,nectar peche
blue dragon,5.01034E+12,rich hoisin sauce
sainsburys,1774221,tomato ketchup
innocent,5.03886E+12,super smoothie energise
alesto,4.05649E+12,soft dried figs
burton biscuits,72417162985,marylands chocolate chip cookies
kirkland signature,96619336753,peanut butter pretzels
asda,5.05717E+12,rice snaps
lidl,4.05649E+12,red pesto with sundried tomatoes
emporium,4.0886E+12,cottage cheese
marks  spencer,29308217,high protein choco crunch
kania,20018375,kania  sage  onion stuffing
specially selected,4.0886E+12,hand cooked lightly salted potato crisps
yutaka,5.01428E+12,japanese breadcrumbs panko semmelbrosel
popchips,5.00024E+12,sour cream  onion flavour potato chips
naked,5.02231E+12,blue machine
bio me,5.06085E+12,mango prebiotic yoghurt
nuts about nature,8.71053E+12,100 peanut butter
fitzgeralds,5.09908E+12,poppy seed bagels
snaktastic,4.05649E+12,hummus bites tomato and basil
special k,5.05932E+12,special k dark chocolate
lkhyrt,6.11125E+12,khayrat 200g
vemondo,4.05649E+12,vegan beetroot burgers
the northern dough co,5.06029E+12,pizza dough original
aldi,4.0886E+12,chunky chopped tomatoes
rude health,5.06012E+12,coconut drink with rice and calcium
tesco,5.0102E+12,finest scottish shortbread fingers
cucina,4.0886E+12,fusilli
fairglobe way to go,4.05649E+12,chocolat noir eclats damandes grillees  pointe de sel
cardella,8.69508E+12,fusilli
tranos,5.03896E+12,feta
arla,8.71817E+12,protein mango pouch yogurt
marks  spencer,434010,swiss chocolate extra fine dark
aknaz,6.11125E+12,fromage mozzarella
elephant,8.72061E+12,elephant
andros,3.60858E+12,confiture abricot
nestle,5.90002E+12,nestle fitness honey flavour fiber cerealien
panier de yoplait,3.32977E+12,panier de yoplait aux morceaux de fruits
crosta  mollica,5.0602E+12,almond cantucci
star,6.11118E+12,ketchup
peripella,6.11125E+12,beurre de cacahuete
crosta and mollica,5.0602E+12,amaretti
deluxelidl,4.05649E+12,super nutty granola
rafii,6.11124E+12,vitam banane
deluxe,4.05649E+12,super berry granola
hu,1.23E+12,crunchy mint dark chocolate
snickers,5.00016E+12,snickers x10
itsu,5.06096E+12,crispy seaweed thins sea salt
belvita lu,7.62221E+12,moelleux multi cereales
cocacola,5.00011E+12,cocacola original taste
danone light  free,3.03349E+12,skyr light  free
herta knacki,7.61304E+12,herta knacki saucisses 100 poulet x6  210g
jardin bio etic jardin bio lea nature,3.76002E+12,muesli chocolat noir et graines de lin
carrefour bio carrefour,3.27019E+12,petits pains grilles aux cereales
barilla harrys,3.22886E+12,doowap pepites chocolait ss additif
carrefour biocarrefour,3.56007E+12,cereales coeur fondant
carrefour,3.24541E+12,biscuits nature
tropicanar,3.50211E+12,tropicana 100 oranges pressees avec pulpe format familial 15 l
gerble,3.17568E+12,gerble myrtille sans sucres ajoutes 320g
carrefour bio carrefour,3.27019E+12,oeufs frais bio
maribel,20842994,preparation a la myrtille bio
gavottes,3.5358E+12,pate a tartiner cacao aux eclats de crepe dentelle
etorki savencia,3.22211E+12,etorki pur brebis
lipton,3.22888E+12,lipton the 5 fruits rouges 20 sachets
charles  alice,3.29776E+12,pommes poires williams sans sucre ajoute
milka,7.6224E+12,milka tendre au lait
gerble,3.17568E+12,gerble  no sugar added apricot jam 320g 113oz
pago,9.00252E+12,pago  fraise
sondeybelgix,20061166,belgian sugar waffle
knorr,3.01136E+12,knorr assaisonnement en poudre aromat tube 70g
president,3.22802E+12,emmental coeur de meule
doritos,3.16893E+12,doritos gout nature maxi format
nestle la laitiere,3.02329E+12,le yaourt citron lai
barilla,8.07681E+12,maccheroni nr 44
dakatine,3.05111E+12,pate arachide
carrefour,3.56007E+12,special crumb toast
terres et cereales,3.42156E+12,muesli croustillant fruits rouges
picard,3.27016E+12,poulet et petites pates sauce aux champignons
sodebo pasta xtrem,3.24227E+12,xtrembox  radiatori  boeuf sauce au poivre
luxlait,5.45017E+12,lait fermente
maitre jeanpierre,20331245,special mie nature
kambly,7.61006E+12,ficelles olives vertes et noires
casa azzurra,3.76006E+12,feta
j favrichon,3.1119E+12,chocolat
soignon,3.52323E+12,chevres chauds
hacendado,8.48E+12,queso fresco burgos natural
schweppes,3.12448E+12,schweppes agrum
sunbitespepsico,8.4102E+12,100 cereales integrales al toque de sal marina
lidl nixe,20094683,thon entier albacore au naturel
marque repere douceur du verger,3.5647E+12,compote de pomme
chabrior,3.25039E+12,biscottes sans sel x36
delisse marque repere,3.5647E+12,fromage frais nature 31
bjorg,3.22982E+12,galettes de riz chocolat au lait
milbona,20039639,yaourt a la vanille
cereal bio,3.17568E+12,quinoa royal  poischiches  citron confit
jardin bio lea nature,3.76002E+12,tartines craquantes sarrasin
old el paso,8.41008E+12,sauce a cuisiner fajita
picard,3.27016E+12,poelee de gnocchis tomates mozzarella
petit navire,3.01908E+12,filets de maquereaux nature
ivoria,3.25039E+12,cacao en poudre sensations pures
bio village marque repere,3.56471E+12,lait soja vanille
envia,4.05649E+12,creme dessert saveur vanille
golden sun,4.05649E+12,riz etuve cuisson rapide
st michel,3.17853E+12,st michel  madeleines moelleuses nature x32 sachets individuels  le paquet de 800g
vahine,3.17914E+12,sucre vanille
petit yoplait 0yoplait,3.32977E+12,petit yoplait 0
tourtel tourtel twist tourtel twist peche,3.08022E+12,tourtel 275 cl tourtel twist peche 00 degre alcool
cassegrain,3.08368E+12,premium auberginen
italiamo,20072483,piada sfogliata
lu,7.62221E+12,prince  biscuits fourres gout chocolat
oreo,7.6223E+12,mini oreo
petitjean,3.03835E+12,quenelles de brochet sauce nantua
biocoop,3.76012E+12,biscuit petit beurre ble cplt 15 140g
sojasun,3.27322E+12,boisson de soja a la vanille sterilisee uht
ethiquable,3.76009E+12,chocolat noir caramel pointe de sel
tictac,80052043,tic tac fresh mint
parmentier,3.01908E+12,sardines a lhuile dolive et herbes de provence
bio village,3.56471E+12,pate a tartiner aux noisettes
lotus,5.41013E+12,biscoff
marie morin,3.3729E+12,mousse au chocolat a lancienne
rio mare,8.00403E+12,thunfisch in olivenol
isola bio,8.02368E+12,lait avoine original  boisson biologique a base davoine
bonduelle,3.08368E+12,legumes et cereales cuisines patates douces edamame butternut  boulgour creme fraiche et persil
carrefour reflets de france,3.56007E+12,sardines de bretagne
hacendado,8.48E+12,lenteja pardina
amanienord fresh lidl,40879260,bonbons a leucalyptus
charles  alice,3.29776E+12,dessert gourmand chocolat
fin carre lidl,20449100,trauben nuss
milbona,20659325,bebida de almendras
kara,8.99721E+12,creme de coco bio
croco,5.94119E+12,biscuits with cocoa cream
hacendado,8.48E+12,queso grana padano rallado
chaokoh,8.85037E+12,agua de coco 100 natural
suzi wan,4.00236E+12,nouilles de riz
carrefour,3.56007E+12,choco break gout chocolat
marque repere grainea,3.56471E+12,barre aux 4 cereales et figue
monster energy,5.06034E+12,monster energy ultra
u u bio,3.25623E+12,pate a tartiner aux noisettes pot 700g
petit navire,3.76025E+12,saumon atl eleve en norvege fume
grafschafter tastino,4.05649E+12,vollkorn knackebrot
funkie,3.77001E+12,les fourrees    beurre de cacahuete  cacao
fleury michon,3.30274E+12,jambon  simplement bon a letouffee
bonduelle,3.08368E+12,pack de 3 mais bonduelle
michel  augustin,3.70124E+12,sables parmigiano reggiano
may tea,3.12448E+12,pet 12l maytea framboise
alesto,20118761,orekhi makadamiia
u,3.25623E+12,fromage blanc nature 3 mg 8x100g
brossard,3.66014E+12,brossard  savane mini dark chocolate marble cakes 210g 75oz
les croises,3.56471E+12,feta
kfc,5.94147E+12,kfc sos cu usturoi
amora,8.71052E+12,amora sauce deluxe 247g
flying goose brand,8.85366E+12,sriracha sauce mayo
bonduelle,3.08368E+12,carottes au citron de sicile
nestle san pellegrino,8.00227E+12,melograno et arancia
go onsante,5.90062E+12,peanut butter crunchy
brets,3.49792E+12,chips paysanne au sel de guerande
granarolo,8.00267E+12,latte parzialmente scremato
novi,8.00638E+12,fondentenero cioccolato extra amaro 72
herta le bon paris,3.15423E+12,herta le bon paris jambon sel reduit x6 210g
fleury michon,3.30274E+12,blanc de poulet nature sans nitrite
coop,8.00112E+12,fiocchi davena integrale
almettehochland,5.9029E+12,hochland almette soft cheese 150g
deluxe,4.05649E+12,super berry granola
ricola,7.6107E+12,50g ricola menthol
terres  cereales bio,3.42156E+12,muesli croustillant chocolat
lidl,20719401,milled chia seeds
bouton dor,3.25039E+12,omega3
oluf lorentzen as de cecco,8.00125E+12,gnocchi di patate
meridian,5.06013E+12,peanut butter crunchy
encona,50761142,encona west indian original hot pepper sauce
storcktoffifee,4.0144E+12,toffifee white chocolate
bjorg,3.22982E+12,ptit fondant coeur chocolat
gerble,6163690,croustipause choco noisette
the coca cola company,5.449E+12,fanta lemon 1l pet
tesco,5.05755E+12,white toastie
carrefour,3.56007E+12,sardines au naturel
u u bio,3.25623E+12,biscuits a lavoine complete nature bio 130g
alpro,5.41119E+12,almond drink with added calcium and vitamins
lindt,7.6104E+12,lindet choco swis dark 2yrs prod
jacquet,3.02933E+12,6 burgers nature classic
lustucru lustucru selection,3.24093E+12,lustucru girasoli tomate basilic mozzarella 250g
baresa,20164027,peeled tomatoes
bodymass,8.71884E+12,vegan protein
tropico,6.19401E+12,tropico  cocktail de fruits 
erdinger,4.0021E+12,alkoholfrei
haagendazs,3.41558E+12,salted caramel ice cream
lindor lindt lindt  sprungli,8.00334E+12,milk chocolate truffles
napolina,5.01006E+12,peeled plum tomatoes in a rich tomato juice
barilla mulino bianco,8.07681E+12,pan carre
alesto,4.05649E+12,pistachios
tesco,5.05232E+12,spanish potato and onion omelette
ultje,4.00498E+12,erdnusse gerostet  ungesalzen
sriracha hot chilli sauce,4.05649E+12,taste of thailand
old el paso,8.7272E+12,old el paso jalapenos
aldi,4.0886E+12,mango chutney
tesco,5.05232E+12,organic 6 mixed sizes free range eggs
yutaka,5.01428E+12,wakame miso soup paste 5 sachets
lindt excellence,40600022651,lindt excellence
aroyd thaiagrifoodspubliccompanylimited,16229001711,coconut milk
tesco,5.00012E+12,self raising flour
crownfield,4.05649E+12,oat flakes rolled
san benedetto,8.42936E+12,upgrade isotonico blue
co op coop,5.00013E+12,sea salt  chardonnay wine vinegar crisps
skippy,37600106252,peanut butter
peters yard,5.0602E+12,sea salt sourdough flatbreads
plenish,5.06036E+12,cashew milk
mazola,5.00023E+12,rapeseed oil
tesco,5.05291E+12,reduced fat green pesto
loyd grossman,5.00035E+12,bolognese original
the bakery at asda,5.05141E+12,wholemeal wraps
essential waitrose,5.00017E+12,essential waitrose mayonnaise
strong roots,5.39153E+12,spinach bites
biotiful dairy costellore waitrose,5.06034E+12,biotiful dairy organic kefir
mcvities,5.00017E+12,mcvities rich tea classic 2 x
heinz,5.00016E+12,heinz beans  snap pots
freshona,4.05649E+12,black beans in water
coop,5.00013E+12,white sourdough bloomer with green and kalamata olives
bottle green,5.02181E+12,ginger with a hint of lemongrass
sainsburys,61575,strong white bread flour
minor figures,5.06041E+12,everyday oat
pilgrims choice,5.01893E+12,mature cheddar
asda,5.05478E+12,chopped tomatoes
delicious desserts,4.0886E+12,custard
dr kargs,4.03363E+12,3 grains 3 seeds
warburtons,5.01004E+12,potato cakes
marks  spencer,29145270,original creamy soft cheese
cadbury,7.6222E+12,cadbury heroes
tesco,5.00012E+12,hot cross buns
sainsburys,1697063,mature british cheddar
onken,7.6109E+12,vanilla yogurt
belvitamondelez,7.62221E+12,belvita chocolate chips 30 less
sainsburys,185363,4 spicy bean quarter pounders
marks  spencer,75473,supergreen salad
morrisons,5.01053E+12,the best sea salted crisps
tesco,5.0597E+12,growers harvest microwave wholegrain rice
itsu,5.06026E+12,rice noodles chilli miso
aldi,4.06146E+12,red kidney beans
dulcesol,8.41009E+12,croissant cacao dulcesol granel
essential waitrosewaitrose,5.00017E+12,chickpeas in water
tyrrells,5.06004E+12,handcooked crisp lightly sea salted
ocean spray,31200452603,cranberry no added sugar
waitrose,5.00017E+12,dark chocolate
rana,8.00167E+12,prosciutto cotto mozzarella fresh tortelloni
pescada,6.11118E+12,pescada
aiguebelle,6.11102E+12,pepite chocolat
sauce shop,5.0606E+12,tomato ketchup
the fishmonger aldi,4.0886E+12,10 breaded cod fish fingers
aldi,4.0886E+12,passata rustica  basil and oregano
jordans,5.01048E+12,apple  berry no added sugar granola
alpro,5.41119E+12,plant protein chocolate flavour soya  pea
ms,423946,ciabatta rolls
vemondo,4.05649E+12,bio hafer creme
mms,5.00016E+12,peanut chocolate treat bag
plants,5.06048E+12,creamy chocolate and hazelnut butter
kaiser,6.11125E+12,kaiser
sainsburys,1304336,wholegrain mustard 180g
fanta,90377204,fanta
star,6.11118E+12,sauce salade originale
envia lidl,4.05649E+12,dessert vegetal nature au lait de coco
mayflower,5.01952E+12,medium curry mix
president,3.15525E+12,beurre doux 60
doritos,3.16893E+12,sweet chilli pepper
saida,6.19401E+12,major gout vanille 
sainsburys,1138061,stonebaked ciabatta
lidl,4.05649E+12,olivenol
organix,5.02412E+12,organix goodies animal biscuits  100g
petit navire,3.01909E+12,filets de maquereaux nature
organix,5.02412E+12,organix carrot cake oats bars
chergui,6.11113E+12,daya  avocat kbir
activia,6.11103E+12,6.11103E+12
trader joes,2.00605E+12,melange de fruits secs
pilos,4.05649E+12,creme dessert saveur vanille
alesto,4.05649E+12,soft pitted apricots
la boulangere,3.76005E+12,brioche tranchee au skyr 450g
takis bimbo,8.4126E+12,dragon sweet chili
bakery co,94360010151,bagels
charles vignon,3.1119E+12,muesli bio croustillant amande vanille
envia,20669386,beurre tendre doux
danao,3.66151E+12,danao peche abricot
carrefour bio carrefour,3.56007E+12,100 pur jus pomme
carrefour bio,3.56007E+12,galleta de mantequilla con tableta de chocolate con leche
kelloggs extra,5.05383E+12,barres de cereales extra kelloggs miel  4x32g
carrefour,3.56007E+12,stylesse nature
carrefour,3.56007E+12,olives vertes denoyautees
bio villagemarque repere,3.56471E+12,flocons davoine
lu,3.39246E+12,pain grille palletier
aachener zucker und backwaren paul schaeffer lidl sondey,20435684,biscuits complets avoine et ble bio
lipton,3.50211E+12,lipton ice tea saveur peche
carrefour,3.56007E+12,yaourt nature
u,3.25622E+12,fromage pasteurise emmental francais rape 29mg 200g
ferrero kinder mixte,8.0005E+12,barre chocolatee kinder bueno chocolat au lait x6  258g
balisto,5.00016E+12,balisto miel amandes x9
marque repererustica,3.5647E+12,huile de colza
u,3.25622E+12,pain de mie sandwich complet 825g
dolce gustonescafenestle,7.61303E+12,cafe au lait
happy bio,3.27312E+12,graines de chia
la fermiere,3.27923E+12,riz au lait
activia activia yoghurt nature danone,3.03349E+12,activia bifidus brasse nature 125 g x 8
carrefour,3.27019E+12,petits pains grilles
ptit deli marque repere,3.5647E+12,sesame pavot
carrefour,3.56007E+12,tartibon nature
ricola,7.6107E+12,infuselle bonne nuit
benenuts pepsico,3.16893E+12,cacahuetes grillees a sec
alter eco,3.70021E+12,republique dominicaine 80
norma toque du chef,20068066,bluten honig
chabrior,3.25039E+12,petit beurre
banania,3.70028E+12,banania original
general mills old el paso,8.41008E+12,tortilla chips chili
hacendado,8.48E+12,cacahuete tostado 0 sal anadida
le moulin du pivert,3.26835E+12,biscottes a la farine depautre
ricola,7.6107E+12,orange menthe
carrefour,3.24541E+12,sticks et bretzels
conaxess trade norway storck,4.0144E+12,werthers original drops sukkerfri 42g
soy,3.25901E+12,tofou fume au bois de hetre
envia,20681999,petits suisses
chabrior,3.25039E+12,muesli crisp 5 fruits 500g
royco,3.03681E+12,creme dasperge
bimbo,8.4126E+12,pan de molde sin corteza
carrefour biocarrefour,3.56007E+12,tartines croustillantes au seigle
marque repere tables du monde,3.5647E+12,lait de coco
ethiquable,3.76009E+12,chocolat noir quinoa
twinings,5.05595E+12,twinning the vert menthe
carrefour,3.56007E+12,moutarde a lancienne
famille michaud,3.08854E+12,miel de fleurs
lidlsondeyflamische keksfabrik,20042905,petit beurre
connetable,3.26367E+12,sardines in extra virgin olive oil
aloi,8.71286E+12,aloe vera drink
nissin,5.99752E+12,soba cup noodles quotteriyakiquot
carrefour,3.56007E+12,oui au bon  le carre cremeux
soignon,3.52323E+12,yaourt au lait de chevre
ethiquable,3.76028E+12,chocolat gianduja
ww weight watchers,3.16635E+12,cannelloni ricotta et epinards
alesto lidl,20534462,sift figs
fanta,5.449E+12,fanta citron 33cl
hacendado,8.48E+12,alubia blanca
bio village marque repere,3.56471E+12,pain complet au seigle bio
lidlmilbona,20337223,queso fresco batido quark
envia,4.05649E+12,yaourts a la grecque lit de fraise
benenuts plaisir brut,3.16893E+12,benenuts plaisir brut melange de noix amandes noix cajous noisettes
aroyd,8.85161E+12,kokosovoe moloko
milbona privatmolkerei bechtel,20089344,korniger frischkase
whaou ,3.32268E+12,crepes chocolat x 15
goldahrenlieken,4.06146E+12,vollkornsandwich
bouton dor,3.25039E+12,tuiles gout sale
le pain des fleurs,3.38038E+12,tartines craquantes sarrasin
fleury michon,3.30275E+12,le kebab de poulet et sa semoule a lorientale
hacendado,8.48E+12,crema verduras
connetable,3.26367E+12,sardines
ricola,7.6107E+12,schweizer krauterbonbon
central lechera asturiana,8.4103E+12,leche entera de vaca
intermarche regain regain bio,3.25039E+12,boisson soja chocolat bio 1l
clipper,5.02199E+12,marchand de sable
isostar,3.17568E+12,cereal max energy noisette chocolat
saupiquet,3.16595E+12,thon entier nature
ja,4.38881E+12,naturliches mineralwasser still
hacendado,8.48E+12,antioxidante
ikea,1.10309E+12,ekologisk sylt lingon
vita dor,20013639,magarine
gullon,8.41038E+12,digestivo 33 menos grasa
ducros,3.1663E+12,moulin 5 baies
herta,3.15423E+12,herta blanc poulet broche conservation sans nitrite x4 140g
lipton,6.22105E+12,yellow label tea
tien shan,3.22982E+12,nouilles de ble instantanees saveur poulet
august topfer amp co belbake,4.05649E+12,noix de coco rapee belbake
corny,8.41018E+12,corny 0 azucar anadido
monique ranou,3.25039E+12,jambon sup dd csn tsr 4t 140g
ikea,1.30237E+12,rostad lok
mcennedy,20042431,mikrowellen popcorn salzig
brets,3.49792E+12,chips saveur aioli
ferrarelle,80134091,acqua minerale
mister choc,20016388,cacao creme
aldi karwendel milsani,4.06146E+12,skyr
lidl,4.05649E+12,crunchy erdnuss butter
milkamondelez,7.62221E+12,choco sticks
freshona,20004392,crinkle cut beetroot in sweetened vinegar
rama,8.7192E+12,cremefine zum kochen 15 fett
cooperative isigny sainte mere,3.25455E+12,creme fouettee a la vanille de madagascar
golden sun,4.05649E+12,couscous moyen golden sun
balconi,80602316,mixmax
mike mitchells penny,20166076,erdnussbutter creamy
pilos,20761776,kiselo mliako po grtska retsepta
cheetos,8.4102E+12,cheetos sticks
sojasun,3.27322E+12,dessert au soja caramel pointe de sel
lidl,20978105,tartine croustillantes
pringles pringles  kellogg,5.05399E+12,hot  spicy
daucy,3.0178E+12,pois chiches hve bien cultives daucy 250g
pitch,3.25655E+12,brioches barre chocolat au lait
kirkland signature,96619676811,almond butter
hacendado,8.48E+12,tarta de queso
herta,3.15423E+12,herta lardons fumes 200g
galbusera,8.00219E+12,belle buone
galbusera,8.00219E+12,buoni cosi
leonce blanc,3.17406E+12,confiture 4 agrumes
herta tarte en or,3.15423E+12,herta tarte en or pate feuilletee rectangulaire 230g
harrys,3.22886E+12,pain de mie 100 mie harrys epaisse nature 500g
herta le bon paris,3.15423E+12,herta le bon paris jambon fume sans nitrite x4  140g
le moulin du pivert,3.26835E+12,sables equilibre noisette
lipton,9.00014E+12,lipton citron ice tea
lidl,4.05649E+12,caldo de pollo
pecheries basques,3.4567E+12,truite des pyrenees fumee
grunlander,4.00247E+12,kase grunlander mild  nussig das original
kiri,3.07378E+12,kiri bio
milka,7.62221E+12,milka oreo
four seasons,4.0886E+12,cannellini beans in water
butterkist,5.00024E+12,sweet  salty
john west,5.00017E+12,wild pacific red salmon
hacendado,8.48E+12,fibra sticks
croustipate,3.39259E+12,pate feuilletee beurre frais
by sainsburys,369626,clear honey
tesco,5.00012E+12,orange juice smooth from concentrate
harvest morn,4.0886E+12,protein granola apricot  cranberry
jordans,5.01048E+12,crunchy oat granola tropical fruits
burn,5.06047E+12,burn
dash,5.06049E+12,british sparkling spring water raspberries
aldi,4.0886E+12,butter beans
heinz,13000006057,tomato ketchup
royco,3.03682E+12,veloute tomates
panzani,3.03835E+12,panzani sce tomacouli nature bio 265g
sainsburys tilda,5.01116E+12,tilda coconut basmati rice
general millscheerios,16000435094,original cheerios
hellmanns,8.7112E+12,organic mayonnaise
danone,34361482953,hipro
meadow fresh,20843434,reduced fat homous
nakd,5.06009E+12,cashew cookie raw fruit  nut wholefoodbars
tesco,5.00012E+12,baked beans in tomato sauce
montezumas,5.06072E+12,smooth operator milk chocolate
bisto,5.00035E+12,bisto best
le berger lry,6.11125E+12,ricotta
oasis,3.12448E+12,oasis ice tea saveur peche
jacobs jacobs,5.00017E+12,mini cheddars
tesco,5.00036E+12,aromatic  fluffy basmati rice 250g pack
danone alpro,5.41119E+12,strawberry banana peach pear
lindt lindt  sprungli,8.01311E+12,krem ot tmen shokolad
baresa,4.05649E+12,wholewheat spaghetti
asda,20336929,classic cream crackers
freshona,4.05649E+12,cannellini beans in water
rowse,5.01127E+12,rowse organic honey
aldi,4.0886E+12,golden vegetable rice
brets,3.49792E+12,chips saveur miel moutarde
new york bakery co,5.0183E+12,red onion  chive bagels
green  blacks,7.62221E+12,blacks organic white chocolate bar
great food affairs,5.03741E+12,bruschetta garlic  parsley
st pierre,5.02795E+12,seeded brioche burger buns
specially selected aldi,4.0886E+12,west country butter
by sainsburys,251303,rice pops
crosse  blackwell,5.00023E+12,chicken and vegetable lidl soup
walkers,5.00033E+12,salt  shake potato crisps
cucina,4.0886E+12,peeled plum tomatoes
popchips,5.00024E+12,popped potato snacks
tesco,3257012,blueberries
aldi cucina,4.0886E+12,pesto sun dried tomato
tukas,8.69051E+12,tukas tomato paste
tesco,5.05018E+12,pitted black olives
harvest morn,4.0886E+12,crisp rice
asda,5.05717E+12,houmous
warburtons,5.01004E+12,malted grain  seeds
danone,6.11103E+12,yaourt brasse vanille
lidl,4.05649E+12,cappuccino gout chocolat
old el paso,46000283234,thick  chunky salsa mild
cofresh,5.02649E+12,bombay mix
aldi,4.0886E+12,sundried tomatoes italian antipasti
promise gluten free,5.39153E+12,multigrain loaf
alesto,4.05649E+12,dry roasted peanuts
snaptastic,20214043,ready salted
grandessa,4.0886E+12,crunchy peanut butter
flora,8.7192E+12,flora proactiv buttery taste
hovis,5.01E+12,hovis granary
nestle,8.44529E+12,babicao
asda,21069703,green pesto
loyd grossman,5.00035E+12,tomato  chilli
st pierre,5.02795E+12,4 burger buns
by sainsburys,405249,nutty granola
marks  spencer,29308835,multigrain hoops
mondelez,7.6222E+12,philadelphia vegetale
dulcinea,8.41051E+12,soluble al cacao
aiguebelle,6.11102E+12,chocolat au lait
hacenado,8.402E+12,mermelada arandanos
bramwells,4.06146E+12,tomato ketchup
sojasun,3.27322E+12,skyr vegetal nature
morrisons,5.01053E+12,soft cheese
jibal,6.11125E+12,yaourt a boir
lesieur,6.13535E+12,mywnyz lzywr
tesco,5.05353E+12,hash browns
tesco,5.05775E+12,organic red kidney beans in water
panda,75172079123,natural original liquorice 4 bars
marks  spencer,196819,pasta spinach  pine kernels
jibal,6.11125E+12,lben jibal450
lidl crownfield,4.05649E+12,granola super nutty
mulino bianco,8.07681E+12,cioccoavena
gullon,8.41038E+12,biscotti al cioccolato
sainsburys,392785,peruvian dark milk chocolate
aldi,5.20241E+12,greek feta cheese
walkers,39047011922,oat shortbread
happyvore,3.76032E+12,hache vegetal et gourmand
taste of,4.05649E+12,red split lentils
vergers gourmands,4.05649E+12,bio pommes
nexba,5.06077E+12,kombucha fraise et peche
dmbio,4.06645E+12,dm bio linsenwaffeln 100g 135eur 1kg 1350eur
graze,5.05596E+12,sea salt and pepper protein nut crunch
albane best milk,6.11127E+12,lben pasteurise
savour bakes,4.0886E+12,wheat crackers
pringles,5.05399E+12,pringles hot smokin bbq ribs flavour
roshen,4.82308E+12,napolitane
bjorg,3.22982E+12,nappes lait
lays,3.16893E+12,chips saveur barbecue
harvest morn,4.06146E+12,protein granola berry
excelo,6.11126E+12,sergio pate a tartiner
assylor,6.11125E+12,maxi tacos wrap
chergui,6.11113E+12,data
banania,3.70028E+12,pate a tartiner banania
st michel,3.17853E+12,petit beurre
carrefour bio carrefour,3.56007E+12,croustillant nature
bel kiri kiri gouter,3.07378E+12,kirir gouter 5 barquettes
baresa,20069490,pesto alla genovese
milka,7.62221E+12,chocolat brownie
chene dargent lidl,20024901,buche
bonne maman,3.17853E+12,sables framboise sesame
crownfieldlidlnordgetreide,20621377,choco shells
marque repere epi dor,3.5647E+12,pain de mie grandes tranches 7 cereales
lorina,3.55172E+12,1l limonade artisanal lorina
benedicta,3.6606E+12,sauce au poivre
casa azzurra cipf codipal,3.76006E+12,mozzarella
brossard,3.08886E+12,30 boudoirs 175g
ferrero kinder,4.0084E+12,kinderriegel
cereal bio,3.17568E+12,quinoa au naturel
cassegrain,3.08368E+12,petits pois
saint agur savencia,3.22211E+12,saint agur creme format maxi
knorr,3.01136E+12,knorr soupe deshydratee passee aux 9 legumes 4 portions
blini,3.29207E+12,tarama aux oeufs de cabillaud
ehrmann,4.00297E+12,high protein chocolate pudding
panzani,3.03835E+12,panzani torti 3 minutes 500g
sodebo salade  compagnie,3.24227E+12,salade  compagnie  stockholm
u u bio,3.25622E+12,petits pains grilles au froment  225g
cereal bio,3.17568E+12,pain complet de seigle aux graines de tournesol
marque repere tradilege,3.66111E+12,jambon superieur sans nitrite
marque repere rustica,3.5647E+12,vinaigre balsamique de modene
haribo,3.10322E+12,haribo pik
picard,3.27016E+12,eminces de poulet conchiglie completes et legumes a litalienne
mms mars mars chocolat mars chocolat france,5.00016E+12,mms  peanut
dipa moser roth,26039695,chocolat degustation 70 cacao
daunat,3.36765E+12,salade thon oeuf crudites
nestle,3.02329E+12,la laitiere  gateau de riz au caramel
les 2 vaches,3.66134E+12,brasse jus de citron
lesieur,3.26547E+12,huile isio 4 olive
coraya,3.27617E+12,supremes au gout de crabe
marque repere epi dor,3.5647E+12,petits pains grilles froment
bimbo,8.4126E+12,pao de forma
carrefour,3.56007E+12,comte
dr oetker,3.01893E+12,ancel bretzel dalsace mini
paysan breton,3.41229E+12,butter gesalzen
paturages selection intermarche,3.25039E+12,naturais 300g
jardin bio lea nature,3.76002E+12,sirop dagave
nos regions ont du talent,3.56471E+12,4 galettes de bretagne au sarrasin
chabriorselection intermarche,3.25039E+12,petits pains grilles sans sucres ajoutes
gayelord hauser,3.22982E+12,shirataki de konjac
magasins u,3.25622E+12,yaourt nature a la grecque 4x150g
carrefour,3.24541E+12,noix de cajou grillees
rians,3.18467E+12,le crottin de chevre
picard,3.27016E+12,lasagnes saumon epinard
marque repere les croises,3.5647E+12,beurre de bretagne doux
pere dodu,3.59669E+12,escalope cordon bleu au comte
bio village marque repere,3.56471E+12,torsades completes
maille,8.7121E+12,moutarde au miel pot
paturages selection intermarche,3.25039E+12,comte 6 mois aop lc 350g
kaoka,3.47773E+12,chocolat noir 80  equateur
jacquet,3.02933E+12,pain de mie
carrefour,3.56007E+12,crackers aux graines de courge lin et sesame
carrefourselection carrefour,3.27019E+12,eclats de feves de cacao noir
paturages,3.25039E+12,yaourt a la grecque nature 4x150g
lune de miel,3.08854E+12,lait de nos fermes
carrefour,3.56007E+12,thon entier au naturel
winarom,20724672,moutarde a lancienne
suchard suchard rocher,3.66435E+12,rocher suchard noir
planta fin,8.7192E+12,cuisson pratique
hacendado,8.48E+12,leche semidesnatada
danoneyopro,8.4105E+12,protein drink raspberry flavour
schar,8.0087E+12,butterkekse glutenfrei
kinder ferrero,8.0005E+12,kinder bueno mini
hacendado,8.48E+12,tomate frito sin azucares anadidos
gerlinea,3.17568E+12,repas equilibre barre saveur pomme framboise
nestle ricore,7.61304E+12,ricore original cafe  chicoree recharge de 260g
fleury michon,3.09576E+12,le torchon  cuit a letouffee   25 de sel
fin carre lidl,20488703,crusti choc
danone,8.4105E+12,yogurt
carrefour biocarrefour,3.56007E+12,tortilla chips classic
casa tarradellas,8.41076E+12,espetec
aldi aldi moser roth moser roth,4.06146E+12,susses schokolade edelbitter 85
picard,3.27016E+12,pancakes
le jardin de corentin,3.33072E+12,pate a tartiner noisette cacao
almettehochland,4.00247E+12,almette  krauter
lays,8.4102E+12,horno al punto de sal
bellarom fin carre,20005818,chocolat lait noisettes entieres
sodebo,3.24227E+12,sandwich le mega thon oeuf x3  pain viennois
ya,3.76019E+12,coco nature
brets,3.49791E+12,loriginale
sun,3.06823E+12,amandes entieres decortiquees
fritzkola,4.26011E+12,fritzkola original
deluxelidlnovandie,20281151,creme brulee
hacendado,8.48E+12,batido proteinas whey hacendado
tastino,20006167,fette croccanti con sesamo
marque repere pomlisse,3.5647E+12,chips pomlisse
harico,3.76026E+12,galettes de lentilles vertes courgette menthe
hacendado,8.48E+12,leche entera
picard,3.27016E+12,2 dos de cabillaud facon fish and chips
golden sun,20364625,reis  basmati reis
la pastilla samia,3.27665E+12,feuilles de brick
barilla mulino bianco,8.07681E+12,primizie
auchan auchan gourmet,3.59671E+12,pain tranche au seigle
carrefour bio carrefour,3.56007E+12,mouline aux legumes
rocchetta,8.00925E+12,rocchetta naturale
kinder,4.0084E+12,maxi king
hacendado,8.48E+12,mantequilla con sal
crownfield lidl,20080655,barritas muesli chocolate
hacendado,8.48E+12,mango deshidratado
marque repere grainea,3.56471E+12,granola
pascual,8.41013E+12,bifrutas tropical
nature valley,8.41008E+12,crunchy avena y miel
pearl river bridge guandong pro bio tech,6.92118E+12,pearl river bridge soy sauce
nestle,59945383,nescafe 3in1 original
bimbo,8.4126E+12,bagels semillas 88
harrys harrys,3.22886E+12,harrys pain de mie extra moelleux complet sans sucres ajoutes 500g
borggrevewintertraum,4.06146E+12,gewurzspekulatius
lays,8.7104E+12,naturel chips
marque repere ptit deli,3.56471E+12,croc break
grainea,3.56471E+12,grainea abricot barres aux 5 cereales maisble seigle riz  x 6 barres
gullon,8.41038E+12,sandwich de avellana con avena y chips de chocolate vitalday
logismose,5.71351E+12,skyr nature
lays,8.4102E+12,gourmet original
carrefour bio carrefour,3.56007E+12,muesli fruits
gran pavesi pavesi,8.01336E+12,gran pavesi crackers
the original oatly,7.39438E+12,oatly hafer barista edition
les 2 vaches,3.66134E+12,skyr bio vanille
amora,8.72018E+12,amora moutarde miforte 260g
lipton,8.72061E+12,infuse a froid pecheframboise
carrefour original carrefour,3.56007E+12,yaourt grec
gullon,8.41038E+12,gullon cookies
danone,3.03349E+12,light  free
u,3.25623E+12,tartines grillees craquantes au froment 250g
lidl toque du chef,4.05649E+12,hachis parmentier les classiques du chef
nestle,11117780,dark chocolate covered pretzels with peppermint pieces peppermint
carrefour,3.56007E+12,biscuits epeautre et sesame
go on,5.90062E+12,baton protein waniliowy
lidl nixe,4.05649E+12,tunfisch filets in sonnenblume
kelloggs,5.05932E+12,apricot wheats
cauvin,3.33659E+12,lolive vierge extra
lidl,20978082,whole nut smooth peanut butter
biona,5.03272E+12,sauerkraut
solevita,4.05649E+12,bio ginger turmeric shot
stockwell  co,5.05775E+12,roasted  salted cashews
president,3.22802E+12,labne
lovilio milbona,20053475,gorgonzola dop piccante
essential waitrosewaitrose,5.00017E+12,malted wheats
knorr,8.71257E+12,intense rich beef
ktc,5.01364E+12,chopped tomatoes in tomato sauce
amoy,5.00011E+12,udon
cidacoshacendado,8.48E+12,tomate pelado troceado
onken,7.6109E+12,strawberry
tagine,6.11124E+12,sardines a lhuile de soja aux legumes piment et epices
carrefour,3.56007E+12,85 cacao noir
bonne maman,3.04532E+12,bonne maman black cherry conserve 370g
tesco,5.01837E+12,tesco sardines in tomato sauce
ritter sport,4.00042E+12,schokolade halbbitter
kelloggs,5.05932E+12,special k
mister freed,5.06037E+12,tortilla chips avocado guacamole flavour
tesco,5.05737E+12,free from green pesto
four seasons,4.0886E+12,taco mixed beans
brooklea,4.0886E+12,greek style fat free natural yogurt
sainsburysby sainsburys,1454437,12 free range british eggs
coop,5.00013E+12,co op wholemeal toastie
nomadic,5.39112E+12,yogurt and oat clusters
pip  nut,5.06037E+12,smooth almond butter
lorenz,4.01808E+12,crunchips paprika
vermondo,4.05649E+12,soy original
tesco,5.05737E+12,wholewheat spaghetti cooked
vemondo,4.05649E+12,tofu al naturale
co op,5.00013E+12,lightly salted tortilla chips
doves farm,5.01177E+12,quick yeast
merchant gourmet,5.0181E+12,jamaicanstyle grains  pulses
pombar funnyfrisch,4.00052E+12,pombar original
sainsburys sainsburys basics,1292619,basics clear honey
baxters,5.01243E+12,chicken broth
simply sumptuous,20472610,muesli berries  cherries
warburtons,5.01004E+12,toasting muffins
lidl,20071974,basmati rice raw
aldi,4.0886E+12,pesto rosso
higgidyfamilykitchen,5.00012E+12,veggie fingers
vico,3.33697E+12,amandes non grillees
tesco,5.05101E+12,organic extra virgin olive oil
by sainsburys,358484,baked beans
entrepinares,8.48E+12,queso en lonchas de vaca
nestle,5.90002E+12,go free gluten free corn flakes imp
tesco,5.05353E+12,tesco whole pickled gherkins in spirit vinegar
sainsburys,64491,sunflower oil
doritos,6.22103E+12,doritos gout sweet chili pepper
la vieja fabrica,8.41013E+12,seville orange marmalade
haagendazs,3.41558E+12,belgian chocolate ice cream
lays,28400199148,classic
oatly,7.39438E+12,hafermilch voll
the spice tailor,5.05268E+12,delicate korma curry
tesco,5.05797E+12,stone baked margherita pizza
crunchmaster,8.7989E+11,multigrain crackers 6seed
nestle,7.61303E+12,dulce de leche la lechera
daucy,3.0178E+12,courgettes cuisinees a la provencale daucy 380g
ethiquable,3.76028E+12,pur cacao non sucre
candy kittens,5.06038E+12,sour watermelon
jibal,6.11125E+12,yaourt
deluxe,20574338,creamy coleslaw
asda,5.05407E+12,pitta breads
tesco,5.0597E+12,soya alternative to greek style yogurt
aldi,4.0886E+12,indian style grains
mousline,3.76038E+12,puree
nestle,7.61304E+12,full cream sweetened condensed milk
philadelphia,7.6222E+12,philadelphia garlic  herbs www for delicious vis
crownfield lidl,4.05649E+12,flakes fruits rouges
sainsburys,494625,extra smooth houmous
aldi,4.06146E+12,bran flakes harvest morn
late july late july snacks,8.15099E+11,sea salt thin  crispy restaurant style tortilla chips
cardella,8.69508E+12,penne rigate
asda extra special,5.05717E+12,extra special mixed seed sourdough
tiffany,6.291E+12,team up
sainsburys,1221008,cream of tomato soup
alesto,4.05649E+12,pasas sultanas
nestle,8.44529E+12,coffee mate
tesco,5.0597E+12,ready rolled puff pastry
jaouda,6.11127E+12,le nature
blue band,8.7192E+12,goede start
deluxe,4.05649E+12,olivenol
rigoni di asiago,8.05258E+12,nocciolata
tesco finest,5.0597E+12,wiltshire cured ham
glico lu mikado mondelez,7.6222E+12,mikado
lidl,4.33562E+12,choco nussa
aldi,4.0886E+12,pitted dates
aldi,4.06146E+12,british mature cheddar
marks  spencer,29398003,dark milk chocolate with blood orange
excelo,6.11126E+12,6.11126E+12
belvita lu,3.01776E+12,belvita petitdejeuner original
brioche pasquier,3.18218E+12,grilletine cereales et graines x18
bjorg,3.22982E+12,lentilles carottes
picard,3.27016E+12,poelee de legumes a la provencale
bonne maman,3.17853E+12,cookies chocolat noisettes
carrefour,3.27019E+12,muesli  co 7 fruits secs
gerble,3.17568E+12,framboise sans sucres ajoutes
charles  alice,3.29776E+12,pommes  sans sucres ajoutes
knorr,7.6111E+12,aromat
nestle fitness,3.38739E+12,original nature
tropicana,3.50211E+12,tropicana clementine 1 l
cereal bio,3.17568E+12,les galettes boulgour  roquefort  figues
lu,7.62221E+12,petit lu beurre  sel de guerande
bjorg,3.22982E+12,soja chocolat
carrefour,3.56007E+12,confiture fraises
nature de france,3.42221E+12,nuggets de poulet bio
bio knorr,8.7141E+12,knorr bio bouillon saveur legumes 6 tablettes 60g
regilait,3.04393E+12,lait ecreme en poudre
william saurin,3.04958E+12,les saucisse aux lentilles
pure via,3.32976E+12,confiture de fraise
kuhne,4.0122E+12,gurkentopf
petit navire,3.01908E+12,emiette de thon le marine citron  thym
henaff,3.53758E+12,le pate de porc henaff
u,3.25622E+12,cereales muesli croustillant aux fruits rouges doypack de 500g
carrefour,3.27019E+12,taboule oriental pointe de menthe
envia,20712044,beurre bio doux 250g
bonduelle,3.08368E+12,mais sans residu de pesticides
la fermiere,3.27923E+12,mousse intense chocolat noir du perou 2 x 80 g
cruesli pepsico quaker,3.16893E+12,quaker cruesli chocolat au lait maxi format
gerble,3.17568E+12,biscuit cacaote fourre saveur vanille
nestea,5.449E+12,nestea limon
puget,3.26548E+12,huile dolive  squeeze
connetable,3.26367E+12,foie de morue fume au bois de hetre
picard,3.27016E+12,colin dalaska au citron et au basilic risotto verde
maribel,20114701,merunkovy dzem
cereal bio,3.17568E+12,boulghour de ble a la tunisienne au razelhanout
fleury michon,3.09575E+12,blanc de dinde   25 de sel
bonne maman,3.60858E+12,riz au lait a la vanille naturelle
sodebo cremiobox,3.24227E+12,cremiobox  poulet  emmental rape
heinz,8.7157E+12,sauce american burger
actimel danone,3.03349E+12,actimel original nature
terra delyssa,6.19151E+12,huile dolive vierge extra
liebig,3.03681E+12,veloute de potiron
lucien georgelin,3.33072E+12,4 agrumes
ovomaltine,7.6121E+12,ovomaltine crunchy
alter eco,3.70021E+12,noir quinoa souffle
twinings,5.05595E+12,the earl grey coffret
haribo,3.10322E+12,200g starmint haribo
hacendado,8.48E+12,yogur natural 0
connetable,3.26367E+12,sardines genereuses a la tomate sans huile
itineraire des saveurs,3.25039E+12,sel fin de guerande
snack day,20063399,nature tortilla
fanta the cocacola company,5.449E+12,fanta limon
harrys,3.22885E+12,pain de mie longue conservation
lu,5.41004E+12,tuc sour cream  onion
cite marine,3.4925E+12,filets de colin dalaska msc panes  220g  frais
soy,3.25901E+12,lauthentique vegan
maitre prunille,3.50249E+12,pruneaux dagen denoyautes
bio village marque repere,3.56471E+12,miel liquide
delisse marque repere,3.5647E+12,delisse  lait demiecreme
saveurs de nos regions,20290009,crema spalmabile alla caramella mou
intersnack vico,3.33697E+12,vico la classique 400g
soignon,3.52323E+12,tranches de chevre
monster energy,5.06034E+12,bebida energetica ultra zero
elle  vire savencia,3.45179E+12,elle  vire sauce bechamel poche 33cl
les patissadesaldi,26073651,10 pains au lait
elpozo,8.41084E+12,fuetec original
chabrior regain,3.25039E+12,crackers 3 graines  bio
nestle,7.61303E+12,caro landkaffee
ww weight watchers,3.24883E+12,blanquette de poulet
suzi wan,4.00236E+12,sauce aigre douce suzi wan 330g
kikkoman,8.71504E+12,sauce yakitori
sprite the cocacola company,5.449E+12,sprait
roycocampbells,3.03681E+12,bouillon volaille vermicelles
kolln,4.00054E+12,fruchte hafermusli
ducros,3.16629E+12,paprika doux
soy,3.25901E+12,tempeh a cuisiner
cheetos,3.16893E+12,cheetos gout fromage
bouton dor les mousquetaires selection des mousquetaires,3.25039E+12,bor cornichons ef bc 360 g
carapelli,8.00247E+12,vinaigre balsamique
milbona,20082857,frischkase der sahnige
marque repere tablier blanc,3.5647E+12,farine de ble t45
pagen,7.31107E+12,krisprolls complets
lu mondelez,7.62221E+12,prince
lutti,3.11674E+12,lutti best fizz tubo 550g
valor,8.41011E+12,chocolate puro
top budget,3.41028E+12,sucre sachet poudre 1 kg
alpro,5.41119E+12,cuisine soja 15 mg
milka,76222276,leo
hacendado montesinos,8.48E+12,queso de cabra
alsy valblanc,26065557,fromage blanc 31
regain regain bio,3.25039E+12,galettes de mais bio
noel,8.41078E+12,jamon cocido extra
mutti,8.00511E+12,passierte tomaten
7 days,5.20136E+12,croissant with cocoa filling
delissemarque repere,3.5647E+12,lait facile a digerer
gallina blanca,8.4103E+12,yakisoba classic
lidl,20160326,choco nussa
hacendado,8.48E+12,linnea v chocolate leche
bouton dor,3.25039E+12,tuiles saveur creme oignon
innocent,5.03886E+12,super smoothie defense
nestle,3.02329E+12,le viennois
marie,3.24883E+12,cordon bleu de dinde et coquillettes a lemmental
hacendado,8.48E+12,lentejas a la jardinera
cereal bio,3.17568E+12,dahl
hacendado,8.48E+12,producto de arroz extrusionado con chocolate con leche
eridanous,20171742,cretan blossom honey
snack day,20005627,bastoncini salati
delta,5.20104E+12,yaourt grec 0
bega,9.35204E+12,vegemite
cocacola,54490086,original taste
lays,8.7104E+12,lays oven baked roasted paprika
belvitamondelez,7.62221E+12,belvita muesli
chio,3.57706E+12,micro popcorn sare
huy fong foods inc,24463061095,sriracha hot chili sauce
toque du chef,4.05649E+12,galettes pois fromage epinards
matinal,5.60372E+12,manteiga magra
nestle fitness,7.61329E+12,nestle fitness chocolat noir cereales 450g
fin carre,20884604,lait amandes caramelisees
calve,8.7112E+12,pindakaas
hacendado,8.48E+12,burrata
galbani,8.00043E+12,burrata
bouton dor,3.25039E+12,hulie dolive vierge extra
heinz,5.00016E+12,beanz baked beans with pork sausages
balconi,80635789,mix milk
fleury michon,3.30274E+12,blanc de poulet  dore au four
trader joes aldi,2.00605E+12,beurre de cacahuetes crunchy
hacendado,8.48E+12,tabule oriental
carrefour classic carrefour,3.56007E+12,maxi tranches complet
lidl,20086862,fig rolls
mccain,8.71044E+12,frites de patate douce
gullon,8.41038E+12,bio organic
galbusera,8.00219E+12,magretti
shar glutenfree,6137964,chocolate and hazelnut cake
cuveco as fevertree,5.06011E+12,fever tree premium tonic 05l
campo largo,4.05649E+12,garbanzos categoria extra
ktc,5.01364E+12,100 pure coconut oil
hellmanns,8.72018E+12,hellmans original mayonnaise
combino,4.05649E+12,pesto
tamara,2.00605E+12,miel de fleurs
suzi wan,4.00236E+12,chips a la crevette
lidl,4.05649E+12,tarte poireaux
nestle nesquik,7.61303E+12,nesquik chocolate flavour
carrefour bio carrefour,3.56007E+12,sucre fleurs de coco
alpro,5.41119E+12,avena cremosa
intersnack vico,3.33697E+12,monster munch crazy gout creme oignon
hellmansunileverhellmans,5.00018E+12,light mayonnaise
granarolo unconventional,8.00267E+12,burger vegetale classico
harico,3.76026E+12,dahl de lentilles corail coco  epices
tower gate,20018986,rich tea biscuits
cristim salam sasesc,5.94127E+12,salam sasesc
la vache qui rit,3.07378E+12,la vache qui rit
chef select,4.05649E+12,gnocchi classic
options,7.6121E+12,belgian choc
delicedanone,6.194E+12,danao peche abricot
gullon,8.41038E+12,mega duo doble cacao
birds eye,5.00012E+12,omega 3 fish fingers
coop,5.00013E+12,lightly sea salted crisps
cathedral city,5.0003E+12,plant based mature cheddar flavour vegan cheese
tesco,5.05114E+12,special flakes with red berries
lindt,3.04692E+12,excellence noir craquant paillete gaufrette
skippy,37600223324,peanut butter
napolina,5.00023E+12,rigatoni
lidl,4.05649E+12,chocolat noir 70 cacao
brunch edelweiss savencia,4.04536E+12,brunch
jd gross lidl,20261351,grenada
belvita crunchy,44000031930,cinnamon brown sugar 4 breakfast biscuits
hacendado,8.48E+12,chicles hierbabuena
heura,8.43702E+12,saucisses natures a base de proteines de soja
heinz,5.00016E+12,beef ravioli
ms marks  spencer marks and spencer,607537,houmus with extra virgin olive oli
auchan auchan bio,3.24568E+12,pate a tartiner au cacao et noisettes bio et equitable
tesco,5.05478E+12,butterpak spreadable light slight salted
garbit,3.26106E+12,destination asie  pad thai
mido,6.11107E+12,champignons coupes
grahams,5.02584E+12,strawberry high protein yogurt pouch
centrale danone,6.11103E+12,jibbi vanille
lays lays,3.16893E+12,lays paysanne saveur oignons de roscoff caramelise
naked,5.02231E+12,green machine smoothie
tesco,5.05755E+12,white bread
nairns,6.12322E+11,fruit  seed oatcakes on the go
chef select lidl,4.05649E+12,6 veggie sausages
coop irresistible,5.00013E+12,hand finished oat sunflower  pumpkin loaf
premium,44000000578,saltine crackers
kerrygold,7.67707E+11,pure irish butter salted
village bakery,4.0886E+12,tortilla wraps mini white
sainsburys,1217117,6 free range british eggs large
dima,6.19158E+12,eau
alesto,4.05649E+12,alesto super linseed mix
marrakech,6.11124E+12,marrakech pomme 1l
pim brands,34856008187,fruit snacks
sainsburys,1835151,blueberries
graze,5.05596E+12,protein bites with whole oats
vita coco,8.98999E+11,coconut water with pressed coconut
gerble,3.17568E+12,petit dej  pepites de chocolat  miel
aldi specially selected,4.0886E+12,sea salt  chardonny vinegar
brooklea,4.0886E+12,onthego protein pouch strawberry
liebig,3.03682E+12,delice de potiron chataigne
monoprix,3.35003E+12,barres au son davoine
milbona,4.05649E+12,high protein mousse
kirkland signature,96619656493,organic tortilla chips
tesco,10067819,mango
belazu,5.03034E+12,rose harissa paste
be,6.11126E+12,soft
sainsburys,159425,lighter coconut milk
zott,4.0145E+12,zottis fruit yoghurt
sultan,6.11107E+12,infusion
tesco,5.00044E+12,tesco finest all butter croissant 4 pack
walkers,5.00033E+12,baked cheese  onion
soreen,5.01004E+12,soreen malt loaf 190g
tesco,5.05478E+12,white folded flatbreads
tesco,5.05232E+12,harissa paste
pringles,5.05399E+12,paprika
aldi,4.0886E+12,stong white bread flour
marks  spencer,29295982,plain bagels
funkie,3.76034E+12,les fourrees cacao noisette
bodymass,8.71884E+12,protein
veetee,5.01681E+12,sticky rice
eastmans deli foods,5.05755E+12,sliced chicken
ms,358910,medium sliced super soft white
jibal,6.11125E+12,jibal
morrisons,5.01025E+12,pure clear honey
sun hee,5.02058E+12,gochujang korean hot chili paste
heinz,5.00016E+12,tomato sauce for bolognese
the foodie market aldi aldi the foodie market,4.06146E+12,roasted pistachios
sainsburys taste the difference,74742,taste the difference raspberry conserve
purely elizabeth,8.5514E+11,original ancient grain granola
sainsburys,1301601,organic balsamic vinegar
dulcinea,8.41051E+12,dulcinea
dairylea,7.6222E+12,cheese slices
pikarome,6.11107E+12,moutarde
marks  spencer,241908,soft tortilla wrap
star,6.11118E+12,sauce andalouse
sainsburys,359573,orzo
veetee,5.01681E+12,basmati rice
elephant,8.72061E+12,infusion framboise groseille
sainsburys,499989,sainsburys
ideal,6.11118E+12,flan
zott,4.0145E+12,protein pudding
morrisons,9014947,houmous
fairlife,8.1162E+11,core power elite chocolate high protein milk shake
cocacola,5.00011E+12,cola zero
carrefour,3.56007E+12,fraise
crownfield,4.05649E+12,barres granola au sirop derable
by sainsburys,1061345,ready salted crisps
rivercote,4.05649E+12,rosemary  sea salt flatbread thins
nexba,5.06077E+12,kombucha fleur de sureau  citron
sainsburys,1800982,chicken  vegetable broth
sauce shop,7.02383E+11,original hot sauce
panier de yoplait yoplait,3.32977E+12,panier de yoplait morceaux de fruits framboise fraise
the collective,5.05614E+12,mango yogurt
carrefour bio carrefour,3.56007E+12,galettes riz complet
lidl,4.05649E+12,specialite laitiere framboise grenade baies de goji
tesco,5.05951E+12,sea salt crackers
muller,4.0255E+12,buttermilch
yoplait,3.32977E+12,brasse fraise
milbona,4.05649E+12,kefir natural sabor suave
it,6.11127E+12,ptit gouter
bonne mamanandros,3.60858E+12,pate a tartiner aux noisettes et au cacao
jordans,5.01048E+12,cereales oh my crips fruit
village bakery,4.06146E+12,greek style flame baked flatbreads
monster,5.06095E+12,monster energy 50cl
activa danone,3.03349E+12,kefir saveur myrtille
deliciously ella,5.06048E+12,strawberry  almond low sugar granola
lindahls pro,3.22802E+12,fromage a tartiner
deluxe,13356194,brot
bio  me,5.06085E+12,super berry oat bars
biotiful,5.06034E+12,kefir yoghurt
grandessa,4.06146E+12,crunchy 100 peanut butter
pagen,13110707,krisprolls
pasquier,3.18218E+12,tartines de pain  ble complet  bio
marque repere jafaden,3.5647E+12,jus dorange
joker,3.12334E+12,jus a base de jus et purees concentres
nestle la laitiere,3.02329E+12,le yaourt a la vanille
panzani,3.03835E+12,lasagne
alvalle,5.41019E+12,alvalle gazpacho vert 1 l
tropicana,5.41019E+12,tropicana reveil fruite format familial 15 l
envia,20020736,creme fraiche legere 15mg
st michel,3.17853E+12,la galette gourmande chocolat noir
la boulangere,3.28423E+12,gache tranchee pur beurre 400g
innocent,5.03886E+12,innocent jus de pomme 900ml
la boulangere,3.28423E+12,brioche tressee pur beurre 800g
kania,20679668,sauce vinaigrette au vinaigre balsamique de modene
tramier,3.01724E+12,olives noires denoyautees a la grecque
justin bridou,3.44987E+12,baton de berger mini nature
carrefour bio carrefour,3.24541E+12,poudre cacaotee 32  de cacao maigre
bjorg,3.22982E+12,la madeleine bio
tipiak,3.16544E+12,cereales gourmandes
bonne maman,3.04532E+12,gelee de groseilles
panzani,3.03836E+12,tomacouli nature
cassegrain,3.08368E+12,petits pois aux oignons
nustikao nustikaomarque repere,3.5647E+12,nustikao
joseph favrichon,3.1119E+12,muesli croustillant  duo de chocolats
president,3.22802E+12,president pointe de brie 200g
nestlela laitiere,3.02329E+12,secret de mousse chocolat noir
ficello,5.01107E+12,fromage a effilocher nature
cassegrain,3.08368E+12,poivrons cuisines au piment despelette
cristaline,3.25438E+12,cristaline eau de source au jus de fruits fraise 15l
amora,8.71257E+12,amora sauce barbecue miel flacon souple 282g
delisse marque repere scamark filiale e leclerc,3.5647E+12,creme legere 15 mg
haribo,3.10322E+12,rotella
alsa,3.01136E+12,sucre vanille des isles
myprotein my protein,5.05553E+12,peanut butter
fermiers de loue loue,3.25132E+12,6 oeufs fermiers label rouge de
taureau aile,3.03836E+12,riz thai
cereal bio,3.17568E+12,fines galettes epinards  pignons
le tresor des dieux,3.18872E+12,sardines label rouge huile dolive
uu bio,3.25622E+12,cookies bio quinoa pepites chocolat paquet de 175g
marie,3.24883E+12,coquillettes au jambon et au fromage
marque repere pomlisse,3.5647E+12,chips paysannes nature
intermarche paturages,3.25039E+12,beurre tendre doux
latelier blini,3.29207E+12,ktipiti extra
intermarche paturages,3.25039E+12,beurre biologique doux moule 250g origine france
cereal bio,3.17568E+12,cuisine lentilles millet  petits legumes
alesto,20413422,noix de cajou grillees et salees
dulano,20087487,spanish ham jamon serrano
grand fermage,3.52323E+12,beurre au sel de mer
le gaulois,3.26698E+12,crousty chicken long filets
milbona,20879082,bebida de avena
fleury michon,3.30275E+12,le moelleux 25 de sel
st michel,3.17853E+12,galettes au bon beurre
panzani,3.03835E+12,torti 1 kg
carrefour,3.27019E+12,blanc de poulet dore au four
tartibon,3.24541E+12,tartibon nature
isigny ste mere,3.25455E+12,beurre de baratte doux
cristaline,3.25438E+12,cristaline eau de source au jus de fruits peche 50cl
cassegrain,3.08368E+12,flageolets prepares
liebig,3.03681E+12,pursoup veloute de legumes du soleil
sondey,20022648,barre patissiere aux oeufs frais
carrefour,3.24541E+12,sardines a lhuile dolive vierge extra
lindt,3.04692E+12,excellence milk sea salt caramel
valor,8.41011E+12,chocolate negro 82
bisson,3.76001E+12,petit beurre nature
bio village marque repere,3.56471E+12,huile vierge de colza bio
milka,7.62221E+12,lt3x100g lait milka
bio village marque repere,3.56471E+12,pesto verde
carrefour,3.56007E+12,pure de patatas
puleva,8.4117E+12,puleva omega 3
candia,3.53364E+12,le lait sans lactose leger doux  digeste
lindt lindt  sprungli,8.00334E+12,lindor lait
alesto,4.05649E+12,canneberges sucrees sechees
le guerandais,3.44585E+12,sel de guerande
u u bio,3.25623E+12,pain grille au ble complet 250g
knorr,8.7227E+12,knorr marmite bouillon de legumes 8 capsules 224g
old el paso,8.41008E+12,tortilla nachips
hacendado,8.48E+12,queso especial pasta
ethiquable,3.76009E+12,chocolat noir gingembre confit
hacendado,8.48E+12,cookies 40 pepitas chocolate
poulain,3.66435E+12,pate a tartiner 30 de sucres
kikkoman,8.71504E+12,soja sucree
hacendado,8.93456E+12,noodles de arroz
chef select,20107710,hummus clasico
alpro,5.41119E+12,coco  almond
harry,4.0718E+12,harry dinkel sandwich 4071800047812 dinkelsandwichbrot
milbona,4.05649E+12,skyr
picard,3.27016E+12,les frites
maison briau,3.57149E+12,les acras de morue
vitamin aqua,5.94233E+12,napitka s vkus na krusha i borovinka i dobaveni vitamini
ferrero fererrokinder,40084794,milchschnitte
liebig,3.03681E+12,soupe a la chinoise
nissin,5.99752E+12,soba cup yakitori poulet
picard,3.27016E+12,pommes noisettes
deluxe lidl,20443528,himalaias rock salt
jacquet,3.02933E+12,crousti moelleux complet sans sucre ajoute 730gr
u,3.25622E+12,creme semiepaisse uht 18mg  3 briques de 20cl
lactalis president,3.22802E+12,president ovale extra fondant 200g
hacendado,8.48E+12,hummus con olivas de kalamata
formule express picard,3.27016E+12,tagliatelles a la carbonara
regilait,3.04393E+12,lait concentre non sucre demiecreme
grand fermage,3.52323E+12,beurre moule aop doux
seeberger,4.00826E+12,nusskernmischung
itineraire des saveurs,3.25039E+12,galettes farine de ble noir
liebig,3.03681E+12,pasta soup  legumes et vermicelles
heinz,8.7157E+12,zero tomaten ketchup
bio village marque repere,3.56471E+12,boisson epeautre
alsa,3.02703E+12,mon yaourt maison
milbona,20955427,high protein quarkriegel
bjorg,3.22982E+12,oui au vegetal
suzi wan,4.00236E+12,nouilles aux oeufs bio
lidl stiftung  co kgtoque du chef,20224042,saumon sauce oseille  son riz pilaf
terra delyssa,6.19151E+12,huile dolive vierge extra biologique
hacendado,8.48E+12,maiz dulce
lidl vemondo vivera,20853594,tofu natural
lidl,4.05649E+12,quark raspberry
nestle,3.38739E+12,fitness original
u u bio,3.25623E+12,boisson vegetale amande legere 1l
carrefour bio carrefour,3.56007E+12,petales au chocolat ble complet
bekind,5.00016E+12,dark chocolate nuts  salt 3erpackung
saguaro,4.05649E+12,saguaro
cocacola powerade,90357350,powerrade mountain blast  blue
sondeylidl,20761912,oat cookies milk chocolate
misura,8.00259E+12,misura dolcesenza
mars norge as,5.00016E+12,38g skittles sachet
zuzu,5.94136E+12,lapte zuzu 151l
ovitale,6.13014E+12,eau de source non gazeux
milka,7.62221E+12,strawberry
rana,8.00167E+12,plaisir du primeur   girasoli cepes
hacendado,8.48E+12,bifidus natural
saida,6.19401E+12,start
cocacolacoke,5.00011E+12,sabor original
soyasun,3.27323E+12,soyasun 100 vegetale
ikea,1.40488E+12,huvudroll
nestle,3.02329E+12,fromage blanc fraise citron very
pitch,3.25655E+12,brioche pepites de chocolat
carrefour,3.56007E+12,fibra
carrefour bio carrefour,3.56007E+12,muesli 6 frutas
panzani,3.03836E+12,panzani sauce provencale nat 650g f12
milbona,20064457,cream spread herbs
bodymass,8.71884E+12,protein bar  muscle mass  caramel cookie flavor
aoste,3.44987E+12,viande des grisons
nestle,7.61304E+12,kit kat 2 finger milk chocolate biscuit bars
misura,8.00259E+12,crackers cereali antichi
hacendado,8.402E+12,castanas cocidas y peladas
general mills,16000124790,honey nut cheerios
quorn,5.0195E+12,vegan chicken free slices
safiasfbt,6.194E+12,eau minerale naturelle
lidl,4.05649E+12,maribel yeast extract vegan
fuze tea fuzetea,5.449E+12,the noir glace saveur framboise menthe
carrefour biocarrefour,3.56007E+12,petits pains grilles a lepeautre
hellmanns,8.7112E+12,real mayonnaise imp
gullon,8.41038E+12,tortitas de arroz integral
lays,8.7104E+12,lays paprika
gullon,8.41038E+12,twins chocolate
anitines,8.48E+12,panes especiales tomate y oregano
oasis,3.12448E+12,pet 15l oasis tropical zero
dulcesol vicky foods,8.41009E+12,pan sottile cereales y semillas
nature valley,8.41008E+12,crunchy chocolat  au lait 
crownfield lidl,4.05649E+12,high protein musli
oatly,1.90647E+11,oat milk
kelloggs,5.05932E+12,coco pops
batchelors,5.00035E+12,pasta n sauce cheese  broccoli
new york bakery co,5.0183E+12,sesame seed bagels
rugenwalder muhle,4.00041E+12,vegane muhlen frikadellen
go ahead,5.00017E+12,fruit  oat bakes apple
vemondo,4.05649E+12,boisson au cacao et a lavoine
croustipate,3.39259E+12,pate brisee origine france garantie
specially selected,4.0886E+12,gourmet rosemary savoury crackers
daves killer bread,13764027039,good seed organic bread
doritos,28400090896,nacho cheese tortilla chips
valencia,6.11125E+12,valencia panache 1l
tartare,3.27277E+12,tartare 100 vegetal  herbes de provence vegetal
sainsburys sainsburys so organic,1642636,organic black beans in water
nordpack,4.0886E+12,slightly salted butter
sainsburys,1600322,ripe  ready medium avocados
hartleys,5.06039E+12,strawberry seedless
daisy,73420000110,sour cream
mister choc,4.05649E+12,crema allo zenzero
nu3,4.26074E+12,vegan protein
maribel,4.05649E+12,confiture 4 fruits
robinsons,5.00015E+12,fruit  barley peach
walkers,5.00033E+12,walkers salt  vinegar crisps 6 pack  outer packaging only
le petit pariscomocap,6.194E+12,double concentre de tomates
sweet freedom,96134856,choc pot
forest feast,5.02237E+12,preda fair trade dried mango slices
conikosleaderfood,6.11124E+12,conikos gout chili
batts lidl lidl batts,4.05649E+12,batts english mustard
brooklea,4.0886E+12,brooklea greek style fat free natural yogurt
hacendado,8.48E+12,chocolate negro 72 con trozos de naranja
skippy,37600106740,natural creamy peanut butter spread
tesco,5.05018E+12,semi skimmed free range milk
heinz,5.00016E+12,heinz hoops
maltesers,5.00016E+12,maltesers
bamboo,5.43E+12,bamboo crunchy chocolate
tesco,5.0544E+12,longlife almond drink unsweetened
fritosa,6.11109E+12,tacos
misura,8.00259E+12,privolat
quaker,5.00011E+12,porridge oats
hovis,5.00014E+12,digestive biscuits with wheatgerm
jammie dodgers,72417143700,jammie dodgers
wrights,5.02039E+12,wrights mixed grain bread mix
nairns,6.12322E+11,gluten free wholegrain crackers
sainsburys tesco,1830958,pitted green olives
tilda,5.01116E+12,spicy mexican basmati rice
bear bear nibbles,5.06014E+12,fruit rolls
tesco,5.05755E+12,sunflower  pumpkin loaf
remedy,9.35027E+12,kombucha
happyvore,3.76032E+12,boulettes tomate et herbes de provence vegetales et gourmandes 180g
aleyna,5.02582E+12,sliced green jalapeno peppers
merchant gourmet,5.0181E+12,mexican style grains
cowbelle,4.0886E+12,unsalted butter
alesto,4.05649E+12,bakewell tart raw fruit  nut bars
marmite,5.05596E+12,marmite oven baked cashews
dailysstamford street co,378208,porridge oats
snackrite,4.0886E+12,lentil chips
banania,3.70028E+12,banania moins de sucres
rachelsrachels organic,5.02164E+12,organic luscious fruits naturally biolive yogurt 4 x 440g
lidl,4.05649E+12,wholemeal seeded
chef select,4.05649E+12,gnocchi klassik
smashing strawberry,5.06014E+12,urban fruit snack pack strawberry
hacendado,8.48E+12,arroz integral largo
ms,29098330,rye sourdough crackers
sunpat,5.06039E+12,smooth peanut butter
dulcinea,8.41051E+12,dulcinea
lidl,4.05649E+12,moroccan style burgers
yeo valley,5.03659E+12,vanilla ice cream
lloyd grossman,5.00035E+12,bolognese origional
nairns,6.12322E+11,gluten free oaties syrupy  crumbly
jaouda,6.11124E+12,jutos orange
granja san francisco,8.43416E+12,miel de flores
aldi,4.0886E+12,mild spanish chorizo ring
the gym kitchen,5.06008E+12,chicken tikka
horlicks,5.06011E+12,original hot malty goodness
four seasons,4.0886E+12,sweet pineapple slices in juice
marks  spencer,635677,6 white pittas
jaouda,6.11124E+12,ghani
waitrose,5.00017E+12,organic coconut milk
mandy,3.76028E+12,beurre de cacahuetes smoothie
pago,9.00252E+12,75 cl fruits du dragon pago
nature valley,8.41008E+12,protein chocolat  cranberries
delicia,6.11116E+12,delicia tomate
hacendado,8.48E+12,extra crunch
bens original,5.01003E+12,savoury chicken flavour rice
sainsburys taste the difference sainsburys,411424,2 bake at home white baguettes
bresse bleusavencia,3.48034E+12,bresse bleu le veritable
fresh,3.33831E+12,cannelloni ricotta et epinards
by sainsburys,1781182,mayonnaise
panier de yoplait yoplait,3.32977E+12,panier de yoplait
so good,8.90602E+12,peanut butter
sondey,4.05649E+12,zartes blatterteiggeback
rugenwalder muhle,4.00041E+12,vegane muhlen salami  feinschmecker art
danone,3.03349E+12,skyr a boire gout fraise
itsu,5.06096E+12,itsu crispy seaweed thins sea salt
fleury michon,3.30274E+12,les tranches vege pois chiches
bol,5.06043E+12,protein power soup red pepper tomato  lentil
envia,4.05649E+12,creme dessert saveur chocolat riche en proteine
vico,3.33697E+12,chips de lentilles saveur sel  poivre
eat natural,8.0005E+12,protein peanuts almonds amp salted caramel fruit am
hacendado,8.402E+12,gelatina 0 cereza cola y sandia
oatly,7.39438E+12,barista edition haferdrink
saint louis,3.22004E+12,sucre cassonade
andros,3.04532E+12,jus dananas presses
innocent,5.03886E+12,innocent jus pomme peche  poire 900ml
innocent,5.03886E+12,innocent jus dorange avec pulpe 15l
charles  alice,3.29776E+12,pommes mangues avec morceaux
brioche pasquier pasquier,3.25654E+12,croissants
brossard,3.49843E+12,brossard  mini brownie choco pepites
bjorg,3.22982E+12,bjorg pain grille au ble complet
weetabix,5.01003E+12,weetabix
terres et cereales bio,3.42156E+12,muesli croustillant 7 fruits
sodebo mon atelier salade,3.24227E+12,salade garden poulet roti sauce caesar
kinder,8.0005E+12,cereale noisette
giovanni rana,8.00167E+12,ravioli bio au ble complet epinards ricotta burrata
coraya,3.27617E+12,batonnets de surimi
jardin bio jardin biologique lea nature,3.76002E+12,pain depices
candia,3.17657E+12,candy up gout chocolat
danone jockey jockey natural,3.03349E+12,jockey 3 de mg nature 100 g x 8
vico,3.33697E+12,vico curly
brioche pasquier,3.25654E+12,pains au chocolat format familial
jordans,5.01048E+12,country crisp chocolat noir
coraya,3.27617E+12,loriginal  batonnets de surimi
eau de beckerich rocheval source ophelie,26003146,eau minerale naturelle
favrichon,3.1119E+12,muesli croustillant nature sans gluten
le gaulois,3.26698E+12,gesiers de volaille confits
vahine,3.17914E+12,levure de boulanger traditionnelle
nestle,3.02329E+12,yaos le yaourt a la grecque nature 8 x 125 g
maribel,20001056,miel cremeux
alvalle pepsico,5.41019E+12,gazpacho salmorejo
poulain,3.66435E+12,pate a tartiner noisette  cacao
lou perac,3.02326E+12,la tomme de brebis
bel boursin,3.17546E+12,boursin portions garlic  herbs
nestle crunch,8.0003E+12,crunch lot de 2
sodebo,3.24227E+12,sodebo dolce pizza  4 formaggi
nippon,4.0217E+12,puffreis mit schokolade
dakatine,3.05111E+12,pate darachide
jardin bio etic jardin biologique lea nature,3.47882E+12,legumes pour couscous et plats orientaux
chabrior intermarche les creations,3.25039E+12,pain complet aux flocons davoine les creations 500g
kub or maggi,7.61304E+12,maggi kub or classique  128g
heinz,8.41007E+12,sauce andalouse
orangina,3.12448E+12,orangina zero
tramier,3.01723E+12,olives vertes denoyautees
francine,3.06811E+12,ma pate a crepes
delisse marque repere,3.5647E+12,creme fraiche 30 mg
bio village marque repere,3.56471E+12,crackers emmental graines de courge
u,3.25622E+12,puree de pomme sans sucres ajoutes bocal de 680g
carrefour bio carrefour,3.56007E+12,beurre moule de baratte doux
u u bio,3.25622E+12,biscuits bio epeautre et sesames paquet de 150g
logismose,5.71033E+12,skyr
daunat,3.36765E+12,le moelleux poulet roti crudites mayonnaise legere
uu bio,3.25622E+12,biscuits galettes pur beurre bio  125g
carrefour bio carrefour,3.56007E+12,puree
nestle dolce gusto nescafe,7.61304E+12,capsules nescafe dolce gusto cappuccino extra crema 16 capsules
u,3.25622E+12,biscottes tres pauvre en sel x36 300g
toque du chef,20711948,pate a pizza
lindtsprungli,3.04692E+12,lindt chocolate negro limon con gengibre con amandes
cauvin,3.33659E+12,huile vierge de colza biologique
jardin bio lea nature,3.76002E+12,couscous legumes du soleil
nestle la laitiere,3.02329E+12,petit pot de creme saveur vanille
marque repere natvie,3.5647E+12,margarine allegee au tournesol 60 mat gr  barquette
monique ranou,3.25039E+12,carottes
pierre martinet,3.28178E+12,salade de boulgour aux cranberries noisettes
saupiquet,3.16595E+12,filets de maquereaux a la catalane
etoile dor,20592998,emmental francais 10 tranches
gerble,3.17568E+12,biscuit crousti pause choco noisette ss gluten
barilla,8.07681E+12,coquillettes sans gluten
u u bio,3.25623E+12,galette de mais
candia lacteor sodiaal,3.53363E+12,elben lait fermente
chabrior intermarche,3.25039E+12,extra moelleux complet 500g
infusion lipton,8.71716E+12,lipton saveurs du soir infusion grand sud menthe et reglisse 20 sachets pyramidr
u biou,3.25622E+12,oeufs plein air bleu blanc coeur  boite de 10
italiamo,4.05649E+12,porcini mushroom and ricotta tortelloni
mercadona,8.4149E+12,pan multifibras
elle  vire,3.45179E+12,la creme semiepaisse legere 18mg
findus,3.59974E+12,colin dalaska facon fish and chips
kara,8.99721E+12,lait de coco light
carrefour biocarrefour,3.56007E+12,pois chiches au sel de noirmoutier
daucy,3.0178E+12,petits pois extra fins et carottes daucy 530g
carrefour,3.56007E+12,foie de morue
les mousquetaires regain regain bio selection des mousquetaires,3.25039E+12,boisson soja vanille bio 1l
kolln,4.00054E+12,knusprige haferfleks klassik
dulano,20568825,mortadella bologna with pistachios
daunat,3.36765E+12,thon oeuf crudites sauce cocktail
ecomil,8.42853E+12,bebida de almendras natural
carrefour,3.56007E+12,tartibon
aloi,8.71286E+12,aloe vera drink
eco mil,8.42853E+12,lait de coco
daucy,3.0178E+12,lentilles preparees cultives en france daucy 530g
kiri,3.07378E+12,kiri creme 24p 432g od perec
delisse marque repere,3.56471E+12,skyr nature
milsa,26067049,yaourt a la grecque nature
jardin bio,3.4563E+12,chips de lentilles aux petits oignons
fol epi,3.09029E+12,classic nussig  mild
carrefour carrefour veggie,3.56007E+12,vegetal galettes epinards ble emmental
hacendado,8.48E+12,avellana tostada 0 sal anadida
mms,5.00016E+12,peanut
charal,3.18123E+12,maxi cheese burger
fanta fantalight,5.449E+12,fanta zero sugar
materne pompotes,3.02176E+12,gourde 5 fruits pomme abricot peche poire banane
william saurin,3.04958E+12,la choucroute garnie
chene dargent duc de coeur,20442767,kamamber
philadelphia,7.62221E+12,philadelphia original
florette,3.28022E+12,guacamole
hacendado,8.48E+12,blanco
lotus,5.41013E+12,lotus gaufre de liege perles de sucre format familial 450g 10x1p
carrefour interdis,3.56007E+12,palets bretons
yoplait,3.32977E+12,skyr sur lit au citron
hacendado,8.48E+12,gazpacho
brioche pasquier,3.25654E+12,beignet chocolat noisette x 6
fleury michon,3.30274E+12,gratin de chouxfleurs au jambon  a lemmental
bouton dor,3.25039E+12,le vinaigre de cidre
lidl solevita,4.05649E+12,jus de clementine
pecheries setoises,3.4567E+12,tielles de sete
balconi,8.00159E+12,mix max
yoplait,3.32977E+12,calin extra
connetable,3.26367E+12,sardine a la tomate et a lhuile dolive
costa doro,8.00727E+12,il classico huile dolive vierge extra
ferrero kinder,8.0005E+12,kinder schokolade vorratspack
rio mare,8.00403E+12,insalatissime messicana
carrefour,3.56007E+12,filets de maquereaux
belin,7.62221E+12,croustilles aux cacahuetes
mondelez tuc,5.41004E+12,tuc paprika
mccain,8.71044E+12,kid smile
milbona,20155520,grana padano
nestle,3.38739E+12,nestle nesquik cerealien
schar,8.0087E+12,corn flakes
hero,8.41018E+12,mermelada de melocoton de temporada de murcia
arla,7.31087E+12,protein cottage cheese
merci storck,4.0144E+12,merci  milk chocolate sinii smotka
hacendado,8.48E+12,soja natural
italiamo,20469894,pesto alla trapanese
tien shan,3.22982E+12,mian tiao saveur boeuf  85 g  tien shan
la carlotena,8.43701E+12,pollo relleno asado al horno
jacobs,5.0004E+12,cream crackers crispy crackers
nissin,8.71243E+12,demae ramen sesame
campofrio,8.41032E+12,frankfurt original
saskia,42376101,mineralwasser still
paturages,3.25039E+12,boisson amande calcium
lidl,20326890,quesitos
liebig,3.03681E+12,mouline 12 legumes 25 de sel
maribelpenny ready,20460815,salatbox hahnchenbrust penny de miel de flores lidl es
edeka gut  gunstig,4.3115E+12,kase frischkase pur
primor,5.60372E+12,manteiga com sal
envia milbona pilos,20039547,schlagsahne 30
mogu mogu sappe,8.85039E+12,fraise et nata de coco
inter biscuitslidlsondey,20026554,schokobutterkeks zartbitter
hp,5.00011E+12,hp classic bbq sauce 400ml 470eur 1l 1173eur
bodymass,8.71884E+12,protein bar muscle mass
bon gelati,4.05649E+12,mini mix classic
marwasfbt,6.194E+12,eau minerale naturelle
doritos,3.16893E+12,sour cream
schar,6175054,savoiardi
cote dor mondelez,7.62221E+12,loriginal lait
nos regions ont du talent,3.56471E+12,sel de guerande
hacendado,8.48E+12,natural cabra
bimo,6.13002E+12,galette senior
william saurin,3.26106E+12,chili vegetal
cuetara,8.43417E+12,tosta rica
galbusera,8.00219E+12,biscotti colcuore ricchi di fibre
la belle 120da,6.132E+12,margarine superieure vegetale 100
flora,8.7192E+12,plant butter salted
envia milbona,4.05649E+12,creamy yogurt
mutti,8.00511E+12,sugo con pomodoro pizzutello e con peperoncino calabrese
lindt lindt  sprungli,3.04692E+12,lindor noir 70
esgir,8.41447E+12,mix cereales 0 azucares anadidos
aquafina,1210806,purified drinking water
snacks of the world,8.7113E+12,noix de cajou salees
granola low sugar nuts  seeds,5.06009E+12,lizis
mutti baresa,8.00511E+12,triplo concentrato di pomodoro
u,3.25623E+12,cacao en poudre non sucre 250g
nocilla,8.41001E+12,nocilla
yoplait,3.32977E+12,skyr
lindt,3.04692E+12,noir extra fondant
1540 vestby norwegen oluf lorentzen as toveien 22 mutti,8.00511E+12,cherrytomater 400 g
maroc,5.285E+12,instant noodles vegetables flavour
hacendado,8.48E+12,cacao soluble 0 azucares
tesco,5.05395E+12,arborio risotto rice
pringles,5.05399E+12,cheese  onion
rama,8.7192E+12,butter
storck,40144399,knoppers
moma,5.06015E+12,moma oat original imp
siggis,3.02329E+12,skyr  cereales
nestle,3.03371E+12,chocapic nestle
cristaline,6.194E+12,eau minerale
hitachino ribena,5.05427E+12,ribena
jacquet,3.02933E+12,pains burger brioche geant
brossard,3.66014E+12,savane tout choco
snacks of the world,8.7113E+12,kingsize peanuts salted
hellmanns,8.7106E+12,vegan mayo
waitrose,5.00017E+12,houmous
eridanous,20026394,weisse riesenbohnen in tomatensosse
dr oetker,5.00025E+12,bicarbonate of soda
le marsigny,2.00605E+12,jambon superieur
milbona,4.05649E+12,high in protein pudding protein
suzi wan,4.00236E+12,sauce soja sucree
tesco,5.05737E+12,salmon fillets
tower gate,4.05649E+12,cocoa sandwich biscuits with vanilla flavoured creme filling
almette,5.94124E+12,almette cu verdeata
danone,8.4105E+12,iog oikos danone natural 900g
tesco,5.00044E+12,tesco skimmedmilk
naturis,20952983,coconut water
kirkland signature,96619859696,beurre damandes cremeux
innocent,5.03886E+12,bolt from the blue
by sainsburyssainsburys,1180992,lemon juice
john west,5.00017E+12,tuna chunks
this,5.06068E+12,this isnt bacon rashers
carrefour simpl,3.27656E+12,banane
les 2 vaches,3.66134E+12,skyr bio nature
thomas,48121102081,english muffins
quaker,30000169018,lightly salted rice cakes
innocent,5.03886E+12,berry set go
bramwells,4.0886E+12,worcestshire sauce
envia,4.05649E+12,yaourt brasse nature
rivercote,20891343,scottish seeded oatcakes
old el paso,8.41008E+12,old el paso 8 regular whole wheat tortillas
aussie bites,7.31216E+11,aussie bites organic
warburtons vimto,5.01004E+12,vimto winter warmer
sun hee,5.02058E+12,kimchi
yoplait,3.32977E+12,petits filous fromage frais strawberry  apricot
rachelsrachels organic,5.02164E+12,rachels organic greek style honey yogurt
innocent,5.03886E+12,smooth orange juice
deliciously ella,5.06048E+12,cacao  almond oat bar
innocent,5.03886E+12,bolt from the blue
asda,5.05478E+12,smart price lightly salted tortilla chips
by sainsburys,384322,classic houmous
remedy,9.35027E+12,kombucha
tesco,5.05162E+12,50 less fat creme fraiche
sainsburys,1642605,chickpeas in water
geetas,5.02119E+12,premium lime  chilli chutney
go ahead,5.00017E+12,fruit slices  forest fruits
mission,73731071090,carb balance flour
tesco,5.05797E+12,milled flax seeds
tesco,5.05427E+12,sourdough breadmix
waitrose,5.00017E+12,basil pesto
arla,5.00025E+12,arla lacto free cheese
tesco,5.05701E+12,chicken breast slices
ms,816359,cream of tomato soup
ethiquable,3.76028E+12,chocolat instantane en poudre
le fromager des halles,3.701E+12,le fromager nature
oasis,5.449E+12,summer fruits
zott,4.0145E+12,protein pudding
the deli,4.0886E+12,red pepper houous
pataks,5.01131E+12,balti paste 283g
youngs,5.00021E+12,youngs salt pepper basa fillets 2pk
tesco,5.05797E+12,mini plain tortilla wraps
aldi the deli,4.0886E+12,reduced fat houmous
the deli,4.0886E+12,sweet potato pakora
cathedral city,5.0003E+12,mini mature cheddar
asda,5.05407E+12,oatcakes
toro,6.11124E+12,mortadella luncheon
tosfrit,8.42211E+12,kaskys
huel,5.0605E+12,huel readytodrink  berry
trapa,8.41068E+12,trapa 74
filippo berio,8.00221E+12,extra virgin olive oil
suzi wan,4.00236E+12,nouilles udon  natures
unearthed,5.01029E+12,spanish spinach omelette
leader food,6.11124E+12,leader chips sel
bonne maman,3.04532E+12,creme caramel
daves killer bread,13764028074,thinsliced sprouted whole grains bread
border,6.52655E+11,dark chocolate gingers
pip  nut,5.06037E+12,sweet  salty peanut butter
bens original,5.01003E+12,bens original wholegrainn spicy mexican style rice
lidl,4.05649E+12,white bloomer with sourdough
mousline,3.76038E+12,facon pressepuree
sainsburys by sainsburys,367615,ready oats
sainsburys taste the difference,1875546,taste the difference medjool dates
tesco,5.05291E+12,potato gnocchi
baxters,5.01243E+12,soup root vegetable  turmeric
tesco,5.0597E+12,crinkle cut sea salt  chardonnay vinegar hand cooked crisps
sidi alilesaux oulmes,6.11104E+12,sidi ali
pizza express,5.0393E+12,caesar dressing
sainsburys taste the difference,1728637,wholegrain seeded bread flour
doritos,5.941E+12,doritos  tortilla chips nacho cu gust de branza
bonduelle,3.08368E+12,good lunch  rice red kidney beans corn and grilled vegetables
hacendado,8.48E+12,gurken
dari,6.11109E+12,spaghetti
alimani,6.11125E+12,manyana
aldi,4.0886E+12,pickled pink onions
ocean sea,20555115,cod fishfingers
bare naked foods barenaked foods,7.02812E+11,noodles
florbu,8.41141E+12,cookilate
aldi everyday essentials,4.0886E+12,chocolate spread
delibreads,8.43701E+12,6 plain flour wraps
yo,5.03527E+12,chicken  sweet pepper poke
heinz,5.00016E+12,heinz beans
by sainsburys,359566,red lentil penne
hacendado,8.48E+12,avena molida
danone,6.11103E+12,danone lait saveur
latta upfield,8.7192E+12,latta extra fit
colacao,8.41001E+12,preparation en poudre pour boisson cacaotee
the foodie market,4.06146E+12,dino fruit bars strawberry and banana
andechser,4.10406E+12,bio kefir
bramwells,4.06146E+12,tomato ketchup
chergui,6.11113E+12,protein drink
eat real,5.06088E+12,lentil crisps
kellogg039,3.15947E+12,special k  cereales chocolat noir
gerble,3.17568E+12,biscuits son davoine
carrefour bio carrefour,3.56007E+12,100 pur jus orange sans pulpe
andros,3.04532E+12,jus de clementines pressees
knorr,8.7141E+12,knorr soupe liquide mouline de legumes varies 1l
volvicvolvic juicy,3.05764E+12,juicy citronnade  eau minerale naturelle
danette danette creme dessert danone,3.03349E+12,danette creme dessert noir extra 125 g x 4
activia activia yoghurt nature danone,3.03349E+12,activia bifidus nature 125 g x 12
harrys,3.22885E+12,pain 100 mie longue conservation
cruesli quaker,3.16893E+12,quaker cruesli 3 chocolats
gerble,3.17568E+12,biscuit fondant choco lait
innocent,5.03886E+12,innocent smoothie fraise banane 75cl
pierre martinet,3.28178E+12,mon taboule au poulet a la ciboulette
knorr,8.7112E+12,knorr soupe liquide potiron pointe de muscade 450ml
jardin bio eticjardin biolea nature,3.4563E+12,chips lentilles
charles  alice,3.29776E+12,pommes abricots bergeron
daco bello,3.27072E+12,4 graines grillees sans sel ajoute
panzani,3.03835E+12,pz ravioli bolo 800gr
liebig,3.03681E+12,veloute de poireaux pommes de terre
karelea lea nature,3.76002E+12,petit beurre nature sans sucres
carrefour bio carrefour,3.56007E+12,sables au beurre amandes et citron
u,3.25622E+12,chocolat noir degustation 72 de cacao tablette de 100g
lucien georgelin,3.57242E+12,croc choc
envia,20158125,fromage blanc saveur vanille
cereal bio,3.17568E+12,les galettes boulgour de riz lentilles legumes  colombo
picard,3.27016E+12,ratatouille cuisinee bio
ethiquable,3.76009E+12,pate a tartiner aux noisettes
st michel,3.17853E+12,madeleines
bjorg,3.22982E+12,amande cuisine
lu,3.01776E+12,grany chocolat 5 cereales
picard,3.27016E+12,crevettes a lindienne lentilles corail et legumes
paturages,3.25039E+12,emmental francais rape
bonne maman,3.04532E+12,confiture abricots
chabrior les creations,3.25039E+12,pain aux cereales et aux graines les creations 500g
gavottes,3.43141E+12,crepes dentelle chocolat au lait 90g
carrefour,3.56007E+12,stylesse chocolat noir
chabrior intermarche,3.25039E+12,biscottes aux 6 cereales x36
brioche pasquier,3.25654E+12,brioche tressee tranchee nature
pago,9.00252E+12,pago ananas
le guerandais,3.44585E+12,fleur de sel de guerande
delisse marque repere,3.5647E+12,yaourts a la grecque
reflets de france,3.24539E+12,galettes bretonnes
philadelphia,7.62221E+12,original philadelphia xl
saveurs de nos regions,20840822,fraises daquitaine
marque repere pom lisse pomlisse,3.5647E+12,chips nature maxi format
solevita,4.05649E+12,solevita boisson aux fruits tropical
the bridge the bridge la familiglia organic,8.01943E+12,boisson de riz
u,3.25623E+12,pain special vollkornbrot au seigle 500g
knorrr unileverr,3.01136E+12,soupe saveur poule au pot
mondelez norge as,7.6223E+12,oreo sjokoladetrukket 246 g
liebig,3.03681E+12,veloute de potiron et chataigne
saladinettes,20180379,betteraves rouges a lechalote
u,3.25622E+12,tartine croustillante seigle paquet de 250g
cfr fleurette yoplait,3.32977E+12,creme fluide a 30 de matieres grasses
paquito,3.25039E+12,confiture extra de fraises allegee 50 fruits
u,3.25622E+12,chips paysanne nature
carrefour,3.24541E+12,huile de colza
snack day,20550202,original stapelchips
cocacola,5.449E+12,zero sugar
wasa wasa  tasty snacks,7.3004E+12,delicate crisp rosemary  sea salt
simplement bon et bio,26006314,boisson a lamande
dr oetker,3.01893E+12,sticks dalsace 200g
la pie qui chante,3.66435E+12,280g michoko noir
crealine,3.42244E+12,puree de pommes de terre
alesto,20921002,cacahuetes grillees a sec
u,3.25622E+12,chocolat noir a patisser tablette de 200g
hacendado,8.48E+12,jamon pavo finas lonchas
paturages,3.25039E+12,emmental francais rape
carrefour,3.24541E+12,creme legere semiepaisse
ferrero,4.0084E+12,kinder pingui schoko 4erpackung
grillon dor,3.42156E+12,flocons davoine sans gluten
lucien georgelin,3.57242E+12,croc tout choc a la pate a tartiner
knorr,8.7227E+12,knorr soupe liquide poule vermicelles 1l
latelier pere dodu pere dodu,3.59669E+12,escalope cordon bleu de qualite superieure
auchan bio,3.59671E+12,avoine bio
marque repere tokapi,3.5647E+12,cacahuetes grillees et salees
nestle,11878797,nescafe special filtre
one day more,5.90288E+12,granola
ethiquable,3.76009E+12,the vert gingembre citron
nixe lidl,20275457,filet de thon au naturel
president,3.22802E+12,camembert
incarlopsa,8.42138E+12,mini taquitos jamon
alnatura alnatura gmbh,4.10442E+12,beerenmusli
hacendado,8.48E+12,salmorejo fresco
picard,3.27016E+12,nuggets de poulet panes
carrefour,3.56007E+12,aubergines a la provencale
entremontmonts  terroirs,3.12393E+12,comte
sous le pommier,3.27147E+12,jus pomme nature
epidor,3.56471E+12,pain de mie grandes tranches complet
hacendado,8.48E+12,mozzarella
heinz,87157451,mostarda heinz yellow top down 220 ml
fleury michon,3.30274E+12,tagliatelles au saumon a la creme ciboulette
carrefour,3.56007E+12,the vert menthe
kelloggs,5.05383E+12,extra original
calve,8.7112E+12,pindakaas
ebly,3.4874E+12,ble
hacendado,8.48E+12,altramuces
duc de coeur harvest basket frisan,20000066,pommes kartoffelballchen
mc cain,8.71044E+12,country potatoes aux herbes
bio village,3.56471E+12,tartines croustillantes au seigle et sesame
nestle,8.43526E+12,kefir natural
la boulangere,3.55607E+12,4 pains kebab
monini,80053835,olivenol
brioches fonteneau,3.27984E+12,pains au lait
cachet,5.41296E+12,chocolat noir uganda
goldoni annibale prosciutti srlparma,20622930,parma ham slices
snacks of the world,8.7113E+12,wasabi peanuts
u,3.25623E+12,sauce pesto verde bocal de 190g
nestle nestle dessert,7.61329E+12,nestle dessert pate a tartiner 590g
liebig,3.03681E+12,liebig legumes et kiri
hacendado,8.48E+12,pipas fritas peladas
alter eco,3.70021E+12,chocolat 100 republique dominicaine
lidl saveurs de nos regions,4.05649E+12,veritable cassoulet de castelnaudary
nissin,8.71243E+12,demae ramen spicy
mc cain,3.25683E+12,la noisette
borovets,3.8001E+12,tunkvana vafla s kakaova glazura
eat natural,50663811,fruit  nut bar dark chocolate
zywiec zdroj,5.90054E+12,niegazowany
amora,8.72018E+12,amora moutarde fine  forte flacon souple 460g
regain,3.25039E+12,sucre de fleur de coco bio
carrefour,5.4001E+12,carrefour sensation kefir lait demiecreme fermente
picard,3.27016E+12,saumon duo de guinoa et orge puree aux legumes verts sauce vierge a la framboise
lu mondelez,7.6222E+12,guet apens
lavazza,8.00007E+12,qualita oro
zuzu,5.94136E+12,zuzu iaurt 3 140 g
fleury michon,3.30274E+12,le moelleux
carrefour,3.56007E+12,chips paysanne nature
calve,8.7112E+12,pindakaas stukjes pinda
eat real,5.02649E+12,veggie straws  with kale tomato  spinach
mercadona,8.48E+12,yogurt bifidus natural
ethiquable,3.76028E+12,gianduja noir eclats de noisettes
tuong ot sriracha,24463061163,sriracha hot chili sauce
guylian,5.41098E+12,belgian chocolate guylian seashells
cocacola,6.13E+12,kwk kwl 1 ltr
primadonna,20507664,olive oil
brillante,8.41018E+12,sabroz arroz basmati
lete,8.00863E+12,acqua minerale
bonne maman,3.17853E+12,la madelein coeur chocolat
milbona,20064440,cream cheese spread
coca cola,5.00011E+12,cocacola zero
la minut mustar de masa,5.94149E+12,mustar de masa
marque repere douceur du verger,3.56471E+12,confiture de fraises
marque repere couleurs vives,3.56471E+12,amandes grillees
panzani,3.03836E+12,pz sce tom cuis nat 425g f12
alesto,4.05649E+12,pistachios roasted  salted
lidl saveurs de nos regions,4.05649E+12,6 galettes bretonnes ble noir
italiamo,20482343,novellini
hacendado,8.48E+12,nachos texmex
kif,6.194E+12,biscuit fourre a la creme gout chocolat
brets,3.49792E+12,chips les natures craquantes
2keep,8.71998E+12,all natural nut bar
siggis,3.02329E+12,skyr  cereales
lidl alesto,4.05649E+12,dattes deglet nour
quaker oats,30000010204,old fashioned
pikok,20690069,piratki filet z kurczaka
baresa,20285685,tomato purre
reinert,4.00623E+12,martinel pate
ricola,7.6107E+12,50g ricola cassis
sainsburys,1771879,swiss style muesli
oatly,7.39438E+12,chocolate oat drink
gullon,8.41038E+12,peak cocktail crackers
elmlea,8.7192E+12,100 per cent plant alternative to dairy double cream
nestle nescafe,5.01155E+12,nescafe original
quorn,5.0195E+12,24 crispy nuggets
gullon,8.41038E+12,gluten free oats orange
les danone du monde,3.03349E+12,skyr citron
unilever,5.00018E+12,marmite
pilgrims choice,5.00017E+12,extra mature cheddar
yeo valley,5.03659E+12,yeo kefir raspberry
sacla,8.00106E+12,pesto alla genovese
quaker oats,30000012000,quick 1minute oats
colmans,8.7141E+12,horseradish sauce
jamie oliver,5.0301E+12,ultimate black daal
morrisons,5.01025E+12,mighty malties
nestle,3.02329E+12,lindahls kvarg stracciatella with chocolate pieces
suzi wan,4.00236E+12,suzi wan sauce soja sucree
auchan,3.59671E+12,petits pains grilles complet sans sucres ajoutes
tesco,5.0514E+12,tropical fruits granola
bjorg,3.22982E+12,le croustillant chocolat noir  fruits rouges
hacendado,8.48E+12,cocktail tostado ahumado
tesco,5.05114E+12,parmigiano reggiano
aldimoser roth,4.0886E+12,organic peruvian 70 cocoa dark chocolate
vermondo,4.05649E+12,tortilla wraps carrot
findus,3.59974E+12,croustiexpress la classique
richmond,5.00034E+12,8 meat free sausages
bodymass,8.71884E+12,protein cookie
gateau,8.41009E+12,dulcesol snack cacao
kind,6.02652E+11,oats  honey granola with toasted coconut
nandos,6.00377E+12,nandos sweet chilli jam medium
muller,5.0176E+12,salted british butter
appletiser cocacola,6.00105E+12,100 sparkling apple juice
harvest morn,4.0886E+12,tropical fruits granola
calve,8.72018E+12,beurre de cacahuetes
batchelors,5.00023E+12,batchelors marrowfat bigga peas
lindt lindt  sprungli lindor,8.00334E+12,lindor assorted chocolate truffles box
walkers,51000062,salt  shake potato crisps
merchant gourmet,5.0181E+12,persianstyle quinona amp lentils
barilla mulino bianco,8.07681E+12,crema pan di stelle
carrefour bio carrefour,3.56007E+12,noir 80 cacao equateur
kallo,5.01367E+12,organic mushroom stock cubes imp
aleyna,5.02582E+12,roasted red peppers in brine and vinegar
bjorg,3.22982E+12,crousti petales chocolat noir bio
dorset cereals,5.01836E+12,pecanalmond muesli crunch
tria,6.11101E+12,tria couscous moyen
aldi,4.0886E+12,reduced fat coconut milk
like meat,4.26038E+12,like chicken
herta,3.15423E+12,herta bacon csn 10t
lidl,20803360,wholegrain rice with quinoa
kp,5.00024E+12,salt and vinegar flavour peanuts
milbona,4.05649E+12,budino proteico cioccolato xxl
tesco,5.00012E+12,sage  onion stuffing mix
waitrose,5.00017E+12,coconut milk
kelloggs,5.05932E+12,special classic maxi
nairns,6.12322E+11,coconut  chia oat biscuits imp
halta,8.00417E+12,halta
belbake,20448554,strong wholemeal bread flour
tesco,5.0597E+12,fruit muesli
hacendado,8.48E+12,jamon cocido
post consumer brands post,8.84912E+11,shredded wheatn bran
lidl,4.05649E+12,red kidney beans in water
sainsburys taste the difference,356251,superseed soft suite farmhouse
birds eye,5.00012E+12,chicken dippers
nevills,5.05775E+12,white tortilla wraps
baxters,5.01243E+12,baxters vegetarian lentil and vegetable soup
trapa,8.41068E+12,85 cacao collection
lidl,4.05649E+12,brown sauce
stokes,5.06009E+12,garlic mayo
waitrose,5.00017E+12,rye  wheat sourdough
tesco,5.00044E+12,organic butter
lays,8.90149E+12,lays classics salted 20rs
vemondo,4.05649E+12,snack balls figues graines de chia noix
fage,6.89544E+11,total 0 milkfat
thecoconutcollab,5.06043E+12,raspberry coconut yog
tre marie,8.00219E+12,ancora uno frolla con cioccolato in pezzi
bimo,6.11103E+12,merendina double choco 36g
marks  spencer,29306480,granola high protein peanut  oat
newgate,20018443,cream of tomato soup
cadbury,7.62221E+12,creme egg
jaouda,6.11124E+12,ghilal
grafschafter lidl,20501327,pane proteico
morrisons,5.01025E+12,all butter shortbread fingers
ms collection,29308750,authentic greek yoghurt with vanilla
savour bakes,4.0886E+12,thins cheddar  pepper
lesieur,3.26547E+12,lesieur 475g mayonnaise
lidl,4.05649E+12,lightly salted hand cooked potato crisps
rugenwalder muhle,4.00041E+12,vegan curry aufschnitt
the collective,5.05614E+12,suckies peach and apricot
worldwide foods,4.0886E+12,special coconut rice
prime,8.50004E+11,strawberry watermelon flavour
everyday essentials,4.0886E+12,10 fish fingers
by sainsburys,204392,6 plain folded flatbreads
hw nevills,5.05755E+12,part baked baguettes
hacendado,8.48E+12,ajo granulado
proper corn,5.06028E+12,proper corn sweet popcorn
thats it,8.50001E+11,mini fruit bars
rana,8.00167E+12,spinach  mozzarella filled panfry gnocchi
terra delyssa,6.19151E+12,huile dolive extra vierge zero residu de pesticides
hellmanns,8.72018E+12,tomato ketchup
mcvities mcvities,5.00017E+12,jaffa cakes
juicy marbles,3.83007E+12,thickcut filet
riyas,5.06042E+12,plain naan bread
barcel,8.4126E+12,takis queso volcano 100g
chergui,6.11113E+12,lait de chevre
selectgo,4.05649E+12,salade veggie boulgour legumes lentilles graines de courge
merchant gourmet,5.05622E+12,brown red  wild wholegrain rice
jd gross lidl,4.05649E+12,vollmilch extra cremig 30
bimbo,6.11126E+12,bimbo maxi tacos
hacendado,8.402E+12,caldo cocido
doritos,3.16893E+12,doritos saveur barbecue
carrefour bio carrefour,3.56007E+12,galettes epeautre
yoplait,3.32977E+12,brasse a la grecque
maribel,4.05649E+12,confiture fraises allegee en sucres
sondey,4.05649E+12,bio biscuits a lavoine
hacendado,8.48E+12,pepinillos agridulces
lidl,4.05649E+12,lait demiecreme
lidl,20046538,melange de fruits secs
badoit,3.06832E+12,badoit fruits rouges
yoplait,3.32977E+12,brasse nature
aldi,4.06146E+12,solesta olive oil
kelloggs,5.05932E+12,crunchy nut
mars foods,5.00016E+12,celebrations
marque repere jafaden,3.5647E+12,jus dorange pour jus
lu mondelez pelletier,3.39246E+12,les gourmands pelletier biscottes tradition
lumondelezpepito,3.01776E+12,pockitos chocolat au lait
lactalis president,3.15525E+12,beurrier saveur gastronomique doux
benenuts,3.16893E+12,benenuts cacahuetes grillees  salees
la boulangere bio la boulangere,3.28423E+12,6 pains au chocolat bio pur beurre 270g
president,3.22802E+12,president emmental coeur de meule 400g
bs,3.58028E+12,amandes decortiquees
suzi wan,4.00236E+12,lait de coco
creme dessert mont blanc,3.70028E+12,creme dessert praline
belin,3.01776E+12,belin best of
nestle,3.70012E+12,pure life
jacquet,3.02933E+12,burger creation graines x4 260g
intersnack monster munch vico,3.33697E+12,monster munch gout jambon fromage
gerble,3.17568E+12,gerble  sugar free orange chocolate chip shortbread 132g 47oz
ker cadelac,3.25943E+12,ker cadelac  quatrequarts pure butter cake 500g 176oz
jean herve,3.39039E+12,puree amande complete
jura flore,3.54286E+12,comte 15 mois
marque reperenotre jardinscamark filiale e leclerc,3.5647E+12,lentilles vertes
brossard,3.08887E+12,brossard  le cake aux fruits 300gr
borsec,5.94222E+12,borsec regina apelor minerale apa minerala natura carbogozoasa
ker cadelac,3.25943E+12,madeleines extra moelleuses
mix buffet,3.70001E+12,salade snacking bol caesar 250g mix
liebig,3.03681E+12,veloute de tomates
bjorg,3.22982E+12,biscuits aux pepites de chocolatnoir et au lin
marque repere notre jardin scamark filiale e leclerc,3.5647E+12,haricots verts extra fins 44
tablier blanc,3.5647E+12,pate feuilletee
too good,3.24555E+12,le veggie snack poppe aux legumes
marque repere jafaden,3.5647E+12,pur jus de pomme
marque repere les croises scamark filiale e leclerc,3.5647E+12,camembert
chabrior intermarche,3.25039E+12,pain de mie nature extra moelleux
delices de kerloch sondey,20396138,madeleines
marque repere les croises,3.5647E+12,beurrier tendre 80mg
freshona,20083304,cornichons  extra fins au vinaigre
carrefour reflets de france,3.24539E+12,galettes de sarrasin preparees en bretagne
barilla,8.07681E+12,pates tortellini jambon fromage collezione 250g
picard,3.27016E+12,buddha bowl pates au basilic
bordeau chesnel,3.02472E+12,rillettes de poulet roti en cocotte
cote dor,7.62221E+12,180g c or lt raisin noiset
bouton dor,3.25039E+12,moutarde de dijon bio
marque repererustica,3.5647E+12,olives vertes denoyautees
old el paso,8.41008E+12,salsa dip mild
saupiquet,3.16596E+12,thon a la catalane
ptit louis,3.27277E+12,ptit louis
delpierre,3.03868E+12,filet de harengs doux
badoit,3.06832E+12,badoit zest citron
jardin bio lea nature,3.76002E+12,sirop dagave equitable
carrefour,3.56007E+12,8 pains au chocolat au levain
andros,3.60858E+12,pomme chataigne
lays,3.16893E+12,lays 3ds bugles gout cacahuete
marque repere rustica,3.5647E+12,ketchup reduit en sucres
marque repere leclerc epi dor,3.5647E+12,extra moelleux  nature
picard,3.27016E+12,eminces de poulet tagliatelles completes et legumes facon wok
delikato jutro,4.06146E+12,tomatenketchup
picard,3.27016E+12,4 filets de cabillaud panure croustillante
sodebo pasta xtrem,3.24227E+12,xtrembox  radiatori 4 fromages
carrefour groupe carrefour,3.27019E+12,cornichons extrafins aux 5 epices et aromates
chene dargent,20024710,fromage doux et cremeux 31  mg
marque repere les croises,3.5647E+12,saintemaure fromage de chevre
intersnack vico,4.0171E+12,vico pop corn baff caramel
panzani,3.03836E+12,tomacouli nature
marque repere tokapi,3.5647E+12,sticks  bretzels
marie,3.24883E+12,canard confit  ecrase de pdt
liebig,3.03681E+12,cepes  bolets a la creme fraiche
maitre jean pierre,20712587,pains au chocolat
carrefour,3.56007E+12,coquillettes ble complet
aachener zucker und backwaren paul schaeffer favorina lidl,20036188,pains depices
lucien georgelin,3.33072E+12,abricot bio
crownfieldlidlnordgetreide,20983505,milkchoco bits
nestle,8.4101E+12,chocapic
siggis,3.02329E+12,skyr nature
kuhne kuhne,3.10471E+12,petit croquants
jardin bio lea nature,3.76002E+12,tirebouchons semicomplets
lindt,3.04692E+12,creation praline feuillete
alsan,4.00272E+12,biomargarine gold
cfr yoplait yoplait,3.32977E+12,creme fraiche legere
jd gross,20691998,chocolat noir a la pointe de sel
carrefour,3.56007E+12,tortillas chips nature
lindt,4.00054E+12,lapin dor chocolat au lait
carrefoursimpl,3.24541E+12,fromage blanc 0
marie,3.24883E+12,riz a la cantonaise
miel lapiculteur,3.08854E+12,miel acacia de france
carrefour,3.27019E+12,vinaigre balsamique de modene
freshona,20573577,haricots blancs a la tomate
saint eloi,3.25039E+12,haricots rouges
materne,3.02176E+12,pompotes 5 fruits pomme goyave mangue ananas passion
marque repere natvie,3.5647E+12,boisson a la noisette
hacendado,8.48E+12,sardinillas en aceite de oliva
marque repere les croises,3.5647E+12,fromage a tartiner nature 25
hacendado,8.48E+12,garbanzos
cocacola coca,5.00011E+12,cola
crownfield,20983512,barrette arachidi e cioccolato al latte
lidl,20057152,oeufs frais
haribo,3.10322E+12,mao croqui
materne,3.02176E+12,pompotes 5 fruits sans sucres ajoutes
la boulangere,3.76005E+12,pain farine depeautre  graines 260g
natural happiness,8.7113E+12,seed mix melange de graines
saupiquet,3.16595E+12,thon entier nature
st hubert st hubert omega 3,3.36632E+12,st hubert omega 3 600 g doux format special
barilla gran cereale,8.07681E+12,gran cereale classico
bellarom,20941116,cappuccino vanille
cauvin,3.33659E+12,cauvin  huile vierge de sesame grille bio
artiach,8.41018E+12,dinosaurs
puleva,8.4117E+12,leche de nueces omega 3
pompotes,3.02176E+12,compote pomme
real thai,8.85814E+12,creme de coco
marque repere,3.5647E+12,eau de source de montagne laqueuille
marque repere picexpress tables du monde,3.5647E+12,houmous puree de pois chiches aux graines de sesames
ricola,7.6107E+12,bonbons aux plantes
schar,8.0087E+12,biscottes
cocacola company,90370960,cocacola original
galbani,8.00043E+12,ricotta cremosa
italiamolidl,20431488,domaten sos ss sirene pekorino romano znp
karelea lea nature,3.4563E+12,avoine chocolat
alpro,5.41119E+12,chocolate soya imp
daucy,3.0178E+12,flageolets extra fins daucy 530g
eat natural,5.0138E+12,almond  apricot bars
regents park,3.51385E+12,muffin a la farine complete  7 graines
florbu,8.41141E+12,desayuno integral
fleury michon,3.30274E+12,tagliatelles au poulet sauce pesto
nestle thomy nestle thomy,40056265,sauce hollandaise
liebig,3.03681E+12,veloute de legumes du soleil
barilla norge,8.07681E+12,basilico
pate feuilletee,3.701E+12,pate feuilletee
milbona pilos lidl,4.05649E+12,fromage blanc ultra proteine fraise
pringles,5.05399E+12,pringles cheese  onion
kinder,8.0005E+12,brioss
famille michaud,3.08854E+12,miel bio de fleurs
chene dargent,20024727,french brie
lesieur,3.21017E+12,huile de pepins de raisin
clement faugier,22314010100,creme de marrons
bio organic oaklands,20240059,organic vine tomatoes
hacendado,8.48E+12,nuggets de pollo
nongshim,8.80104E+12,soon veggie ramyun noodle
baresa combino,20411978,lasagnes
hacendado,8.48E+12,leche fermentada con fresa para beber
beckys,8.71331E+12,garlic bread
galbusera,8.00219E+12,crackers con sal
light  free 0,3.03349E+12,mousse au fromage blanc sur lit de fruits
la minut orkla,5.94149E+12,mustar dulce
milbona,20664459,feta
lidl,4.05649E+12,tomato ketchup
ikea,1.20484E+12,huvudroll plant balls
maitre jean pierre,4.05649E+12,briochettes aux pepites de chocolat au lait
oluf lorentzen as,8.00511E+12,polpa di pomodoro
marque repere grainea,3.56471E+12,grainea chocolat au 5 cereales
snack day,4.05649E+12,wheat tortilla wraps
haribo,3.10322E+12,haribo dragolo
lidl envia,4.05649E+12,yaourts aux fruits 0 de matieres grasses
vereia,3.80075E+12,krave kiselo mliako 45
dr oetker,4.00052E+12,puddingpulver vanillegeschmack 3erpack
carrefour bio carrefour,3.56007E+12,croustillant chocolat
dovgan dovgan family korniger frischkase,4.03255E+12,koniger frischkase
vemondo,4.05649E+12,tofu marinovane
lidl,4.05649E+12,pan de pipas girasol y calabaza
milk,8.03407E+12,kefir bio
waitrose,5.00017E+12,wholegrain bran flakes
lightbody,3.70044E+12,mini gaufres au chocolat au lait
jeffs,4.00864E+12,erdnussbutter
alpro,5.41119E+12,single soya cream
mccain,8.71044E+12,alumettes just au four
liebig,3.03681E+12,mouline de legumes verts
doritos,8.4102E+12,chilli
dulano,20971496,prosciutto cotto
acti leaf,4.0886E+12,soya milk
trader joes,2.00605E+12,amandes grillees
nautica,4.05649E+12,norwegischer raucherlachs
certossa,20850753,gallette di mais
cadbury,7.6223E+12,dairy milk chocolate bar
saida,6.19401E+12,biscuits super extra
panzani,3.03836E+12,sauce au basilic et tomates fraiches de saison
pepperidge farm,14100085478,goldfish
kelloggs,5.05932E+12,granola con avena
filippo berio,8.00221E+12,extra virgin olive oil
carrefour,3.56007E+12,cocktail sans sel ajoute
elle  vire,3.45179E+12,le beurre tendre
heinz,5.00016E+12,original sandwich spread
tanoshi,3.22982E+12,kimchi
pilos,20465384,pilos cottage cheese light 3
quaker oats,5.00011E+12,quaker oat so simple big bowl original porridge
fundo sofruco,8.48E+12,ciruelas desecadas sin hueso
nescafe,7.61304E+12,gold blend decaff
quaker oats,5.00011E+12,oat crisp
elephant,8.72061E+12,infusion bio detox
harbour salmon co,5.05595E+12,prime salmon smoked over a balanced blend of selected woods
cowbelle,4.0886E+12,british whole milk
pizza express,5.0393E+12,house light dressing
mccambridge,5.09963E+12,wholewheat bread
milbona,4.05649E+12,gouda holland jeune
cocacola,5.00011E+12,cocacola original
tesco,5.00012E+12,raisins secs
cadbury,7.6222E+12,brunch bar raisin
waitrose,5.00017E+12,berry granola
walkers,5.00033E+12,walkers cheese  onion crisps 6pk
quorn,5.0195E+12,crispy nuggets
lurpak,5.7409E+12,smorbar
hacendado,8.48E+12,patatas fritas sabor campestre
asda,5.05478E+12,bran flakes
simply,20884208,peeled plum tomatoes
silver spoon,5.01007E+12,british icing sugar
kiri,3.07378E+12,kiri fouette pot
linwoods,5.01689E+12,milled organic flaxseed
arla,7.31086E+12,lactofree spreadable butter
bramwells,4.0886E+12,pickled gherkins
yosoy,8.42335E+12,bebida de avena
ms,851985,spiced lentil  tomato soup
prime,8.50004E+11,lemon lime
saint alby,4.05649E+12,blanc de poulet
speciallyselected,4.0886E+12,caramelised red onion chutney
rachels organic,5.02164E+12,greek style coconut yogurt
tesco,5.0514E+12,haricot beans in water
chobani,8.947E+11,greek yogurt whole milk plain
peters yard,5.0602E+12,seeded sourdough flatbreads
sainsburysby sainsburys,53327,british plain flour
thesnack organisation,9.41799E+12,lightly salted rice crackers
asda,5.05478E+12,honey
waitrose,5.00017E+12,greek style yogurt
tesco,5.0514E+12,borlotti beans in water
tesco,5.05951E+12,reduced salt tesco baked beans
aldi,4.06146E+12,grana padano
cemoi,3.17329E+12,petit ourson guimauve
sainsburys,1208450,semi skimmed british milk
knorr,8.71052E+12,veggie stock cubes
stockwell,5.05775E+12,gronola
tablier blanc,3.56471E+12,sucre en poudre blanc
alsa,6.11101E+12,sucre arome fleur doranger
asda,21045622,baked beans
black farmer,5.06008E+12,6 premium pork sausages
vitasia,4.05649E+12,konjac noodles
findus,3.59974E+12,colin dalaska a la bordelaise
muller,4.0255E+12,strawberry corner
del monte,24000124023,cocktail de fruits au jus de raisin
heinz,5.00016E+12,carrot  coriander soup
tesco,5.05128E+12,oaties biscuits
cadbury,5.03466E+12,twirl chocolate bar
love corn,5.06049E+12,love corn smoked bbq
pikarome,6.11107E+12,kethup classic tomato 240 g
blue dragon,5.01034E+12,coconut cream
colmans,5.00015E+12,chilli con carne recipe mix
tesco finest,5.00044E+12,tesco finest raspberry conserve
kiri,3.07378E+12,kiri fouette pot
lidl,4.05649E+12,red pepper houmous
zott,4.0145E+12,protein pudding
alpro,5.41119E+12,natur mit kokosnuss
sicam,6.19406E+12,harissa du cap bon
tesco,5.00046E+12,bolognese pasta sauce
aiguebelle,6.11102E+12,tentation
moser roth aldi,4.0886E+12,sea salt chocolate
cucina,4.0886E+12,tomato puree
montezumas,5.06072E+12,giant buttons
fage fruits,5.20105E+12,thick  smooth strained yoghurt
crownfield lidl,4.05649E+12,apple  cinnamon porridge oat bars
tesco,5.05114E+12,tesco organic squeezy clear honey
waitrose,5.00017E+12,wr shortbread fingers 200g
belbake,20018191,self raising flour
alesto,4.05649E+12,arachides grillees
risi,8.41186E+12,chips
potts,5.06018E+12,vegetable stock
sainsburys by sainsburys,1016451,tomato soup
excelo,6.11126E+12,silvia duo
tesco,5.05211E+12,dried mango
bens,3.4874E+12,riz cantonais
pizza express,5.01022E+12,dough balls
sainsburys,1796124,brown basmati rice
taste the differencesainsburys,318976,taste the difference 4 all butter croissants
lidl,4.05649E+12,wholegrain red  wild microwavable rice
the groovy food company,5.0387E+12,organic coconut sugar
pepsi,6.11125E+12,pepsi canit 250 ml
unearthed,5.01029E+12,spanish potato tortilla omelette
raw halo,5.06043E+12,dark  salted caramel vegan chocolate
haagendazs,3.41558E+12,strawberry cheesecake ice cream
full green fullgreen,5.06042E+12,riced cauliflower  broccoli
surreal,5.07E+12,cereal
takis,7.57528E+11,takis dragon sweet chilli
tesco,3320501,houmous
hip pop,5.06051E+12,apple  elderflower organic kombucha
tria,6.11101E+12,spaghetti
heavenly hunks,8.57549E+11,ridiculously amazing organic oatmeal dark chocolate
eurospin mister sibamba,8.0176E+12,crema di arachidi
mars,4.0099E+12,skittles taste the rainbow fruits
nairns,6.12322E+11,oaties
graze,5.05596E+12,cocoa vanilla flapjack
hovis,5.01E+12,hovis rustic seeded bloomer
aldi,4.0886E+12,peach slices in juice
by sainsburys,322782,rice noodles
asda,5.05717E+12,high bran
bol,5.06043E+12,thai massaman curry
hacendado,8.48E+12,mermelada melocoton
hacendado,8.402E+12,salsa pesto con albahaca
heinz,5.00016E+12,sundried cherry tomato  basil
cadbury,7.6222E+12,instant hot chocolate
whitworths,5.00023E+12,banana chips
taste the difference sainsburys taste the difference,494168,caramelised onion chutney
calbee harvest snaps,71146008274,baked green pea snacks lightly salted
deluxelidl,4.05649E+12,pistachio pesto
yoplait,3.32977E+12,panier de yoplait  aux bons morceaux de fruits  fruits jaunes
tesco,5.0597E+12,rosemary crackers
ja,4.33726E+12,kakao drink
hunter  gather,6.04565E+11,avocado oil mayonnaise
yoplait,3.32977E+12,panier de yoplait
oatly,7.39438E+12,latte avena senza zucchero
dost,6.11125E+12,dost brasse fraise
prime,7.64999E+12,prime blue
cadbury,7.6222E+12,oreo
twix,5.90095E+12,twix xtra
rigoni di asiago,8.05258E+12,mini tartelettes
dawtona,5.90171E+12,tomato ketchup
alpro,5.41119E+12,red berries plant protein alternative to yoghurt
jibal,6.11125E+12,beurre jibal 1kg
higgidy,5.06014E+12,slowroasted tomato broccoli  spinach quiche
rewe bio,4.33726E+12,frischkase
bjorg,3.22982E+12,noisette sans sucres
cereal bio,3.17568E+12,tofu cuisine tomate mozzarella et basilic
kinder,8.0005E+12,crunchy cookies
revey,6.11127E+12,flocons davoine
eat natural,8.0005E+12,maple syrup pecan  penuts protein bar
perrier,8.44529E+12,boisson petillante saveur citron
tesco,3457597,medjool dates
nooco,6.11127E+12,lait cremeux
jaouda,6.11127E+12,yaourt a boire sans lactose
delacre ferrero,3.11643E+12,biscuits delacre cigarettes russes  200g
barilla,8.07681E+12,pates coquillettes 500g
bimbo,8.4126E+12,pan de molde 100 natural integral
president,3.22802E+12,president buche fondante chevre format familial 250g
picard,3.27016E+12,poulet au curry et au lait de coco duo de riz
jardin bio lea nature,3.76002E+12,muesli aux graines gourmandes
crusti frais toque du chef,20250447,pate feuilletee pur beurre
agir carrefour carrefour carrefour city,3.24541E+12,vitality sesame
bio village marque repere,3.56471E+12,petits pains grilles
u,3.25622E+12,muesli croustillant 3 chocolats
president,3.22802E+12,beurre tendre doux
bjorg,3.22982E+12,borg riz complet
favrichon,3.1119E+12,muesli croustillant
joker,3.12334E+12,le pur jus multifruits
u u bio,3.25622E+12,biscottes au froment germe de ble 300g
marque repere les croises scamark filiale e leclerc,3.5647E+12,coulommiers
carrefour bio,3.56007E+12,crackers emmental  pipas de calabaza
tropicana,3.16893E+12,tropicana oranges pressees sans pulpe
bio village marque repere,3.56471E+12,100 pur jus orange
nestle lion,7.61304E+12,nestle lion cereales 750g
danone danone set plain,3.03349E+12,danone le nature 125 g x 12
gerble,3.17568E+12,galette mais chocolat au lait
charles  alice,3.29776E+12,pommes myrtille ssa
regilait,3.04393E+12,lait ecreme bio en poudre
cfr richesmonts savencia,3.17658E+12,fromage la raclette classique
yop gf yoplait,3.32977E+12,yop framboise
carrefour biocarrefour,3.24541E+12,riz sans sucres ajoutes
heudebert lu mondelez,3.01776E+12,crackers aperitif ble complet
ducros,3.16629E+12,ail semoule
balisto,5.00016E+12,balisto miel amandes x10
envia  lidl,20139346,beurre doux extrafin
cereal bio,3.17568E+12,les pains complets  seigle aux graines de lin
twinings,5.05595E+12,the vert saveur citron 25 sachets de 2 g
carrefour,3.24541E+12,madeleines moelleuses
freeway,20229108,cola zero
pepsico quaker,8.7104E+12,hunky baked granola nuts amp seeds
lotus,3.21506E+12,lotus gaufres fourrees coeur fondant vergeoise 310g 5x2p
bonne maman,3.04532E+12,confiture fraises
jardin bio lea nature,3.4563E+12,ravioli chevre et ciboulette
italiamo lidl realforno realforno lidl,20034177,cantuccini alle mandorle
chabrior chabrior bio,3.25039E+12,biscuit sesame bio
carrefour,3.56007E+12,ratatouille a la provencale
badoit,3.06832E+12,bulles de fruit citron touche de menthe
paturages,3.25039E+12,emmental francais rape  210g 
petit navire,3.01908E+12,salade a la mexicaine
milka,7.6223E+12,choco moo
paysan breton,3.18403E+12,paysan breton  beurre moule doux
vahine,3.17914E+12,chocolat noir pepites
carrefour,3.24541E+12,vitality orange  soja
picard,3.27016E+12,veloute lentilles corail
carrefour reflets de france,3.24539E+12,palets bretons
carrefour,3.24541E+12,8 tortillas au ble
daucy,3.0178E+12,legumes cuisines pour couscous daucy 800g
fuzetea,5.449E+12,fuze tea peach hibiscus
carrefour,3.56007E+12,carrefour classic mayonaise a la moutarde de dijon
deluxe,20278144,pain depices aux fruits
carrefour bio carrefour,3.24541E+12,huile vierge de colza
haribo,3.10322E+12,zanzigliss 300g
crealine,3.42244E+12,lecrase de pommes de terre beurre et sel de guerande
maille,8.7121E+12,vinaigre balsamique de modene
president,3.24457E+12,rondele ail de garonne et fines herbes 125g
alter eco,3.70021E+12,chocolat noir intense degustation
u u bio,3.25622E+12,biscuits sables bio amandes citron paquet de 200g
carrefour,3.27019E+12,creme fraiche epaisse entiere
knacki herta,7.61304E+12,herta knacki veggie saucisses vegetales x10  350g
st michel,3.17853E+12,cake moeles
ethiquable,3.76009E+12,chocolat au lait riz souffle
plancoet,3.17975E+12,eau minerale naturelle
pasquier,3.25654E+12,brioche tressee tranchee pepites
ricola,7.6107E+12,bonbons ricola aux plantes
isigny sainte mere,3.25455E+12,creme fraiche disigny
danone fjord fjord nature,3.03349E+12,fjord nature 125 g x 8
jacquet,3.02933E+12,24 petites tranches nature sans sucres ajoutes
marque repere ptit deli,3.5647E+12,madeleines coquilles
hacendado,8.48E+12,bacon cintas
haribo,3.10322E+12,300g polka haribo
carrefour,3.56007E+12,chips a la crevette
bn,5.00017E+12,ptit dej  biscuits nappes de chocolat au lait
cassegrain,3.08368E+12,gourmandise de pois a la provencale
connetable,3.26367E+12,filets de maquereaux a la moutarde de dijon
les comtes de provence,3.3245E+12,les comtes de provence  apricot preserves 350g 123oz jar
la boulangere,3.55607E+12,6 pains wraps 370g
samia,3.27665E+12,sauce samourai pimentee
paturages,3.25039E+12,yaourt a la grecque pot 1kg
delisse marque repere,3.5647E+12,fromage frais nature au lait demiecreme
elinas,4.00349E+12,joghurt griechischer art
toque du chef,20927790,croutons saveur ail
paturages,3.25039E+12,la pyramide
liebig,3.03681E+12,legumes  et vermicelles
picard,3.27016E+12,couscous semoule falafels courgettes carottes celeri
marque repereles croises,3.5647E+12,ricotta 11 mat gr
daucy,3.0178E+12,haricots rouges daucy 500g
hacendado,8.48E+12,choco fundir 0 azucares anadidos 70 cacao
delikatojutro,4.06146E+12,delikatessmayonnaise
toque du chef,20165680,colin dalaska sauce citron  son riz
dulano,20048402,freshly baked chocolat croissant
carrefour,3.52368E+12,filet de limande du nord facon meuniere
bio village marque repere,3.56471E+12,chocolat noir dessert bio
maison fossier,3.43507E+12,biscuits rose de reims
siggis,3.02329E+12,skyr nature 22
delpierre,3.03868E+12,maquereaux fume poivre
hacendado,8.48E+12,mantequilla con sal
schar,8.0087E+12,wraps
noiseraie,3.76008E+12,choko noir
pierre martinet,3.28178E+12,taboule aux 5 legumes
brossard,3.66014E+12,savane familial chocolat noir
lidl,4.05649E+12,saguaro
freeway,20298555,limonade bio sucre de canne citron
hacendado,8.48E+12,ricotta
wasa,7.3004E+12,knackebrot rustikal vollkorn
reinert,4.00623E+12,wurst barchenstreich
rice up,3.80023E+12,brown rice cakes
saint eloi,3.25039E+12,riz basmati bio 500g
mercadona,8.42551E+12,pan de centeno 51
hacendado,8.48E+12,magdalenas integrales 0
president,3.22802E+12,crema de camembert
jardin bio lea nature,3.76002E+12,infusion thym doux et fleuri
activia,3.03349E+12,yogurt muesli cacao  noisettes
maison tino,3.33831E+12,pommes dauphine
hacendado,8.48E+12,belgas
carrefour,3.56007E+12,haricots blancs a la tomate
nissin,5.99752E+12,coup noodles beef
u,3.25623E+12,sauce soja 150ml
mcvities,5.0004E+12,the original digestive
milka mondelez,7.6224E+12,luflee alpenmilch
jamar,5.90672E+12,postre de manzana
barilla mulino bianco,8.07681E+12,granetti integrali
auchan auchan bio,3.59671E+12,pain de mie a la farine complete biologique
fol epi fromageries perreault savencia,3.09029E+12,fol epi
hacendado,8.48E+12,chicles menta
balconi,8.00159E+12,mix milk
lays,8.4102E+12,receta campesina
lavazza,8.00007E+12,crema e gusto classico
volvic,3.05764E+12,eau minerale naturelle
goldback aldi sud,4.06146E+12,eiweiss brot
zentis,4.00258E+12,erdnussbutter
delisse marque repere,3.5647E+12,fromage blanc 3
elle  vire ellevire international savencia,3.45179E+12,elle  vire desserts lactes mon grec nature
hacendado,8.48E+12,cuquis
uu bio,3.25623E+12,puree damandes completes
kania,20713195,bilal
freshona,20009847,fasola biala w sosie pomidorowym
hacendado,8.48E+12,salsa mexicana
lotus,5.41013E+12,lotus biscoff speculoos fourre  creme saveur vanille  150g
knorr,8.71052E+12,knorr bouillon de legumes sans sel 8 tablettes 72g
lindt,3.04692E+12,excellence dark 70 cocoa
rice up,3.80023E+12,brown rice cake
auchan,3.59671E+12,fromage blanc 32 de matiere grasse
tropicoco,8.71286E+12,coconut water
benedicta,3.6606E+12,mayonnaise citron
hacendado,8.48E+12,leche entera
hellmanns,5.00018E+12,hellmanns real mayonnaise
bonne maman,3.17853E+12,tendre coeur chocolat
oluf lorentzen as,8.00511E+12,polpa rustica di pomodoro
quaker,5.00011E+12,quick cooking white oats
vitasia vitasia lidl,20564483,ready to wok lidl woknoodles
lovilio,4.05649E+12,mini mozarella
galbusera,8.00219E+12,riso su riso croccantezza integrale
asda,20332167,british whole milk
balocco,8.0011E+12,saracene
crownfield lidl,20419455,honey hoops
carrefour,3.56007E+12,miel de fleurs brut de ruche
findus,3.59974E+12,cabillaud  facon fish and chips
l roses  co ltd roses,50183364,roses lemon and lime
monster,5.06034E+12,monster energy ultra
benedicta,3.6606E+12,mayonnaise comme a la maison
herta le bon paris,3.15423E+12,herta le bon paris jambon a letouffee sans nitrite x8 280g
auchan auchan bio,3.59671E+12,flocons davoine
milbona,4.05649E+12,kefir
carrefour carrefour classic,3.56007E+12,noisette
aldi,4.0886E+12,nutoka
cadbury fingers,7.6222E+12,fingers
gullon,8.41038E+12,galleta crocant con copos de avena zero
milka,6.0351E+12,milka galaktos
satono yuki,4.97365E+12,tofu
herta le bon paris,3.15423E+12,herta le bon paris jambon torchon sel reduit ss nitrite x4
andros,3.60858E+12,gourmand et vegetal a la grecque nature
go on,5.90062E+12,proteinriegel
tom,6.194E+12,chocotom
hacendado,8.48E+12,tomate triturado
onken,7.6109E+12,natural biopot yogurt
picard,3.27016E+12,wok de legumes et nouilles a lasiatique
kirkland signature,96619955886,maple syrup
tesco,5.00012E+12,tesco set honey
igor lidl milbona,20053468,gorgonzola dop mild
mornflake,5.01003E+12,jumbo scottish oats
vimto mac,5.01044E+12,vimto
merci les eleveurs vous disent merci,3.25039E+12,fromage blanc 32 mg merci
lidl,4.05649E+12,cabillaud facon fish and chips
belvita,7.62221E+12,strawberry yogurt duo crunch
lidl,20162511,original oatsoeasy
pataks,5.01131E+12,pataks madras spice paste
aldi,4.0886E+12,scottish seeded oatcakes
haribo,4.00169E+12,goldbaren
alesto  lidl  lidl,20948399,pumpkin seeds
panzani,3.03836E+12,torti au ble complet
kingsmill,5.01009E+12,bread
harvest basketlidl,20829735,pommes frites
alka,5.9495E+12,pretzels with olives
sainsburys,181402,fresh whole milk
tilda,5.01116E+12,brown basmati rice
mulino bianco,8.07681E+12,cracker salati con lievito madre mulino bianco
coop,5.00013E+12,sliced tiger bloomer
walkers,5.00033E+12,wotsits
activia,5.06036E+12,activia yougurt
crownfield,4.05649E+12,barrre de cereales chocolat noir
essentials waitrose  partners,5.00017E+12,porridge oats
lidl,20803377,5 whole grains and rice microwaveable
aldi,4.0886E+12,quixo gravy granules
rakusens of yorkshire,5.01011E+12,matzos flame baked crackers
waitrose,5.00017E+12,tahini
oxo,5.00018E+12,chicken
u,3.25623E+12,cereales muesli croustillant chocolat noir paquet 500g
filippo berio,8.00221E+12,olive oil
batchelors,5.00018E+12,cup a soup cream of vegetable
liebig,3.03682E+12,poule vermicelles  petits legumes
st dalfour,84380957444,strawberry fruit spread
pipers trade mark,5.03306E+12,pipers lye cross cheddar  onion crisps
frank coopersthe pantry,5.03566E+12,frank coopers oxford original oxford marmalade
rivercote,20891305,sweet chilli rice crackers
nutoka,4.0886E+12,hazelnut chocolate spread
asda,5.05717E+12,chickpeas
bio village marque repere,3.56471E+12,muesli croustillant chocolat
aldi,4.0886E+12,juicy sultanas
cocacola,8.90176E+12,coca cola coke brand 750ml
tesco,5.05291E+12,medium egg noodles
rowse,5.01127E+12,runny honey
walkers,5.00033E+12,quavers
esgir,8.41447E+12,mix choco con cereales integrales
tesco,5.00036E+12,mature cheddar  red onion flavour hand cooked crisps
waitrose,5.00017E+12,soft cheese
tilda,5.01116E+12,fragant jasmine rice
lidl,4.05649E+12,superfood oat bites cocoa  orange
lipton,8.72061E+12,the vert menthe
old el paso,8.41008E+12,smoky bbq fajita kit
tesco,5.0102E+12,tesco italian grtd parmesan cheese 100 g
natures store,5.06011E+12,store hazelnut  cocoa spread
flahavans,5.0998E+12,flahavans organic porridge oats
aldi,4.0886E+12,plain soya pot
tesco,5.03102E+12,mediterranean inspired couscous
sainsburys,340960,reduced sugar  salt baked beans
alfez,5.01034E+12,lebanese style falafel
tropicana,1.21E+12,smooth orange juice
ms,29360932,robust rye bread
ambrosia,5.00035E+12,devon custard
simply,4.05649E+12,roasted  salted peanuts
sainsburys,1510294,british double fresh cream
bledina,3.04109E+12,lait pour nourrissons
by sainsburys,1277708,pasta
guinness,5.00021E+12,guinness 00
cucina,4.0886E+12,whole wheat fusilli
billie green,4.0995E+12,vegane salami baguettestyle
alpro danone,5.41119E+12,danone alpror joghurt soja vanille 400g
lee kim kee,78895710922,sesame oil
specially selected,4.0886E+12,luxury french sliced brioche burger buns
marks  spencer,206310,beef lasagne
tesco,5.00012E+12,croissants
by sainsburys,1005912,sardines in spring water
marks  spencer,29306497,ms muesli totally nuts
asda,5.05245E+12,original creamy soft cheese
chobani,8.947E+11,greek yogurt vanilla
tesco,5.05701E+12,light soy sauce
marjane,6.11126E+12,flocons d avoine
alitkane,6.11125E+12,spaghetti
jacobs,5.00017E+12,mini cheddars original
walkers,5.00033E+12,sensations coated peanuts
taste of,4.05649E+12,mexican rice
bio  me,5.06085E+12,berry burst gluten free granola
ehrmann,4.00297E+12,high protein double choc
sainsburysso organic,1357318,slightly salted butter
bramwells,4.0886E+12,english mustard
tesco finest,5.05701E+12,finest sea salt and black pepper crisps
everyday essentials,4.0886E+12,everyday essentials baked beans in tomato sauce
essential waitrose waitrose,5.00017E+12,basil pesto
alesto,4.05649E+12,cranberries
accro,3.77002E+12,eminces 100 vegetaux
tesco,3403112,baby plum tomatoes
juiceburst,5.03851E+12,apple juice drink
tesco,5.05737E+12,parma ham
tesco finest tesco,5.05211E+12,roasted sweet potato coconut and chilli
aldi,4.0886E+12,world foods
tilda,5.01116E+12,caribbean rice  peas basmati rice
bedina,5.90085E+12,bledilait croissance
bear,5.06014E+12,carrot cake bars
sainsburys,159388,coconut cream by sainsburys
tesco,5.05797E+12,spinach buffalo ricotta pine nuts girasoli
lizis,5.06004E+12,granola nuts  seeds
ice,6.11124E+12,ice orange
this isnt,5.06068E+12,this isnt beef burgers
lidl,4.05649E+12,extra virgin olive houmous
asda,5.05717E+12,plain bagels
aldi,4.0886E+12,sweet chilli rice crackers
bisto,5.00035E+12,bisto graby granules
pepsico india holdings pvtltd,8.90149E+12,masala munch 10rs
lidl,4.05649E+12,chunky guacamole
tesco,5.05775E+12,plant chef sweet potato  coconut soup
crownfield,4.05649E+12,granola superberry
freshona,40891729,sliced gherkins
president,6.19151E+12,fromage fondu president 24 portions
marks  spencer,29204878,hand finished white cob
yeo valley,5.03659E+12,hearty cream of vegetable
kirkland signature,96619885725,extra fancy salted mixed nuts
fleury michon,3.30274E+12,parmentier de canard confit
tobigo,6.11126E+12,tobigo petit beurre
sojasun,3.27322E+12,skyr vegetal framboise cassis
kissan,8.90103E+12,kissan
ice,6.11124E+12,ice pulpa 33cl
kania,4.05649E+12,sauce barbecue
crosta  mollica,5.0602E+12,focaccia panini
castimel,8.41328E+12,honey
milbona,4.05649E+12,high protein vanilla pudding
yoplait,3.32977E+12,brasse saveur vanille
milsani,2.00605E+12,skyr
kissan,8.90103E+12,tomato ketchup
la cestera,4.05649E+12,pan centeno 55
wildfarmed,5.06501E+12,wildfarmed sliced white
colainord,6.11125E+12,dost
croustipate,3.39259E+12,pate a pizza
hacendado,8.402E+12,tortilla maiz
vandemoortele,5.41009E+12,risso
gerble,3.17568E+12,croquant miel sesame
gerble,3.17568E+12,biscuit moelleux pomme saveur framboise
karelea lea nature,3.76002E+12,speculoos sans sucres
sirop sport sport,3.19101E+12,citror
andros,3.60858E+12,dessert fruitier pommes nature
nestle nestle dessert tablettes,7.61303E+12,chocolat noir pour preparation patissiere
activia activia 0 danone,3.03349E+12,activia bifidus nature 0 de mg 125 g x 8
milbona,20292447,verse kaas met knoflook en kruiden
nestle kitkat,40052397,kitkat 4 fingers barre au chocolat au lait 415g unitaire
mms mars,5.90095E+12,mms biscuit
golden sun,20073763,reis riz basmati
sondey,20022297,grandino pepites de chocolat  nougatine
bel nordic,3.07378E+12,pikcroq nature 5b
le moulin du pivert,3.26835E+12,biscottes a la farine complete
andros,3.04532E+12,compote pomme banane
bio village marque repere,3.56471E+12,petitbeurre bio
creme dessert mont blanc,3.70028E+12,mont blanc creme dessert boite saveur vanille 570g
tropicana,3.16893E+12,tropicana multifruits
lu,3.01776E+12,la barquette chocolat
u,3.25622E+12,batonnets de preparation a base de chair de poisson saveur crabe  x30 500g
petit navire,3.01908E+12,emiette de thon le marine basilic
mamie nova,3.45677E+12,mamie nova chocolat
paysan breton,3.21893E+12,paysan breton  12 crepes
dessaint,3.5057E+12,crepes natures sans sucre ajoute x8
suzi wan,4.00236E+12,nouilles en nid
president,3.22802E+12,president la brique fondante 200g
tropicana,3.16893E+12,tropicana reveil des tropiques
u,3.25622E+12,cereales muesli croustillant au chocolat au lait 500g
marque repere les croises,3.5647E+12,emmental francais
sojasun,3.27322E+12,fruits mixes abricot goyave  dessert vegetal
nestle les recettes de latelier les recettes de latelier les carres,3.03371E+12,nestle les recettes de latelier  carres degustation chocolat noir 70  210g
monster,5.06052E+12,bte 50cl monster mango loc
carrefour bio,3.56007E+12,mayonnaise a la moutarde de dijon
jardin bio jardin biologique lea nature,3.76002E+12,gaufrettes chocolat
st hubertst hubert 41,3.36632E+12,st hubert 41 250 g demi sel ss hdp
uu bio,3.25622E+12,huile dolive vierge extra bouteille de 75cl
lotus,5.41013E+12,lotus biscoff speculoos original format familial  750g 6x125g
carrefour,3.24541E+12,grissini light sesame
les comtes de provence,3.3245E+12,confiture de fraises bio
paquito,3.25039E+12,sirop grenadine
lu mondelez,3.05644E+12,petits coeurs chococroc
saveurs de nos regions,20840785,pruneaux dagen
cereal bio,3.17568E+12,tendres carres de ble  carotte potimarron pavot
marque repere notre jardin,3.5647E+12,pulpe de tomates en des
casa azzurra cipf codipal,3.76006E+12,mozzarella di latte di bufala
cereal bio,3.25901E+12,galettes cereales sarrasin comte bio
pago,9.00252E+12,boisson aux fruits citroncitron vert
bonne maman,3.17853E+12,petit muffins
marque repere epi dor,3.5647E+12,les croustillantes seigle
schwarzwaldmilch,4.0467E+12,tresana nature
carrefour bio carrefour,3.56007E+12,soja cuisine fluide
carrefour,3.56007E+12,pates alimentaires penne ble complet
freshona,20468590,haricots blancs
bjorg,3.22982E+12,galette riz quinoa
auchan auchan bio,3.59671E+12,sirop dagave bio
pere dodu,3.59669E+12,escalope cordon bleu de poulet 100 filets
connetable,3.26367E+12,sardines au piment despelette doux
carrefour,3.56007E+12,sauce vinaigrette vinaigre balsamique huile dolive vierge extra 5
intersnack vico,3.33697E+12,la gourmande
andros,3.60858E+12,abricot morceaux moelleux
paquito,3.25039E+12,100 pur jus  jus dorange sans pulpe
canada dry,3.12448E+12,canada dry
cocacola,5.449E+12,cocacola 25
carrefour,3.24541E+12,farine de ble type 55
carrefour,3.56007E+12,emmental
bonne maman,3.04532E+12,gelee de coing
william saurin,3.04958E+12,1898 petit sale aux lentilles
kaoka,3.47773E+12,chocolat noir 70 bio
fromagerie milleret lortolan,3.27232E+12,lortolan leger
granola lu,7.62221E+12,granola coeur extra moelleux chocolat
carrefour biocarrefour,3.56007E+12,chocolate negro con almendras caramelizadas
picard,3.27016E+12,cabillaud sauce vierge et duo de riz
saveurs de nos regions,20840815,preparation dabricots rouges du roussillon
cassegrain,3.08368E+12,lentilles cuisinees facon sud ouest
u,3.25622E+12,tuiles gout creme et oignon boite de 170g
chabrior,3.25039E+12,cookies nougatine  200g
crownfield lidl,4.05649E+12,crunchy muesli choco  nuts
sondey,20213671,barquette fraise
grillon dor,3.42156E+12,krounchy too chocolat
pierre martinet,3.28178E+12,celeri remoulade a la moutarde a lancienne
ekibio le pain des fleurs,3.38038E+12,tartines craquantes bio cacao
villars,7.61004E+12,chocolat villars noir 70 sans sucre ajoute 100g
entremont,3.12393E+12,comte
picard,3.27016E+12,quinoa et cereales cuisinees
milka mondelez philadelphia,7.6223E+12,philadelphia  milka frischkase
kong strong kong strong urban classic energy drink,4.05649E+12,kong strong
maitre jeanpierre,4.05649E+12,brioche tressee aux perles de sucre
marque repere rustica,3.5647E+12,huile de noix
cote dor mondelez mondelez international,3.04514E+12,carres noir noisette
leroux,3.06714E+12,chicoree torrefiee en grains
isigny ste mere,3.25455E+12,fromage frais onctueux
connetable,3.26367E+12,sardines sans aretes au citron et a lhuile dolive vierge extra
zapetti,3.02169E+12,ravioli pur boeuf
crusti croc,20763886,vegetable crisps
burger,4.0756E+12,maultaschen traditionell schwabisch
aldi summa,26046587,cappuccino saveur viennois
saint eloi,3.25039E+12,pois chiches
marque repere tokapi,3.5647E+12,pistaches grillees a sec
bouton dor intermarche,3.25039E+12,tubo sticks  bretzels
u,3.25622E+12,huile dolive bouteille 50cl
hacendado,8.48E+12,pipas gigantes con sal
carrefour bio carrefour,3.56007E+12,melange quinoa courgettes carottes
itineraire des saveurs,3.25039E+12,tortillas de ble 320g
marque repere rustica,3.5647E+12,mayonnaise a la moutarde de dijon
u,3.25622E+12,huile de colza bouteille 1l
barilla mulino bianco,8.07681E+12,cracker integrali
fleury michon,3.09575E+12,blanc de poulet  halal
marque repere peche ocean,3.5647E+12,batonnet de surimi
sprite,5.449E+12,sprite
saintloup sur thouet saintloup savencia,3.27277E+12,buche de chevre
picard,3.27016E+12,pizza margherita tomate mozzarella
hacendado,8.48E+12,tortilla de patata sin cebolla
marque repere peche ocean,3.5647E+12,batonnets panes de colin dalaska filet x 15
damiano,8.00235E+12,puree de noisettes grillees
simpl,3.56007E+12,emmental rape
mr tom,4.0217E+12,mr tom peanuts in caramel
alesto,20707170,pestki dyni
carrefour classic,3.27019E+12,melange 4 huiles
carrefour,3.56007E+12,emmental rape fondant
milkamondelez,7.6224E+12,happy cow
oasis,3.12448E+12,oasis pommecassisframboise
hacendado,8.48E+12,jamon jugoso cocido en su jugo
oreo,7.62221E+12,oreo
hacendado,8.48E+12,salchichas de pollo y pavo
hacendado,8.48E+12,salsa de yogurt
bresso,4.04536E+12,frischkase feine krauter
ben  jerrys,8.71133E+12,benjerrys half baked 465ml
hacendado,8.48E+12,arroz basmati
carapelli,8.00247E+12,huile dolive vierge extra
pierre martinet,3.28178E+12,taboule a lavocat
calve,8.71091E+12,sabor casero
cem porcento,5.60432E+12,marinheiras chia
mc cain,3.25683E+12,la rissolee
laiterie les fayes,3.76004E+12,le fromage blanc des limousins
ecomil,8.42853E+12,noix de cajou nature
crownfield,20008574,choco rice
monster energy,5.06034E+12,monster energy original
mission,8.71064E+12,wraps integral ble complet
garlic sauce knoblauch saucee,5.4256E+12,knoblauch sauce
golden sun,20760113,bio lentilles corail
aldi bayernland hofburger,4.06146E+12,korniger frischkase halbfettstufe
carrefour,3.56007E+12,oeufs de poules elevees en plein air conformement au mode de production biologique
connetable,3.26367E+12,albacore tuna  in brine
itineraire des saveurs,3.25039E+12,nouilles au ble tendre 250g
u u bio,3.25623E+12,sirop agave 345g
cerealcereal bio,3.17568E+12,eminces soja et ble
crusti croc el tequito snackday,20108595,salsa dip medium
u,3.25623E+12,pain tranche au seigle 500g
hacendado,8.48E+12,cuatro quesos
lindtsprungli,3.04692E+12,caramel feinherb
dmbio dm,4.05817E+12,kokosol nativ
saladinettes,4.05649E+12,piemontaise jambon
trader joes american,4.06146E+12,erdnusscreme crunchy
ikea,1.30375E+12,kafferep aveia
marque repere natvie marque repere nat  vie,3.56471E+12,natvie
bom petisco,5.60103E+12,atum em posta em oleo vegetal
michel et augustin,3.70124E+12,biscuits charcuterie chorizo
kings crown aldi,4.06146E+12,ceci
sodebo,3.24227E+12,pastabox saumon
nordisk kelloggs norge nuf kelloggs,5.738E+12,cornflakes
sodebo,3.24227E+12,salade poulet roti bacon fromage
danonelight  free,3.03349E+12,yaourt brasse aux fruits
litoral,7.61329E+12,fabada asturiana
gullon,8.41038E+12,dibus sharkies
mms,5.00016E+12,mms erdnuss
chabrior,3.25039E+12,sucre de canne en poudre 750g doypack
perle de lait yoplait,3.32977E+12,perle de lait nature
violife,5.20239E+12,tranches saveur emmental
wheaty,4.03228E+12,vege haches
nestle san pellegrino,8.00227E+12,limone  menta
danone,59413523,cremoso natural
william saurin,3.26106E+12,riz a la forestiere poulet roti
carrefour bio carrefour,3.56007E+12,puree de noisettes
tigullio granditalia,80024101,pesto alla genovese
nestle,8.43526E+12,kefir
hero,8.00008E+12,confettura light fragole
lidl vemondo,4.05649E+12,tofu naturalne
picard,3.27016E+12,falafels boulghour aux petits legumes
le gaulois,3.26698E+12,blanc de dinde conservation sans nitrite le gaulois
devin,3.8E+12,devin
cevital,6.13023E+12,huile elio
misura,8.00259E+12,misura dolcesenza
vereia,3.80075E+12,blgarsko kiselo mliako 36  znp
alitey,8.42335E+12,bebida de avena
heura,8.43702E+12,eminces a la mediterraneenne
hacendado,8.48E+12,salteado de pollo
rana,8.00167E+12,tortellini bacon ricotta  mozzarella
lavazza,8.00007E+12,lavazza crema e gusto
pilos,20325251,lapte pilos
sante,5.90062E+12,sante fit granola strawberry and cherry
mulino bianco,8.07681E+12,cuor di mela mulino bianco
the foodie market,4.0886E+12,smooth almond butter
medina,6.13023E+12,cevital smen 500g
hulala,8.00799E+12,hulala chantilly mijlocie
skyr danone,3.03349E+12,skyr vanille
be kind,5.00016E+12,dark chocolate nut
danone as,5.41119E+12,alpro sojadessert vanillegeschmack 525g
nestle,5.01148E+12,curiously cinnamon
lidl nautica,4.05649E+12,thon fromage frais et ciboulette
2 keep natural bites,8.71998E+12,nut bar cashew pumpkin raisin
ricola,7.6107E+12,citron melisse
nutella,8.0005E+12,nutella biscuits
flora,8.7192E+12,proactiv
heinz,57000002992,tomato ketchup
doritos,5.00033E+12,doritos hot salsa 300g imo
u u bio,3.25623E+12,biscuits a lavoine complete et aux pepites chocolat bio 130g
hacendado,8.48E+12,platano y fresa
arla,5.00018E+12,lactofree
lidl,20898717,greek style salad cheese
nestle,7.61329E+12,shreddies
luprince,6.19401E+12,prince mini gateau
heinz,5.00016E+12,beanz
tesco,5.05128E+12,organic unsalted butter
encona,5.01239E+12,original hot pepper sauce
tesco finest,5.05737E+12,spanish chorizo
lidl mister choc,4.05649E+12,erdnuss butter crunchy
mix mix buffet,3.70001E+12,pizza del gusto chorizo
pagen,7.31107E+12,gifflar
marjane,6.11125E+12,flacons davoine
tesco,5.05775E+12,red kidney beans in chilli sauce
marque repere soutenons nos agriculteurs,3.56471E+12,miel de france
crownfield,4.05649E+12,barre de cereales pomme verte
morrisons,5.01025E+12,italian chopped tomatoes
tesco,5.05701E+12,scottish oats
herta,6.43436E+11,carre gourmand tomates mozza
tesco,5.05737E+12,dry roasted peanuts
lidl,4.05649E+12,belbake sultanas
bjorg,3.22982E+12,le croustillant chocolat noir  noisettes
vico,3.33697E+12,curly donut
muller,4.0255E+12,corner vanilla chocolate balls
mille recettes said,6.19401E+12,creme a tartiner noisette said
aldialdi moser rothmoser roth,4.06146E+12,susses schokolade edelbitter 90
cadbury,7.62221E+12,dairy milk chocolate bar
the tofoo co,5.03447E+12,teriyaki tofu
aldi bramwells,4.0886E+12,real mayonnaise
alara,5.01679E+12,crispy fruit muesli
mornflake,5.01003E+12,mighty oats classic muesli fruit  nut
nandos,6.00377E+12,periperi sauce medium
wasa,7.3004E+12,poppy seed  sea salt 245g
cullysully,5.39151E+12,creamy tomato  basil soup
don simon,8.41026E+12,naranja simon
gullon,8.41038E+12,peak fish crackers 250g
asda,5.05478E+12,scottish porridge oats
hacendado,8.402E+12,proteinas sabor acai platano
asda,5.05478E+12,bran flakes
belbake,20018207,plain flour
be,6.11126E+12,petit beurre
freshona,4.05649E+12,tk  beerenmischung
lidl,4.05649E+12,cous cous
bio village,3.56471E+12,muesli croustillant chocolat  quinoa
lesieur,3.26547E+12,lesieur 425 g
peperami,4.2511E+12,original minis
belvita,7.6222E+12,soft bakes red berries
bens original,4.00236E+12,sweet  sour
lifestyle,8.71998E+12,rice bar dark chocolate
fleury michon,3.30274E+12,lasagnes a la bolognaise
yorkshire provender,5.05605E+12,silky tomato  red pepper with wensleydale
milbona,20608668,fat free natural yogurt
la boulangere,3.76005E+12,brioche muffin bio x 5 250g blg
nairns,6.12322E+11,nairns porridge
tesco,5.05775E+12,dark chocolate
butterkist,5.00024E+12,crunchy toffee popcorn
belvoir,5.02202E+12,belvoir 100 natural blackcurrant cordial
tipiak,3.1852E+12,croutons de pain croustillants
carrefour,3.56007E+12,grana padano
kelloggs,5.05383E+12,crunchy nut granola fruit nut imp
geetas,5.02119E+12,premium mango chutney medium
arla,4.01624E+12,skyrim coconut fat free
tesco,5.00036E+12,butter broiche rolls
village bakery,4.0886E+12,both in one a perfect blend of white wholemeal
trip,5.07E+12,cbd infused  peach ginger lightly sparkling
tesco,5.05775E+12,medium cheddar
bear,5.06014E+12,fruit splits raspberry  pineapple
kelloggs,5.05932E+12,choco krispies
by sainsburys,192125,tuna in spring water 4 x 640g
marrakech,6.11124E+12,dakhla orange  200ml
homepride,5.00035E+12,pasta bake creamy tomato  herb
ktc,10136355,minced ginger paste
charlie bighams,5.03367E+12,lasagne for 1
the deli,4.0886E+12,houmous xxl
birdseye,5.00012E+12,chicken nuggets
excelo,6.11124E+12,mary trini  
clif bar,7.22252E+11,crunchy peanut butter
pasquier,3.18219E+12,la biscotte
galaxy,5.00016E+12,galaxy smooth milk
one degree organic foods,6.75625E+11,sprouted rolled oats
sainsburys taste the difference,1050974,multiseed loaf
koko,5.0601E+12,plain yogrt smooth and mellow
kind,6.02652E+11,dark chocolate nuts  sea salt with almonds  peanuts
sainsburys so organic,1468175,sainsburys so organic corn flakes
pikarome,6.11107E+12,cornichons au vinaigre
princes,5.00023E+12,mackerel fillets in tomato sauce
finnebrogue better naked,5.06006E+12,bacon
village bakery,4.0886E+12,tiger bloomer
belmont biscuits,4.0886E+12,caramelised biscuits
sainsburys,1642582,red kidney beans
coop,5.00013E+12,soft cheese
idilia foods nocilla,8.41001E+12,nocilla chocoleche
danone,8.4105E+12,yogur desnatado con pepitas de cacao
hovis,5.01E+12,best of both thick
tesco,5.05701E+12,golden vegetable rice
lidl,4.05649E+12,brown basmati
ekmek,6.11125E+12,pain de mie
heinz,5.00016E+12,tingly sauce
jasons,5.02513E+12,sourdough malted ciabattini
by sainsburys,204415,seeded folded flatbreads
sainsburys,1785050,worcester sauce
toren,8.69744E+12,cococoa
cebon el mordjener,6.1325E+12,creme de noisettes grillees
raw bar,8.71998E+12,barre cranberry
alesto,4.05649E+12,strawberry fruit windups
freshona,4.05649E+12,taco mixed beans in tomato sauce
tesco,2.81513E+11,ciabatta roll
aldi,4.06146E+12,egg tagliatelle specially selected
deluxe lidl,4.05649E+12,pistaziencreme
batts lidl lidl batts,4.05649E+12,organic apple cider vinegar with the mother
jaouda,6.11124E+12,beurre 500g
jibal,6.11125E+12,fruits
becelupfield,8.7192E+12,sabor a manteiga
flora,8.7192E+12,flora lighter
dmbio dm,4.06645E+12,beeren crunchy
tiba tempeh,8.71887E+12,tempeh
alsa,6.11126E+12,levure chimique
nestle cheerios,8.44529E+12,miele
maribel,4.05649E+12,pate de sesame
bjorg,3.22982E+12,croustillant fibres
tesco finest,5.0597E+12,roast chicken breast
hacendado,8.402E+12,pastas de aceite
snickers,5.00016E+12,3
lidl,4.05649E+12,harissa paste
sainsburys,1147551,rye sourdough
picard,3.27016E+12,rouge passion  color your day
nestle,8.44529E+12,fitness
delacre,3.11643E+12,cigarettes russes
be,18421213,soft lemon pie
harrys,3.22886E+12,pain 100 mie complet biologique
jean herve,3.39039E+12,puree amande complete
heinz,8.7157E+12,tomato ketchup
gastronomia di mare,20169404,surimi
grafschaftermaitre jean pierrebio organiclidl,20918279,bio knackebrot
nestle herta knacki,7.61304E+12,herta knacki saucisses 100 poulet x10  350g
tc bio terres  cereales bio,3.42156E+12,muesli noisettes raisins seigle complet ble sans sucres ajoutes
jardin bio,3.47882E+12,coulis de tomate bio
andros,3.04532E+12,pamplemousses roses
heudebertlumondelez,7.62221E+12,biscotte
la vache qui rit toastinette,3.07378E+12,toastinette cheddar 10 tranches
volvicvolvic juicy,3.05764E+12,pet 50cl volvic juicy fraise
saladinettes,20466787,taboule au poulet a la ciboulette
paysan breton,3.41229E+12,paysan breton  beurre moule doux
gerble,3.17568E+12,gerble sans sucres genoise chocolat saveur framboise
bio village marque repere,3.56471E+12,100 pur jus de pomme trouble
knorrr unileverr,3.01136E+12,knorr soupe deshydratee poule aux vermicelles 4 portions
carrefour,3.27019E+12,lait de montagne demiecreme
carrefour,3.24541E+12,vitality figue
bonne maman,3.04532E+12,bonne maman  french strawberry  wild strawberry jam 370g 13oz
mousse chocolat au lait,3.02329E+12,secret de mousse
fruit dor,3.26548E+12,fruit dor
babybel bel,3.07378E+12,babybel
bahlsen,4.0171E+12,croissant de lune
la vache qui rit,3.07378E+12,toastinette original
nestle la laitiere,3.02329E+12,creme caramel
ebro foods panzani regia,3.03835E+12,regia couscous moyen 1kg
oasis,3.12448E+12,pet 2l oasis peche abricot
saint alby,20443917,viande des grisons
petit navire donini collezione,3.01908E+12,le thon blanc au naturel germon
carrefour bio carrefour,3.24541E+12,galletas de arroz inflado rellenas de chocolate y avellana
bonne maman,3.60858E+12,confiture de fraises
kolln,4.00054E+12,schokomusli
amora,3.25055E+12,amora ketchup nature flacon souple 850g
les ptites tartines,3.58028E+12,pate a tartiner aux noisettes
neuhauser,3.24829E+12,pain special aux 5 cereales et graines 500g
benedicta,3.6606E+12,pommes de terre a la creme fraiche de normandie
j favrichon,3.1119E+12,muesli simplement bienveillant
freshona,20622381,lentilles
les 2 vaches,3.66134E+12,les 2 vaches flan bio 100 g x 4
carrefour bio carrefour,3.56007E+12,miel de fleurs cremeux
ines rosales,8.41064E+12,tortas de aceite
vrai,3.27322E+12,fromage blanc biologique au lait de chevre
carrefour bio carrefour,3.56007E+12,veloute de 7 legumes
haribo,3.10322E+12,haricots happy life
terres et cereales bio,3.42156E+12,flocons 5 cereales
panzani,3.03836E+12,panzani  spf  sauce bolognaise 500g
panzani,3.03835E+12,panzani semoule fine 500 v2 6
tropicana,3.50211E+12,tropicana raisin 1 l
ricola,7.6107E+12,50g ricola alpin fresh
bio village marque repere,3.56471E+12,crackers epeautres 3 graines
aldi golden bridge,26019734,pepites croustillantes 4 noix
erdinger,3.17796E+12,floraline
envia,20842253,lait
picard,3.27016E+12,poulet sauce citron vert et coriandre puree de patate douce
nestle les recettes de latelier nestle les recettes de latelier,7.61304E+12,nestle latelier tablette chocolat noir myrtilles amandes  170g
blini,3.29207E+12,tarama
lustucrulustucru selection,3.24093E+12,lustucru gnocchi a poeler extra fromage jambon 280g
petitjean,3.03835E+12,garniture pour bouchees a la reine
chene dargent duc de coeur,20131623,coulommiers de caractere
carrefour simpl,3.56007E+12,compote de pommes allegee en sucres
marque repereturini,3.5647E+12,penne rigate au ble complet
mamie nova,3.45677E+12,yaourt gourmand cerises griottes
saupiquet,3.16595E+12,le thon sauce catalane
tables du monde,3.5647E+12,tortillas de ble
bonne maman,3.04532E+12,gelee mures
carrefour,3.56007E+12,stylesse fruits rouges
kub or maggi,7.61304E+12,maggi kub or bouillon reduit en sel de 25  32 cubes  1216g
lucien georgelin,3.33072E+12,myrtille
le petit basque,3.28024E+12,caille de brebis nature
kolln,4.00054E+12,kollnflocken
chabrior regain,3.25039E+12,crackers emmental et graines de courge x8  bio
balisto,5.00016E+12,balisto fruits des bois x10
intermache itineraire des saveurs roussas,3.25039E+12,feta grecque au lait de brebis et de chevre
petit yoplait yoplait,3.32977E+12,petit yoplait 0  mg
carrefour,3.24541E+12,tzatziki fromage frais et concombres
carrefour,3.56007E+12,bizcocho con fruta
marque repere tokapi,3.5647E+12,tortillas chips
heinz,8.7157E+12,tomato ketchup 50 menos azucar y sal
solevita,20068509,suc de mere
picard,3.27016E+12,ratatouille cuisinee
sondey,20706999,cookies trois chocolats
cap ocean,3.28326E+12,tartinable thon msc fromage frais  ciboulette  140g  frais
lindt,3.04692E+12,extra veloute blanc
ethiquable,3.76009E+12,chocolat lait nature tendre et fondant
lu mikado,3.01776E+12,mikado chocolat noir
gullon,8.41038E+12,choco chips bio organic
mccain,8.71044E+12,cote brasserie
heinz,8.41007E+12,la sauce tomate cuisinee
chips ahoy,8.41E+12,mini
ecomil,8.42853E+12,coconut nature
carrefourcarrefour original,3.56007E+12,les palets recette a la madeleine
danone,8.4105E+12,yogur natural
mc cain,8.71044E+12,frites cote resto
sodebo pizza crust,3.24227E+12,pizza crust cheesy 4 fromages
carrefour bio carrefour,3.56007E+12,veloute de legumes saveur du sud
marque repere ptit deli,3.5647E+12,cuillers a patisserie aux oeufs frais
ferrero kinder,8.0005E+12,calendrier de lavent au chocolat
daunat,3.36765E+12,xxl thon oeuf crudites
bimbo,8.4126E+12,silueta pan de molde integral sin corteza cereales
milbona,20047573,gouda 48
lays,3.16893E+12,lays 3ds bugles gout nature format familial
carrefour,3.27019E+12,u vinaigre de cidre 5deg bouteille en verre de 75cl
daucy,3.0178E+12,saumon et tagliatelles sauce a loseille plat de la mer daucy 300g
panzani,3.03836E+12,panzani  spf  sauce bolognaise pur boeuf 650g
bouton dor,3.25039E+12,huile de colza
carrefour,3.56007E+12,veloute 8 legumes
nestle,8.4101E+12,nescafe classic descafeinado
loeuf de nos villages,3.41428E+12,oeufs de nos villages eleveurs engages plein air
carrefour,3.24541E+12,noodles aux oeufs
chabrior,3.25039E+12,corn flakes 500g
sondey,20005559,bolachas recheadas framboesa
carrefour,3.56007E+12,soja nature
walkers,39047001442,shortbread highlanders
connetable,3.26367E+12,sardines a lancienne label rouge
cite marine lidl,4.05649E+12,accras de morue recette quotcreolequot
sojade,3.27322E+12,boisson soja nature
lidl,20229030,avocados
ethiquable,3.76009E+12,chocolat lait commerce equitable
milkamondelez,4.0257E+12,milka noisette
paturages,3.25039E+12,lait demi ecreme paturages
schar,8.0087E+12,mix pain
kambly,7.6148E+12,rocher aux amandes 80g  kambly  80g
crf,3.56007E+12,sauce algerienne
envia milbona,4.05649E+12,yaourt stracciatella
kaoka,3.47773E+12,chocolat noir 90 bio
carrefour,3.56007E+12,comte
altmuhltaler quelle altmuhltaler quelle aldi sud aqua culinaris quellbrunn milbona,42141204,mineralwasser
u,3.25622E+12,filets de maquereaux au naturel 176g
les 2 marmottes,3.42215E+12,infusion des marmottes
ritter sport,4.00042E+12,halbbitter
hacendado,8.48E+12,salmorejo
hacendado,8.48E+12,fresa y platano
hacendado,8.48E+12,4 piadinas
fin carre,20005795,edelrahmganzemandel
la belle chaurienne,3.24536E+12,saucisse de toulouse aux lentilles cuisinees
poulain,3.66435E+12,180g poulain pralinoise
babybelbel,3.07378E+12,original mini
picard,3.27016E+12,15 batonnets panes de colin dalaska
valor,8.41003E+12,huesitos original
milbona,4.05649E+12,mantequilla sin sal
yoplait,3.32977E+12,creme fraiche legere
tossolia,3.48346E+12,hache vegetal facon bolognaise
samia,3.27665E+12,sauce blanche
prime burger,20836573,burger buns
fanta,5.449E+12,fanta mangue  fruit du dragon
marque reperepeche ocean,3.5647E+12,sardines entieres au naturel
carrefour bio carrefour interdis,3.56007E+12,petits pains grilles au froment
ikea,1.20029E+12,sas senap  dill  sauce a la moutarde et a laneth
innocent,5.03886E+12,orange sanguine grenade orange citron vert
lidl mister choc,20955038,milk chocolate lidl
mms,4.0111E+12,peanut
hacendado,8.48E+12,ravioli requeson y espinacas
hacendado,8.48E+12,yogur con frutas del bosque
mulino bianco,8.07681E+12,macine con panna fresca
el tequito snack day,20108618,salsa mexicana style spicy dip
aerzener,4.10055E+12,das pure haferbrot mit olsaaten
meo,3.26134E+12,cafe en grains bio  500 g
ferrero,4.0084E+12,susses giotto haselnuss
bio organic lidl milbona milbone,4.05649E+12,korniger frischkase
schar,6174994,baguette
marque repere peche ocean,3.56471E+12,filets de maquereaux grilles au naturel
le fromager des halles les petits cires,3.2787E+12,yaourt saveur citron
goldenbridge,24026086,muesli crujiente
auchan auchan gourmet,3.24568E+12,72 noir intense
ducros,3.1663E+12,moulin poivre noir
celiane,6137941,cookies chocolat noir
danone les 2 vaches,3.66134E+12,skyr bio muremyrtilles
marque repere comptoir du grain,3.5647E+12,selection de 3 riz
krasi,3.80006E+12,maioneza trapezna
president,3.22802E+12,manteiga magra com sal
sanitarium,9.30065E+12,weekbiz
milbona,20157517,vlassic spreadable cheese
kerguillet,3.44231E+12,kefir
aldi goldahren lieken,4.06146E+12,das pure  haferbrot mit 27 olsaaten
beyond meat,1.23E+12,beyond burger
lesieur,3.26547E+12,la mayonnaise classique bio
heidi,5.94102E+12,dark intense
perle de lait yoplait,3.32977E+12,perle de lait citron x 4
hacendado,8.48E+12,gnocchi pollo y verduras
nestle maggi,5.90009E+12,przyprawa maggi
mondelez,7.62221E+12,philadelphia protein
finesse herta herta finesse,4.00058E+12,hahnchenbrust
be kind,5.00016E+12,peanut butter dark chocolate
pavesi,8.01336E+12,gocciole extra dark
hacendado,8.48E+12,leche fresca entera
best foods,3.80002E+12,lotto classic snack
orangina,3.24976E+12,orangina
milka,7.62221E+12,milka choco grain
hacendado,8.48E+12,yogur pina coco 0
lurpak,5.7409E+12,vaj  enyhen sos
bimo,6.13001E+12,ambassadeur
rostar bg,4.00065E+12,krave maslo 82
bn,3.06199E+12,biscuits fourres gout chocolat au lait
barilla,8.07681E+12,penne rigate integrale
zlatna dobrudzha,3.80008E+12,soleti
alpro,5.41119E+12,alpro 2x blueberry 2x cherry
nestlenesquik,5.90002E+12,nesquik
bn,3.06199E+12,bn gout framboise
viennetta  unilever,8.00092E+12,viennetta vanille
mcvities,5.00017E+12,digestives dark chocolate
fleury michon,3.30274E+12,blanc de dinde sans nitrite
maitre jean pierre,4.05649E+12,10 pains au chocolats
fin carre lidl,20195090,chocolat noir
violife,5.20239E+12,original flavour  grated
cheetos,8.7104E+12,cheetos big chipito saveur fromage
la vie la vie foods laviefoods,3.77002E+12,lardons vegetaux nature
nature valley,8.41008E+12,nature valley crunchy variety granola bars
berief,4.00479E+12,bio soja ohne zucker
jardin bio lea nature,3.4563E+12,petits beurre
flora,8.7192E+12,plant butter
bonduelle,3.08368E+12,haricots verts extra croquants cuits a la vapeur
gerble,3.17568E+12,biscuits fourres a la noisettes et cacao sans sucre
labeyrie,3.03361E+12,truite fumee labeyrie france
tropicana,5.02231E+12,orange juice with juicy bits
jordans,5.01048E+12,jordans country crisp chocolate
hacendado,8.48E+12,leche entera
cereal bio,3.17568E+12,yakisoba
panzani,3.03836E+12,panzani sauce tomate basilic nat 650g f12
agidrasavino,3.58028E+12,pulpe de tomates
pilos,4.05649E+12,bezlaktozno priasno krave mliako 28
nakd,5.06009E+12,cashew cookie fruit  nut bar
pepsi,87170788,pepsi max500ml
picard,3.27016E+12,legumes a la mexicaine
tesco,5.00044E+12,whole milk
tesco,3257340,british strawberries
jaouda,6.11124E+12,perly choclet
origens,5.60839E+12,oleo extra virgem de coco
tesco,5.05478E+12,tesco virgin organic coconut oil 300ml
bear bear nibbles,5.06014E+12,pure fruit yoyo raspberry
tesco,5.03102E+12,soft apricots
st helens,5.01533E+12,goats milk yoghurt
fleury michon,3.30274E+12,emince de poulet roti
dr kargs,4.03363E+12,fromage emmental  graines de courges
tesco,5.05775E+12,cornflour
heinz,5.00016E+12,potato  leek soup
aldi specially selected,4.0886E+12,british rapeseed oil
lu,7.6222E+12,le petiy biscotte crunchy cinnamon and brown sugar biscuits
elephant,8.72061E+12,infusion verveine menthe
danone,3.03349E+12,hipro creme dessert saveur caramel
asda,5.05478E+12,fruit  fiber
thai dragon,5.02058E+12,pad thai rice noodles
nestle,8.44529E+12,nesquik
gia,8.00183E+12,garlic puree
john west,5.00017E+12,boneless sardines in tomato sauce
royco,3.03686E+12,veloute poireaux pommes de terre
dairylea,7.62221E+12,dairylea processed cheeseportions regular
euro company,8.00975E+12,crema di nocciole
quorn,5.0195E+12,8 sausages
liebig,3.03682E+12,minestrone facon napolitaine
yeo,5.03659E+12,natural light bio life yogurt
skinny pop,8.50251E+11,original popcorn
aldi,4.0886E+12,pumpkin seeds
aldo,4.0886E+12,chopped tomatoes
kirkland,96619142453,fancy whole cashews with sea salt
sainsburys,1817966,fruity muesli
lidl milbona,4.05649E+12,grana padano
activia,5.06036E+12,activia peach 0 fat yogurt
nestle,8.44529E+12,chocolate negro
saint alby,4.05649E+12,blanc de poulet sans nitrite
accro,3.77002E+12,nuggets 100 vegetal
kallo,5.01367E+12,organic vegetable stock cubes
ktc,5.01364E+12,red kidney beans
brunch,4.04536E+12,brunch  natur
tesco,5.00044E+12,seafood sticks
tesco,5.05755E+12,finest white loaf
paxo,5.00035E+12,sage  onion stuffing
doritos,8.7104E+12,doritos sweet chilli pepper flavour
proper,5.06028E+12,sweet sriracha chilli lentil chips
dawtona,5.90171E+12,sauerkraut
nabisco,44000069230,wheat thins original
yoplait,3.32977E+12,skyr nature
harvest morn,4.0886E+12,fruit wheats
moser roth,4.0886E+12,moser roth chocolate
aldi,4.0886E+12,brown rice
ms,29173204,100 peanut butter smooth
maribel,4.05649E+12,puree damandes completes bio
uu bio,3.25623E+12,galettes de riz complet 130g
heinz,5.00016E+12,beanz  vegan sausages
fanta,5.449E+12,fanta can 25 cl
hovis,5.01E+12,seeded batch
village bakery,4.0886E+12,toastie white
pizza express,5.02453E+12,classic american pepperoni pizza
vivera,8.7183E+12,plant greek style kebab
walkers,5.00033E+12,mango  chilli chutney poppadoms
urban fruit,5.06014E+12,urban fruit dried strawberries
napolina,5.00023E+12,spaghetti no 6
food thoughts,5.03158E+12,cocoa
yoplait,3.32977E+12,petits filous raspberry  strawberry fromage frais
cadbury,7.6222E+12,dairy milk fruit  nut
alpro,5.41119E+12,edeka alpro danone alpror joghurt soja hafer 400g 199eur 1kg 498eur
tesco,5.0102E+12,tesco finest 12 pork chipolatas
star,6.11118E+12,vinaigre de cidre de pommes
leader chips,6.11124E+12,patatas fritas
birds eye,5.00012E+12,chunky fish fingers
sainsburys,1454468,12 british free range eggs medium
kclassic,4.06337E+12,american style erdnusscreme creamy
manomasa,5.01776E+12,manomasa
mutti,8.00511E+12,polpa finely chopped tomatoes
skippy,37600106436,extra smooth
tesco,5.05353E+12,sweet chilli houmous
tesco,5.05775E+12,plant chef smoky lentil  red pepper soup
la vache qui rit,3.07378E+12,lavache qui rit light 8p
lidl,4.05649E+12,syrop agawa
pick up,4.0171E+12,pick up original
heinz,5.00016E+12,heinz oxtail soup
innocent,5.03886E+12,pure fruit juice apple
tesco,5.05291E+12,gnocchi
asda,5.05407E+12,spreadable
jibal,6.11125E+12,panache jibal
warburtons,5.01004E+12,sliced wholemeal rolls
bonne maman,3.04532E+12,damson plum conserve
lidl,4.05649E+12,tortilla chips
vemondo,4.05649E+12,knusperbrot
orangina  schweppes,3.12448E+12,canada dry ginger ale
hacendado,8.402E+12,spaghetti integral
tesco,5.05775E+12,omega 3 fish fingers
this isnt pork,5.06068E+12,caramelised onion sausages
haugen  gruppen as,5.01131E+12,mango chutney sweet 210g pataks
heinz,13000052528,tomato ketchup simply
old el paso general mills,8.41008E+12,white corn tortillas
tesco finest,5.05427E+12,finest red onion chutney
stamford street co,426947,houmous
tesco finest,5.05291E+12,rapeseed oil
asda,5.05245E+12,smooth peanut butter
fairlife,8.1162E+11,core power high protein milk shake chocolate
aldi,4.0886E+12,raspberry conserve
gastro,5.00021E+12,light  crispy fish fillets
jaouda,6.11124E+12,raib jaouda banane
biona,5.03272E+12,ruby beetroot sauerkraut
twinings,70177075101,lemon  ginger tea
aldivillage bakery,4.0886E+12,bake at home white baguettes
hormel,37600209571,chopped pork and ham
oluf lorentzen as,5.01243E+12,loksuppe 400g baxters
butterkist,5.00024E+12,pop corn
mccain,5.01023E+12,mccain smiles 454g
waitrose duchy organicduchy organicwaitrose,5.00017E+12,organic free range pork sausages
sainsburys,244473,corn thins
hellmans,8.72018E+12,hellmans original mayonnaise
graze,2.51E+12,lemon blueberry
candy kittens,5.06038E+12,sour shox
alesto  lidl,4.05649E+12,raisins and cranberries  uvetta e mirtilli
snack a jacks,5.00033E+12,snack a jacks
skinny,5.05632E+12,skinny whip mint
sondey,4.05649E+12,cantuccini
sainsburys,175661,walnut pieces
anchor,5.00025E+12,butter
leader chips,6.11124E+12,leader chips fromage
plant pioneers,242615,no meat mince
by sainsburys,1893953,glaze with balsamic vinegar of modena
susse,8.69508E+12,finger biskiivi
fairlife,8.1162E+11,whole ultrafiltered milk
rowse,5.01127E+12,supahoney  manuka  honey  vitamin c
by sainsburys,244480,lightly salted wholegrain rice cakes
sweet bay rays,1.22E+12,barbecue sauce
plein sud,4.05649E+12,jus de citron
star,6.11118E+12,vinaigre a la pomme
macao,6.11103E+12,chocolat noir extra fin 73
britannia,8.90106E+12,bourbon
mondelez,7.6222E+12,halls cherry
chene dargent lidl,3.3655E+12,camembert
combino lidl,4.05649E+12,bio sauce tomate arrabbiata
jaouda,6.11124E+12,delicimo duo anans
franks,41500888200,red hot wings buffalo sauce
hacendado,8.48E+12,mantequilla
mulino bianco,8.07681E+12,mirtillini
aicha,6.11102E+12,tomate frito aicha 350 g
gastro mixte,6.11126E+12,mozza pizza
flora,8.7192E+12,flora
kissan,8.90103E+12,kissan fresh tomato
walkers,39047014473,shortbread highlanders
kissanunilever,8.90103E+12,kissan fresh tomato
maggi,8.44529E+12,maggi poule aux vermicelles 3x59g
aldi,4.06146E+12,light olive spread
doritos,3.16893E+12,paprika
hacendado,8.402E+12,mezcla de semillas
vivesoy,8.41013E+12,vivesoy avena original
pepsi,5.9422E+12,pepsi twist
pepsi,5.9422E+12,pepsi 05
milbona lidl,4.05649E+12,full fat soft cheese
lindahls pro,3.22802E+12,lindahls pro
emporium,4.06146E+12,extra mature cheese
aldi,4.06146E+12,greek style natural yogurt
artiach,8.43605E+12,marbu dorada 0 azucares anadidos
danone,3.03349E+12,cottage cheese
president,3.15525E+12,beurre tendre president
perrier,8.44529E+12,forever citron vert
marine,6.11126E+12,filet de sardines
nooco,6.11127E+12,nooco nougat cacahuetes
joker,3.12335E+12,1l orange bio ss pulpe joker
st michel,3.17853E+12,cocottes chocolat et graines bio
jordans,5.01048E+12,flocons davoine bio
harris harrys,3.22886E+12,mini brioches tressees
carrefour,3.56007E+12,crunchy toasts seigle complet  sesame
marque repere epi dor,3.5647E+12,pain de mie grandes tranches complet
andros,3.04532E+12,pomme morceaux sans sucre ajoute
charal,3.22706E+12,steack hache 15
soignon,3.52323E+12,yaourt chevre nature 0
st michel,3.17853E+12,galettes au bon beurre
president,3.22802E+12,camembert de campagne
carrefour bio carrefour,3.24541E+12,crackers espelta 3 semillas
intermarche premier prix,3.41028E+12,eau de source les chesnaux
maille unilever,8.7141E+12,maille vinaigrette legere aux 3 vinaigres pointe dorange 36cl
nestle la laitiere,3.02329E+12,la laitiere yaourts au lait entier panaches
picard,3.27016E+12,lasagnes legumes grilles mozzarella
carrefour,3.27019E+12,carottes rapees au jus de citron
carrefour biocarrefour,3.56007E+12,muesli 5 cereales nature
j favrichon,3.1119E+12,muesli proteine soja  fruits
toque du chef,20250454,pate brisee au beurre
les 2 vaches,3.66134E+12,fondant bio au cacao
antesite noirot,3.10985E+12,ultraconcentre reglisse menthe
u u bio,3.25622E+12,cereales corn flakes 375g
fromarsac savencia st moret,3.27277E+12,specialite fromagere au lait pasteurise  nature
nestle mix,7.61303E+12,nestle mix cereales 190g
panzani,3.03835E+12,le ravioli bolognaise sans conservateur
red bull,9.00249E+12,boisson energisante
benenuts,3.16893E+12,benenuts twinuts original
la fournee doree,3.58722E+12,la gache tranchee au sucre x 14 tranches
lu,5.41004E+12,pims fraise touche de fraise des bois
fairefrance,3.70082E+12,le lait equitable demiecreme
gavottes,3.5358E+12,pate a tartiner cacao noisette
ayam,9.55604E+12,lait de coco 200 ml ayam
maille,8.7121E+12,maille specialite moutarde fins gourmets pointe depices bocal
sondey,20147426,cookies aux pepites de chocolat
carrefourcarrefour veggie,3.56007E+12,vegetal nuggets ble
marque repere les croises,3.5647E+12,grana padano
findus,3.59974E+12,croquettes de poisson msc ail et fines herbes
maitre prunille,3.50249E+12,pruneaux dagen denoyautes
jacquet,3.02933E+12,pave complet 350g
carrefourcarrefour extra,3.56007E+12,noir noisettes entieres
petit navire,3.01908E+12,thon entier a lhuile de tournesol
marque repere eleclerc leclerc nustikao,3.5647E+12,pate a tartiner aux noisettes
mannapain,26025094,pain de mie farine complete sans croute
chabrior,3.25039E+12,flocons davoine complete bio 500g
carrefour,3.27019E+12,coeur complice
soignon,3.52323E+12,yaourt au lait de brebis 
activia activia yoghurt nature danone,3.03349E+12,activia bifidus nature 125 g x 16
recemment consomme,20593452,beurre gastronomique demi sel
envia,20842444,creme fleurette entiere octueuse 30
amora,3.25055E+12,amora moutarde condiment bocal 430g
saint alby,20021320,veritables rillettes du mans
isigny ste mere,3.25455E+12,creme disigny aop 35
nestle la laitiere,5.4101E+12,riz au lait vanille
st michel,3.17853E+12,madeleines moelleuses
granola lu,7.62221E+12,granola barre extra cookie
formule express picard,3.27016E+12,colin dalaska a la bordelaise et riz aux legumes
carrefour,3.56007E+12,pomme
sojade,3.27322E+12,specialite biologique fermentee au soja nature
poilane,3.66146E+12,quart de miche tranche et emballe
jardin bio,3.4563E+12,couscous poulet et curcuma
cfr fleurette yoplait,3.32977E+12,creme legere fluide a 15 de matieres grasses
sans marque,20427634,2 panes au colin dalaska msc
haagendazs,3.41558E+12,vanille
carrefour,3.56007E+12,tomato ketchup
paturages,3.25039E+12,emmental francais
ovomaltine,7.6121E+12,ovomaltine barres
bridelice,3.15525E+12,sauce bechamel
pure via,3.32976E+12,confiture dabricot
ekibiole pain des fleurs,3.38038E+12,special matin sarrasin fibre
marque repere nustikao,3.5647E+12,pate a tartiner
quaker,8.7104E+12,crunchy baked granola original
cocacola nestea,5.449E+12,nestea limon
clipper,5.02199E+12,the vert au citron bio x 20 sachets sans agrafe
poulain,3.66435E+12,poulain noir extra
lidl sondey,20627096,captain rondo gout vanille
picard,3.27016E+12,crevettessaintjacques et petites pates sauce au basilic
carrefour bio carrefour,3.56007E+12,mais
chabrior,3.25039E+12,gaufres fourrage au miel  bio
carrefour,3.56007E+12,lentilles corail top chrono
lutti,3.11674E+12,arlequin original
chovi,8.41042E+12,allioli
carrefour carrefour classic,3.56007E+12,tomates basilic
liebig,3.03681E+12,potiron et kiri
saint eloi,3.25039E+12,gazpacho brique 1l
rapso,9.00147E+12,rapsol
weihenstephan,4.00845E+12,hmilch 35
lu,5.41004E+12,centwafers
bio villagemarque repere,3.56471E+12,riz basmati bio
bahlsen brandt,4.0171E+12,hobbits kernig
hacendado,8.48E+12,salmon al natural
fairebel,5.42503E+12,lait fairebel
saint louis sucre saintlouis tutti free,3.22003E+12,208 morceaux blancs tutti free 290g
hacendado,8.48E+12,sweet corn
marque repere ptit deli,3.5647E+12,deli matin
jardin bio,3.4563E+12,puree de sesame bio
la boulangere,3.55607E+12,4 pains pita 320g
carrefour xtrem,3.56007E+12,crocks gout choconoisette
ferrero kinder,8.0005E+12,barre chocolatee kinder bueno chocolat au lait x5  215g
carrefour,3.56007E+12,confiture framboises
bien,3.70068E+12,pain lait bio nature x8 280g
ferrero tic tac,8.0005E+12,bonbons tic tac x110 pastilles menthe extra fraiche  54g
ethiquable,3.76009E+12,chocolat noir extra
bouton dor,3.25039E+12,huile dolive vierge extra
alnatura alnatura gmbh,4.10442E+12,dinkel gepufft
intermarche paquito,3.25039E+12,confiture extra de fraises
danettedanette moussedanone,3.03349E+12,danette mousse chocolat 60 g x 4
alnatura alnatura gmbh,4.10442E+12,schoko musli
monique ranou,3.25039E+12,coleslaw
ethiquable,3.76009E+12,chocolat noir orange confite
u,3.25622E+12,fromage nature au lait pasteurise 215 de mg 300g
kuchenzauber maitre jeanpierre,20399412,croissants hazelnut
milbona,20797867,bebida de soja 0 azucares anadidos
just loading,8.43659E+12,peanut butter
nakd,5.06009E+12,salted caramel bar
bio village marque repere,3.56471E+12,haricots verts extra fins coupes
marque repere natvie,3.56471E+12,pomme
carrefour,3.56007E+12,avoine
lotus,5.41013E+12,spekulatius creme
marque repere notre jardin,3.5647E+12,8 palets de legumes
vitador,4.05649E+12,huile de tournesol
wasa,7.3004E+12,knackebrot classic
gut bio,4.06146E+12,biohaferflocken vollkorn zart
saint eloi,3.25039E+12,riz basmati
bioster,3.76013E+12,moutarde de dijon
moulin de valdonne,3.27204E+12,sirop pecheabricot
mercadona,8.4149E+12,tradicional
corny schwartau,4.0118E+12,corny schokobanane 4011800523213 musliriegel
leicht  cross,4.0084E+12,brot mein knusperbrot roggen
paturages,3.25039E+12,ricotta
fine gourmande poulain,3.66435E+12,fine et gourmande lait francais
cocacola company,5.00011E+12,cocacola classic 2 liter
nongshim,8.80104E+12,shin kimchi
cvc capital partners continental foods liebig,3.03681E+12,veloute de cresson
heinz,8.7157E+12,curry mango sauce flacon 225 g
veloute veloute aux fruits veloute fruix,3.03349E+12,danone veloute fruix rouges 125 g x 8
liebig,3.03681E+12,veloute de poireaux et pommes de terre
milram,40466002,fruhlingsquark original
dorolina,3.701E+12,tortelloni ricotta epinards
hacendado,8.48E+12,bebida de arandanos y frutas rojas
les mousquetaires monique ranou selection des mousquetaires,3.25039E+12,rillettes poulet roti 220g massif trad
carrefour carrefour kids,3.27019E+12,kaomix
seeberger,4.00826E+12,amandes grillees
ww weight watchers,3.24883E+12,poulet basquaise riz et courgettes ww 300g
la cestera,4.05649E+12,tortillas de trigo
chabrior top budget,3.41028E+12,farine de ble t55 1kg
bambi,8.60004E+12,plazma
grain de sail,3.76023E+12,tablette de chocolat 85 de cacao
bridelice,3.15525E+12,sauce bechamel
toblerone,7.62221E+12,toblerone
bulk powders,5.06034E+12,crunchy peanut butter
lidl stiftung  co kg nixe,20350376,filets de maquereaux sauce tomate et basilic
chene dargent lidl,4.05649E+12,brie
i schroederkings crown,4.06146E+12,kidneybohnen verzehrfertig
sondey lidl,20816766,crunchy muesli cookies
primadonna,20032432,italian extra virgin olive oil
kuhlmannwonnemeyer,4.06146E+12,hummus  pikant
lactel,3.42827E+12,lactel
nocilla,8.41001E+12,o azucar
fuzetea,5.449E+12,broskev a ibisek
quellbrunn naturell aldi,42142195,wasser
schar,8.0087E+12,ciabatta
noa,4.05809E+12,hummus  natur
marie,3.16635E+12,hachis parmentier
italiamo,20669416,grissini sesamo
combino lidl,4.05649E+12,sauce tomate bio vegan bolognese style
ferrero nutella,8.0005E+12,nutella
zentis,4.00258E+12,erdnussbutter crunchy
milbona,20144326,yogurt
milbona,20575342,cheddar
carrefour classic,3.56007E+12,cacahuetes grillees salees
weetabix  conad,5.01003E+12,formelle frumento integr cvitamine e ferro
italiamo,20118174,olive verdi bella di cerignola in salomoia
rustica,3.56471E+12,ketchup
fleury michon,3.09575E+12,blanc de poulet  fume  halal
kelloggs,5.05932E+12,extra frutta e frutta secca
schogetten,4.00061E+12,schogetten alpine milk chocolate
bonduelle bondiuel,3.08368E+12,sweet corn
bonne maman,3.60858E+12,confiture myrtille et cassis intenses
lidl saveurs de nos regions,4.05649E+12,cancoillotte igp nature
saint alby,4.05649E+12,blanc de dinde 100 filet dore au four
brets,3.49792E+12,chips saveur sauce pommes frites
hacendado,8.48E+12,pudding sabor caramelo proteinas
2keep,8.71998E+12,protein bar double choco
kelloggs,5.05932E+12,kelloggs allbron natural
zuzu,5.94136E+12,lapte3518l
light  free,3.03349E+12,fromage blanc 0 fraise
san benedetto,8.00162E+12,acqua naturale
hacendado,8.48E+12,salsa piri piri
alesto lidl,4.05649E+12,protein mix mit nussen  sojabohnen
saveurs de nos regions,4.05649E+12,miel de lavande de provence
baresa,20163419,tomato passata
hamoud boualem,6.1307E+12,selecto hamoud boualem 2l
schar,8.0087E+12,gluten free pizza base 2 x 300g
heinz,1364008,tomato ketchup
evernat,3.39641E+12,douceur avoine sans sucre
hacendado,8.48E+12,8.48E+12
milbona,20002329,emmental milbona
toque du chef lidl,4.05649E+12,gnocchis aux pommes de terre
carrefour bio carrefour,3.56007E+12,coco sans sucres ajoutes
hertale bon paris,3.15423E+12,herta le bon paris jambon sel reduit x2 70g
herta le bon paris,3.15423E+12,herta le bon paris jambon fume x4  140g
rana,8.00167E+12,girasoli potiron  petits oignons grilles plaisir du primeux
auchan,3.24568E+12,pasta cao au cacao et noisettes
hacendado,8.48E+12,divertidas
galbusera,8.00219E+12,galbusera frollino vitagi alcalinizzante
milbona lidl,4.05649E+12,low fat greek style
jd gross lidl,4.05649E+12,mozartkugeln marzipan pralines
nestle,7.61329E+12,cheerios multigrain
walkers,51000640,french fries  ready salted
jamcal,8.43532E+12,jamon serrano
hacendado,8.48E+12,chili con carne
philadelphia,5.70042E+12,philadelphia light
bluedino,20588885,naeiazan kashkaval
linda mccartney,5.05605E+12,6 vegetarian lincolnshire sausages
freshona,20158651,buraczki wiorki
mighty pea,5.06067E+12,mighty pea unsweetened mlk
ribena,5.05427E+12,ribena no added sugar concentrated blackcurrant
go nuts,3.77001E+12,beurre de cacahuetes extra crunchy
quaker,5.00011E+12,oat granola raisin
freshona,4.05649E+12,ratatouille
planta fin,8.7192E+12,planta fin demisel
lurpak,5.7409E+12,spreadable lighter slightly salted
lidl,4.05649E+12,parmigiano reggiano
lindahls,3.02329E+12,kvarg vanilla
meridian,5.06013E+12,smooth almond butter
primadonna primadonna bio,4.05649E+12,olivenol
bonne maman,3.17853E+12,la pause chocolat
kirkland signature,96619104574,organic virgin coconut oil
freshona,20004248,weisse bohnen
unearthed,5.01029E+12,spanish potato omelette
hacendado,8.48E+12,salsa light
funnyfrisch,4.00359E+12,chipsfrisch peperoni
de cecco,8.00125E+12,nudeln conchiglie rigate ndeg50
joker,3.12335E+12,jus de fruit ace
hacendado,8.48E+12,pechuga pavo
tesco,5.00012E+12,water biscuits
nabiscoritz crackers,44000031114,ritz
saintsburys,358415,blueberries
les ptites tartines,3.58029E+12,pate a tartiner aux noisettes
verger gourmand,20239527,pommes avec morceaux
heinz,5.00016E+12,salad cream
ifri,6.13009E+12,ifri petillante
lidlmilbonasaviola,4.05649E+12,grana padano 16 mesi
essential waitrose,5.00017E+12,multi grain hoops
dr oetker cameo,8.003E+12,vitalis
dairy manor,20066062,british semiskimmed uht milk
fleury michon,3.30274E+12,allumettes de poulet
tilda british oakham chicken,5.01116E+12,tilda basmati rice
lidl,20952211,snaktastic lentil curls thai sweet chili
bounty mars,5.05636E+12,bounty secret centre biscuits
corny,4.0118E+12,haferkraft kakao  zero zuckerzusatz
kelloggs,50127504,fruit and fibre
rude health,5.06012E+12,honey spelt puffs
palma,6.1916E+12,eau minerale naturelle
maribel,4.05649E+12,confettura lampone light
aldi milsani molkerei gropper,4.06146E+12,milch
castello,5.76047E+12,castello creamy blue
bramwells,4.0886E+12,sweet pickle
florida crystals,75779311145,organic raw cane sugar
batchelors,5.00018E+12,minestrone with croutons
walkers,5.00033E+12,wortsits giants really cheesy
delphi,5.01881E+12,classic houmous
delice,6.19404E+12,beurre
lidl,4.05649E+12,sriracha chilli mayo sauce
skippy,37600106689,skippy smooth peanut butter
the collective,5.01407E+12,straight up  unsweetened yoghurt
old el paso,8.41008E+12,large tortillas
lidl,4.05649E+12,crunchy peanut butter
jiffy,72486002205,corn muffin mix
gullon,8.41038E+12,gullon  cinnamon crips imp
president,3.22802E+12,french slightly salted butter
isey skyr,5.69052E+12,isey skyr baked apples
tesco,5.05775E+12,quadruple strength apple and blackcurrant
dmbio dm dmbio dm,4.06645E+12,bio passata
u,3.25623E+12,snacks poppes lentilles pois casses et quinoa sachet 70g
innocent,5.03886E+12,smoothie mangoes passion fruits  apples
barber,5.00013E+12,cream crackers
smiths,5.00033E+12,smiths scampi  lemon snacks
melliti,6.194E+12,eau minerale naturelle
benecol,5.05594E+12,benecol
the heart of nature,5.06051E+12,seedlip slices x8
nestle,7.61304E+12,kitkat chunky
asda,5.05141E+12,white wraps
merci,3.25039E+12,beurre doux
danone,34361485756,hippo fraise
merchant gourmet,5.0181E+12,zingy koreanstyle grains
tesco,5.01837E+12,british lean beef steak mince 5 fat
dunns river,5.01239E+12,dunns river coconut milk
cadbury,96119341,dairy milk little bar
arla,7.31087E+12,lacto free cream
isigny saintemere,3.25455E+12,unpasteurised churned salted butter
kiddylicious,5.06004E+12,kiddylicious cheesy straws  saveur fromage  48g 4x12g
branston,5.06034E+12,piccalilli
bonduelle,3.08368E+12,croustis de legumes butternut potiron
u,3.25623E+12,cereales corn flakes 500g
marks and spencer,389327,organic salmon
tesco,10096376,ripe and ready avocados
sainsburys,1268478,italian chopped tomatoes 4 pack
sainsburys,659048,raisins
warburtons,5.01004E+12,warburtons fruit loaf with cinnamon  raisin
dawtona,328678,british mackerel fillets
nature valley,8.41008E+12,crunchy
hacendado,8.48E+12,mini bicote 100 integral
primal kitchen,8.63699E+11,mayo
sainsburys,255752,bocconcini mozzarella  sunblush cherry tomatoes
john west,5.00017E+12,sardiness sardines in olive oil
tria,6.11101E+12,spaghetti
hacendado,8.48E+12,nuez de brasil natural
allinsons,5.01582E+12,yeast easy bake sachets
giovanni rana,8.00167E+12,gnocchis tomato  mozzarella
bens original,5.41067E+12,long grain rice
jus,6.11124E+12,jutos
tipiak,3.1852E+12,croutons de pains croustillants
newgate,20995201,chicken stock cubes
trapa,8.41068E+12,chocolate con leche 0
tesco,5.00012E+12,ready salted crisps
panda,75172079246,panda liquorice
youngs youngs,5.00021E+12,gastro tempura battered 2 lemon  herb basa fillets
dmbio,4.06645E+12,olivenol
kerrygold,7.67707E+11,salted sweet cream butter
miso tasty,5.06037E+12,white miso
hubbards  aldi,1125214,peeled plum tomatoes
tilda,5.01116E+12,golden vegetable rice
organic mamia,4.0886E+12,carrot cake soft oaty bars
sultan,6.11107E+12,the vert en grain najma
nairns,6.12322E+11,nairns dark chocolate chip oat biscuits
swizzels,5.01048E+12,drumstick squashies
twinings sainsburys,70177067779,twinings tea
